사고번호,사고일시,요일,시군구,사고내용,사망자수,중상자수,경상자수,부상신고자수,사고유형,법규위반,노면상태,기상상태,도로형태,가해운전자 차종,가해운전자 성별,가해운전자 연령,가해운전자 상해정도,피해운전자 차종,피해운전자 성별,피해운전자 연령,피해운전자 상해정도
2018012300100022,2018년 1월 23일 01시,화요일,울산광역시 중구 태화동,중상사고,0,1,0,0,차대사람 - 횡단중,신호위반,건조,맑음,교차로 - 교차로안,승용,남,41세,상해없음,보행자,여,48세,중상
2018012300100023,2018년 1월 23일 01시,화요일,울산광역시 남구 삼산동,중상사고,0,1,0,0,차대사람 - 횡단중,안전운전불이행,건조,맑음,교차로 - 교차로횡단보도내,승용,남,59세,상해없음,보행자,남,37세,중상
2018012300100040,2018년 1월 23일 04시,화요일,울산광역시 남구 신정동,중상사고,0,1,0,0,차대사람 - 횡단중,안전운전불이행,건조,맑음,교차로 - 교차로횡단보도내,승용,남,33세,상해없음,보행자,남,68세,중상
2018012300100053,2018년 1월 23일 06시,화요일,울산광역시 북구 양정동,중상사고,0,1,0,0,차대차 - 측면충돌,안전운전불이행,건조,맑음,교차로 - 교차로안,이륜,남,24세,중상,승용,남,23세,상해없음
2018012300100143,2018년 1월 23일 09시,화요일,울산광역시 울주군 범서읍,중상사고,0,1,0,0,차대차 - 측면충돌,교차로운행방법위반,건조,맑음,교차로 - 교차로안,승용,여,38세,상해없음,승용,여,54세,중상
2018012300100187,2018년 1월 23일 10시,화요일,울산광역시 동구 화정동,경상사고,0,0,2,0,차대사람 - 기타,안전운전불이행,건조,맑음,단일로 - 기타,승용,여,46세,상해없음,보행자,여,47세,경상
2018012300100246,2018년 1월 23일 12시,화요일,울산광역시 중구 반구동,경상사고,0,0,1,0,차대사람 - 횡단중,보행자보호의무위반,건조,맑음,단일로 - 기타,승용,남,55세,상해없음,보행자,남,57세,경상
2018012300100278,2018년 1월 23일 13시,화요일,울산광역시 남구 상개동,경상사고,0,0,1,0,차대차 - 측면충돌,안전거리미확보,건조,맑음,단일로 - 기타,화물,남,55세,상해없음,승용,남,30세,경상
2018012300100344,2018년 1월 23일 15시,화요일,울산광역시 중구 약사동,경상사고,0,0,1,0,차량단독 - 공작물충돌,안전운전불이행,건조,맑음,단일로 - 지하차도(도로)내,승합,남,43세,상해없음,,,,
2018012300100407,2018년 1월 23일 17시,화요일,울산광역시 중구 학성동,경상사고,0,0,2,0,차대차 - 추돌,안전운전불이행,건조,맑음,단일로 - 기타,승용,남,61세,경상,화물,남,70세,상해없음
2018012300100408,2018년 1월 23일 17시,화요일,울산광역시 남구 여천동,사망사고,1,3,11,0,차대차 - 정면충돌,중앙선침범,건조,맑음,교차로 - 교차로부근,승용,남,52세,중상,승용,남,72세,사망
2018012300100409,2018년 1월 23일 17시,화요일,울산광역시 울주군 청량읍,중상사고,0,2,0,0,차대차 - 추돌,안전운전불이행,건조,맑음,교차로 - 교차로부근,승용,여,35세,상해없음,이륜,남,44세,중상
2018012300100474,2018년 1월 23일 19시,화요일,울산광역시 북구 산하동,중상사고,0,1,0,0,차대사람 - 기타,보행자보호의무위반,건조,맑음,교차로 - 교차로안,화물,남,54세,상해없음,보행자,여,51세,중상
2018012300100498,2018년 1월 23일 20시,화요일,울산광역시 남구 신정동,중상사고,0,1,0,0,차대사람 - 기타,안전운전불이행,건조,맑음,단일로 - 기타,승용,여,44세,상해없음,보행자,남,48세,중상
2018012300100543,2018년 1월 23일 21시,화요일,울산광역시 남구 달동,경상사고,0,0,1,0,차대사람 - 횡단중,보행자보호의무위반,건조,맑음,교차로 - 교차로부근,승용,여,59세,기타불명,보행자,여,22세,경상
2018012400100069,2018년 1월 24일 06시,수요일,울산광역시 동구 화정동,경상사고,0,0,1,0,차대차 - 기타,신호위반,건조,맑음,교차로 - 교차로안,기타불명,기타불명,미분류,기타불명,이륜,남,40세,경상
2018012400100082,2018년 1월 24일 07시,수요일,울산광역시 남구 삼산동,중상사고,0,1,0,0,차대차 - 측면충돌,안전운전불이행,건조,맑음,단일로 - 기타,승용,남,24세,상해없음,자전거,남,24세,중상
2018012400100083,2018년 1월 24일 07시,수요일,울산광역시 남구 야음동,경상사고,0,0,1,0,차대차 - 측면충돌,안전운전불이행,건조,맑음,단일로 - 기타,이륜,남,45세,경상,화물,남,43세,상해없음
2018012400100223,2018년 1월 24일 12시,수요일,울산광역시 북구 천곡동,중상사고,0,1,0,0,차대사람 - 횡단중,교차로운행방법위반,건조,맑음,교차로 - 교차로부근,승합,남,65세,상해없음,보행자,여,70세,중상
2018012400100258,2018년 1월 24일 13시,수요일,울산광역시 동구 전하동,경상사고,0,0,1,0,차대차 - 측면충돌,안전운전불이행,건조,맑음,교차로 - 교차로부근,승용,남,73세,상해없음,승합,남,31세,경상
2018012400100356,2018년 1월 24일 16시,수요일,울산광역시 동구 방어동,경상사고,0,0,1,0,차대차 - 측면충돌,안전운전불이행,건조,맑음,교차로 - 교차로안,승용,남,61세,상해없음,승용,여,51세,경상
2018012400100357,2018년 1월 24일 16시,수요일,울산광역시 울주군 범서읍,부상신고사고,0,0,0,2,차대사람 - 기타,보행자보호의무위반,건조,맑음,단일로 - 기타,특수,남,47세,상해없음,보행자,남,19세,부상신고
2018012400100398,2018년 1월 24일 17시,수요일,울산광역시 울주군 상북면,경상사고,0,0,1,0,차대차 - 정면충돌,안전운전불이행,건조,흐림,교차로 - 교차로안,화물,남,59세,상해없음,승용,여,40세,경상
2018012400100441,2018년 1월 24일 18시,수요일,울산광역시 북구 화봉동,경상사고,0,0,1,0,차대차 - 정면충돌,직진우회전진행방해,건조,맑음,교차로 - 교차로안,승용,여,50세,상해없음,이륜,남,35세,경상
2018012400100442,2018년 1월 24일 18시,수요일,울산광역시 남구 무거동,경상사고,0,0,1,0,차대차 - 측면충돌,안전운전불이행,건조,맑음,교차로 - 교차로안,화물,남,30세,상해없음,화물,남,40세,경상
2018012400100539,2018년 1월 24일 21시,수요일,울산광역시 북구 진장동,중상사고,0,1,0,0,차대차 - 측면충돌,신호위반,건조,맑음,단일로 - 기타,승용,남,40세,상해없음,이륜,남,47세,중상
2018012400100559,2018년 1월 24일 22시,수요일,울산광역시 남구 삼산동,경상사고,0,0,2,0,차대차 - 추돌,안전운전불이행,건조,맑음,교차로 - 교차로안,승용,남,49세,상해없음,승용,남,68세,경상
2018012500100071,2018년 1월 25일 07시,목요일,울산광역시 남구 신정동,경상사고,0,0,1,0,차대차 - 측면충돌,교차로운행방법위반,건조,맑음,교차로 - 교차로안,승용,남,27세,상해없음,승용,남,46세,경상
2018012500100072,2018년 1월 25일 07시,목요일,울산광역시 울주군 청량읍,부상신고사고,0,0,0,1,차대차 - 추돌,안전거리미확보,건조,맑음,교차로 - 교차로안,승용,남,36세,상해없음,승용,남,58세,부상신고
2018012500100184,2018년 1월 25일 11시,목요일,울산광역시 동구 서부동,경상사고,0,0,1,0,차대사람 - 기타,보행자보호의무위반,건조,맑음,교차로 - 교차로부근,승합,여,55세,기타불명,보행자,여,19세,경상
2018012500100185,2018년 1월 25일 11시,목요일,울산광역시 울주군 청량읍,중상사고,0,1,0,0,차대차 - 정면충돌,중앙선침범,건조,맑음,단일로 - 지하차도(도로)내,이륜,남,79세,중상,화물,남,58세,상해없음
2018012500100215,2018년 1월 25일 12시,목요일,울산광역시 북구 명촌동,경상사고,0,0,1,0,차대차 - 측면충돌,중앙선침범,건조,맑음,단일로 - 교량,승용,여,31세,상해없음,승용,여,51세,경상
2018012500100368,2018년 1월 25일 17시,목요일,울산광역시 동구 방어동,경상사고,0,0,1,0,차대사람 - 횡단중,보행자보호의무위반,건조,맑음,교차로 - 교차로부근,이륜,남,27세,상해없음,보행자,남,35세,경상
2018012500100417,2018년 1월 25일 18시,목요일,울산광역시 중구 옥교동,경상사고,0,0,1,0,차대차 - 기타,직진우회전진행방해,건조,맑음,교차로 - 교차로안,승용,여,61세,상해없음,이륜,남,31세,경상
2018012500100418,2018년 1월 25일 18시,목요일,울산광역시 남구 삼산동,경상사고,0,0,1,0,차대차 - 측면충돌,안전운전불이행,건조,맑음,단일로 - 기타,승용,남,37세,상해없음,승합,남,43세,경상
2018012500100554,2018년 1월 25일 23시,목요일,울산광역시 북구 연암동,경상사고,0,0,1,0,차대차 - 추돌,안전운전불이행,건조,맑음,교차로 - 교차로안,승용,남,33세,상해없음,승용,여,51세,경상
2018012500100555,2018년 1월 25일 23시,목요일,울산광역시 울주군 온산읍,경상사고,0,0,2,0,차대차 - 측면충돌,안전운전불이행,건조,맑음,교차로 - 교차로부근,이륜,남,18세,경상,승용,남,31세,경상
2018012600100018,2018년 1월 26일 00시,금요일,울산광역시 중구 성남동,중상사고,0,1,0,0,차대차 - 측면충돌,교차로운행방법위반,건조,맑음,교차로 - 교차로안,승용,남,59세,상해없음,자전거,남,58세,중상
2018012600100047,2018년 1월 26일 04시,금요일,울산광역시 남구 달동,중상사고,0,1,0,0,차대차 - 측면충돌,과속,건조,맑음,단일로 - 기타,승용,남,19세,상해없음,승용,남,51세,중상
2018012600100299,2018년 1월 26일 14시,금요일,울산광역시 중구 성남동,중상사고,0,1,0,0,차대사람 - 기타,안전운전불이행,건조,맑음,교차로 - 교차로안,승용,남,69세,상해없음,보행자,남,60세,중상
2018012600100332,2018년 1월 26일 15시,금요일,울산광역시 북구 진장동,중상사고,0,1,0,0,차대사람 - 차도통행중,안전운전불이행,건조,맑음,교차로 - 교차로부근,승용,여,54세,상해없음,보행자,여,77세,중상
2018012600100333,2018년 1월 26일 15시,금요일,울산광역시 남구 삼산동,경상사고,0,0,1,0,차대차 - 측면충돌,안전운전불이행,건조,맑음,단일로 - 기타,기타불명,남,56세,기타불명,승용,남,71세,상해없음
2018012600100546,2018년 1월 26일 20시,금요일,울산광역시 중구 북정동,경상사고,0,0,1,0,차대차 - 추돌,안전운전불이행,건조,맑음,단일로 - 고가도로위,승용,남,62세,상해없음,승합,여,44세,경상
2018012700100020,2018년 1월 27일 00시,토요일,울산광역시 남구 무거동,경상사고,0,0,1,0,차대차 - 추돌,안전운전불이행,건조,맑음,단일로 - 기타,승용,남,53세,상해없음,승용,남,47세,상해없음
2018012700100021,2018년 1월 27일 00시,토요일,울산광역시 남구 무거동,경상사고,0,0,1,0,차대차 - 정면충돌,안전운전불이행,건조,맑음,단일로 - 기타,이륜,남,45세,상해없음,승용,여,48세,경상
2018012700100079,2018년 1월 27일 05시,토요일,울산광역시 중구 서동,경상사고,0,0,1,0,차대차 - 추돌,안전운전불이행,건조,맑음,단일로 - 기타,승용,남,43세,상해없음,승용,남,63세,경상
2018012700100080,2018년 1월 27일 05시,토요일,울산광역시 남구 무거동,경상사고,0,0,1,0,차대사람 - 차도통행중,안전운전불이행,건조,맑음,단일로 - 교량,기타불명,기타불명,미분류,기타불명,보행자,여,57세,경상
2018012700100081,2018년 1월 27일 05시,토요일,울산광역시 동구 방어동,중상사고,0,1,0,0,차대차 - 측면충돌,안전운전불이행,건조,맑음,교차로 - 교차로부근,승용,남,37세,상해없음,승용,남,71세,중상
2018012700100092,2018년 1월 27일 06시,토요일,울산광역시 중구 서동,중상사고,0,1,0,0,차대사람 - 횡단중,신호위반,건조,맑음,교차로 - 교차로횡단보도내,화물,남,54세,상해없음,보행자,여,79세,중상
2018012700100105,2018년 1월 27일 07시,토요일,울산광역시 울주군 온산읍,중상사고,0,1,0,0,차대차 - 기타,안전운전불이행,건조,맑음,단일로 - 기타,승용,남,48세,상해없음,이륜,남,37세,중상
2018012700100122,2018년 1월 27일 08시,토요일,울산광역시 남구 신정동,경상사고,0,0,2,0,차대차 - 측면충돌,신호위반,건조,맑음,교차로 - 교차로부근,승용,남,41세,상해없음,승용,남,70세,경상
2018012700100240,2018년 1월 27일 12시,토요일,울산광역시 울주군 범서읍,경상사고,0,0,1,0,차대차 - 측면충돌,교차로운행방법위반,건조,맑음,단일로 - 기타,화물,남,48세,상해없음,화물,남,43세,경상
2018012700100327,2018년 1월 27일 15시,토요일,울산광역시 남구 무거동,중상사고,0,1,0,0,차대사람 - 횡단중,보행자보호의무위반,건조,맑음,단일로 - 기타,승용,남,28세,상해없음,보행자,여,63세,중상
2018012700100328,2018년 1월 27일 15시,토요일,울산광역시 북구 염포동,중상사고,0,1,0,0,차대차 - 기타,신호위반,건조,맑음,교차로 - 교차로안,승용,남,59세,상해없음,이륜,남,48세,중상
2018012700100329,2018년 1월 27일 15시,토요일,울산광역시 동구 방어동,경상사고,0,0,3,0,차대차 - 추돌,안전운전불이행,건조,맑음,교차로 - 교차로부근,승용,여,39세,경상,승용,남,32세,경상
2018012700100383,2018년 1월 27일 17시,토요일,울산광역시 북구 화봉동,경상사고,0,0,1,0,차대차 - 추돌,안전거리미확보,건조,맑음,단일로 - 기타,승용,남,57세,상해없음,승용,남,44세,경상
2018012700100384,2018년 1월 27일 17시,토요일,울산광역시 중구 성안동,경상사고,0,0,1,0,차대차 - 기타,안전운전불이행,건조,맑음,교차로 - 교차로안,이륜,남,27세,경상,화물,남,43세,상해없음
2018012800100019,2018년 1월 28일 00시,일요일,울산광역시 남구 달동,부상신고사고,0,0,0,1,차대사람 - 횡단중,보행자보호의무위반,건조,맑음,교차로 - 교차로부근,기타불명,기타불명,미분류,기타불명,보행자,남,27세,부상신고
2018012800100081,2018년 1월 28일 06시,일요일,울산광역시 북구 진장동,부상신고사고,0,0,0,1,차대차 - 정면충돌,안전운전불이행,건조,맑음,단일로 - 기타,기타불명,기타불명,미분류,기타불명,승용,남,35세,상해없음
2018012800100233,2018년 1월 28일 15시,일요일,울산광역시 울주군 범서읍,경상사고,0,0,3,0,차대차 - 추돌,안전거리미확보,건조,맑음,단일로 - 기타,승용,남,30세,상해없음,승용,남,49세,경상
2018012800100335,2018년 1월 28일 19시,일요일,울산광역시 중구 우정동,경상사고,0,0,3,0,차대차 - 추돌,안전운전불이행,건조,맑음,단일로 - 기타,승용,남,44세,상해없음,승용,남,58세,경상
2018012900100049,2018년 1월 29일 06시,월요일,울산광역시 북구 진장동,경상사고,0,0,1,0,차대차 - 기타,차로위반,건조,맑음,단일로 - 기타,기타불명,기타불명,미분류,기타불명,이륜,남,38세,경상
2018012900100083,2018년 1월 29일 07시,월요일,울산광역시 북구 양정동,중상사고,0,1,0,0,차대차 - 기타,안전거리미확보,건조,맑음,단일로 - 기타,승용,남,35세,상해없음,승용,남,23세,상해없음
2018012900100234,2018년 1월 29일 12시,월요일,울산광역시 동구 화정동,중상사고,0,1,0,0,차대차 - 기타,안전운전불이행,건조,맑음,단일로 - 기타,원동기,여,53세,상해없음,이륜,남,59세,중상
2018012900100320,2018년 1월 29일 15시,월요일,울산광역시 울주군 청량읍,중상사고,0,1,0,0,차대차 - 추돌,안전운전불이행,건조,맑음,단일로 - 기타,승용,남,34세,상해없음,승용,남,47세,중상
2018012900100338,2018년 1월 29일 15시,월요일,울산광역시 남구 신정동,경상사고,0,0,1,0,차대사람 - 횡단중,안전운전불이행,건조,맑음,교차로 - 교차로안,화물,남,46세,상해없음,보행자,여,67세,경상
2018012900100364,2018년 1월 29일 16시,월요일,울산광역시 동구 전하동,중상사고,0,1,0,0,차대차 - 기타,안전운전불이행,건조,맑음,단일로 - 기타,이륜,남,76세,중상,승용,남,54세,기타불명
2018012900100388,2018년 1월 29일 17시,월요일,울산광역시 북구 염포동,중상사고,0,1,0,0,차대차 - 기타,안전운전불이행,건조,맑음,단일로 - 기타,승합,남,69세,상해없음,이륜,남,29세,중상
2018012900100430,2018년 1월 29일 18시,월요일,울산광역시 중구 반구동,경상사고,0,0,1,0,차대차 - 측면충돌,안전운전불이행,건조,맑음,교차로 - 교차로횡단보도내,자전거,여,58세,경상,승용,남,59세,상해없음
2018012900100468,2018년 1월 29일 19시,월요일,울산광역시 북구 화봉동,경상사고,0,0,2,0,차대차 - 추돌,안전운전불이행,건조,맑음,단일로 - 기타,승용,여,41세,상해없음,승용,여,41세,경상
2018012900100469,2018년 1월 29일 19시,월요일,울산광역시 울주군 청량읍,중상사고,0,1,0,0,차대사람 - 기타,안전운전불이행,건조,맑음,단일로 - 기타,승용,여,58세,상해없음,보행자,남,61세,중상
2018012900100527,2018년 1월 29일 22시,월요일,울산광역시 남구 신정동,경상사고,0,0,2,0,차대차 - 측면충돌,안전운전불이행,건조,맑음,교차로 - 교차로부근,화물,남,54세,상해없음,승용,남,62세,경상
2018012900100541,2018년 1월 29일 23시,월요일,울산광역시 중구 우정동,중상사고,0,1,0,0,차대사람 - 횡단중,안전운전불이행,건조,맑음,단일로 - 기타,승용,남,24세,상해없음,보행자,남,51세,중상
2018013000100016,2018년 1월 30일 00시,화요일,울산광역시 중구 약사동,경상사고,0,0,2,0,차대차 - 측면충돌,교차로운행방법위반,건조,맑음,교차로 - 교차로안,승용,남,29세,상해없음,승용,남,25세,경상
2018013000100037,2018년 1월 30일 02시,화요일,울산광역시 북구 신천동,중상사고,0,1,2,0,차대차 - 추돌,안전운전불이행,건조,맑음,교차로 - 교차로부근,승용,남,26세,상해없음,승용,남,36세,경상
2018013000100059,2018년 1월 30일 05시,화요일,울산광역시 북구 진장동,경상사고,0,0,2,0,차대차 - 추돌,안전운전불이행,건조,맑음,단일로 - 고가도로위,승용,남,40세,상해없음,승용,남,60세,경상
2018013000100078,2018년 1월 30일 06시,화요일,울산광역시 남구 달동,경상사고,0,0,1,0,차대차 - 정면충돌,직진우회전진행방해,건조,맑음,교차로 - 교차로안,승용,남,65세,상해없음,자전거,남,70세,경상
2018013000100197,2018년 1월 30일 10시,화요일,울산광역시 울주군 언양읍,중상사고,0,1,0,0,차대사람 - 차도통행중,안전운전불이행,건조,맑음,단일로 - 기타,승합,여,49세,상해없음,보행자,남,62세,중상
2018013000100253,2018년 1월 30일 12시,화요일,울산광역시 중구 반구동,부상신고사고,0,0,0,1,차대차 - 측면충돌,안전운전불이행,건조,맑음,단일로 - 기타,이륜,남,47세,부상신고,승용,여,48세,상해없음
2018013000100254,2018년 1월 30일 12시,화요일,울산광역시 남구 달동,경상사고,0,0,2,0,차대차 - 측면충돌,안전운전불이행,건조,맑음,교차로 - 교차로안,승용,남,43세,상해없음,승용,남,26세,경상
2018013000100255,2018년 1월 30일 12시,화요일,울산광역시 남구 무거동,중상사고,0,1,0,0,차대차 - 측면충돌,교차로운행방법위반,건조,맑음,교차로 - 교차로안,승용,여,49세,상해없음,승용,남,48세,중상
2018013000100288,2018년 1월 30일 13시,화요일,울산광역시 남구 무거동,경상사고,0,0,1,0,차대차 - 측면충돌,교차로운행방법위반,건조,맑음,교차로 - 교차로안,화물,남,50세,상해없음,승용,여,59세,경상
2018013000100346,2018년 1월 30일 15시,화요일,울산광역시 남구 무거동,중상사고,0,1,0,0,차대차 - 측면충돌,직진우회전진행방해,건조,맑음,교차로 - 교차로안,승용,남,26세,상해없음,승용,여,33세,중상
2018013000100347,2018년 1월 30일 15시,화요일,울산광역시 남구 신정동,중상사고,0,1,0,0,차량단독 - 기타,기타,건조,맑음,단일로 - 기타,승합,남,54세,상해없음,,,,
2018013000100479,2018년 1월 30일 18시,화요일,울산광역시 중구 유곡동,중상사고,0,1,0,0,차대사람 - 횡단중,보행자보호의무위반,건조,맑음,교차로 - 교차로횡단보도내,승합,여,38세,상해없음,보행자,여,26세,중상
2018013000100480,2018년 1월 30일 18시,화요일,울산광역시 울주군 삼남면,중상사고,0,1,0,0,차대사람 - 횡단중,보행자보호의무위반,건조,맑음,교차로 - 교차로횡단보도내,승용,남,40세,상해없음,보행자,남,72세,중상
2018013000100566,2018년 1월 30일 20시,화요일,울산광역시 울주군 온산읍,중상사고,0,1,0,0,차대차 - 측면충돌,교차로운행방법위반,건조,맑음,교차로 - 교차로안,특수,남,48세,상해없음,승용,남,29세,중상
2018013000100567,2018년 1월 30일 20시,화요일,울산광역시 울주군 상북면,중상사고,0,1,0,0,차량단독 - 전도전복 - 전복,안전운전불이행,건조,맑음,단일로 - 지하차도(도로)내,승용,남,44세,중상,미분류,미분류,미분류,미분류
2018013100100052,2018년 1월 31일 04시,수요일,울산광역시 중구 태화동,사망사고,1,0,0,0,차대차 - 기타,안전운전불이행,건조,맑음,단일로 - 기타,승용,여,47세,사망,승합,남,60세,기타불명
2018013100100108,2018년 1월 31일 07시,수요일,울산광역시 북구 산하동,경상사고,0,0,1,0,차대차 - 측면충돌,직진우회전진행방해,건조,맑음,교차로 - 교차로안,승용,남,61세,상해없음,승용,여,34세,경상
2018013100100109,2018년 1월 31일 07시,수요일,울산광역시 울주군 온산읍,중상사고,0,1,0,0,차대차 - 측면충돌,안전운전불이행,건조,맑음,단일로 - 기타,이륜,남,28세,중상,승용,남,57세,상해없음
2018013100100158,2018년 1월 31일 08시,수요일,울산광역시 울주군 서생면,부상신고사고,0,0,0,1,차대차 - 측면충돌,신호위반,건조,맑음,교차로 - 교차로안,이륜,남,58세,부상신고,승용,여,49세,상해없음
2018013100100293,2018년 1월 31일 13시,수요일,울산광역시 중구 태화동,중상사고,0,2,0,0,차대차 - 정면충돌,중앙선침범,건조,맑음,단일로 - 기타,승용,여,31세,중상,승용,남,50세,중상
2018013100100451,2018년 1월 31일 18시,수요일,울산광역시 남구 신정동,중상사고,0,1,0,0,차대차 - 측면충돌,안전운전불이행,건조,맑음,교차로 - 교차로안,승용,남,51세,상해없음,이륜,남,43세,중상
2018013100100452,2018년 1월 31일 18시,수요일,울산광역시 남구 무거동,경상사고,0,0,1,0,차량단독 - 기타,안전운전불이행,건조,맑음,단일로 - 기타,승합,남,51세,상해없음,,,,
2018013100100453,2018년 1월 31일 18시,수요일,울산광역시 동구 방어동,중상사고,0,1,0,0,차대차 - 측면충돌,직진우회전진행방해,건조,맑음,교차로 - 교차로안,이륜,남,49세,상해없음,이륜,남,22세,중상
2018013100100500,2018년 1월 31일 19시,수요일,울산광역시 중구 남외동,경상사고,0,0,1,0,차대차 - 측면충돌,교차로운행방법위반,건조,맑음,교차로 - 교차로안,승용,남,32세,상해없음,자전거,남,55세,경상
2018013100100501,2018년 1월 31일 19시,수요일,울산광역시 중구 우정동,중상사고,0,1,0,0,차대차 - 측면충돌,신호위반,건조,맑음,교차로 - 교차로안,승용,여,24세,상해없음,이륜,남,37세,중상
2018013100100607,2018년 1월 31일 23시,수요일,울산광역시 북구 연암동,중상사고,0,1,0,0,차대차 - 측면충돌,중앙선침범,건조,맑음,단일로 - 기타,승합,남,57세,상해없음,승용,남,41세,중상
2018020100100045,2018년 2월 1일 03시,목요일,울산광역시 울주군 두서면,중상사고,0,1,0,1,차대차 - 추돌,안전운전불이행,건조,맑음,단일로 - 기타,승용,남,52세,부상신고,화물,남,62세,중상
2018020100100068,2018년 2월 1일 05시,목요일,울산광역시 울주군 웅촌면,경상사고,0,0,1,0,차량단독 - 공작물충돌,안전운전불이행,건조,맑음,단일로 - 기타,승용,남,34세,경상,,,,
2018020100100080,2018년 2월 1일 06시,목요일,울산광역시 남구 선암동,경상사고,0,0,1,0,차대사람 - 횡단중,신호위반,건조,맑음,교차로 - 교차로횡단보도내,기타불명,기타불명,미분류,기타불명,보행자,남,40세,경상
2018020100100146,2018년 2월 1일 08시,목요일,울산광역시 울주군 서생면,부상신고사고,0,0,0,1,차량단독 - 공작물충돌,안전운전불이행,건조,맑음,단일로 - 기타,화물,남,64세,상해없음,,,,
2018020100100191,2018년 2월 1일 09시,목요일,울산광역시 북구 호계동,중상사고,0,1,0,1,차대차 - 측면충돌,교차로운행방법위반,건조,맑음,교차로 - 교차로안,화물,남,36세,부상신고,승용,남,37세,중상
2018020100100358,2018년 2월 1일 14시,목요일,울산광역시 중구 다운동,중상사고,0,1,0,0,차대사람 - 기타,안전운전불이행,건조,맑음,단일로 - 기타,승합,남,42세,상해없음,보행자,남,57세,중상
2018020100100450,2018년 2월 1일 17시,목요일,울산광역시 동구 방어동,중상사고,0,1,0,0,차대사람 - 기타,보행자보호의무위반,건조,맑음,교차로 - 교차로횡단보도내,화물,남,56세,상해없음,보행자,남,57세,중상
2018020100100451,2018년 2월 1일 17시,목요일,울산광역시 동구 전하동,중상사고,0,1,0,0,차대사람 - 횡단중,보행자보호의무위반,젖음/습기,비,교차로 - 교차로횡단보도내,승합,남,47세,상해없음,보행자,남,10세,중상
2018020100100504,2018년 2월 1일 18시,목요일,울산광역시 동구 화정동,경상사고,0,0,1,0,차대사람 - 횡단중,안전운전불이행,건조,맑음,교차로 - 교차로부근,승용,여,36세,상해없음,보행자,여,32세,경상
2018020100100623,2018년 2월 1일 21시,목요일,울산광역시 남구 삼산동,경상사고,0,0,2,0,차대차 - 측면충돌,차로위반,건조,맑음,단일로 - 기타,승용,남,57세,상해없음,승용,여,23세,경상
2018020100100624,2018년 2월 1일 21시,목요일,울산광역시 남구 야음동,경상사고,0,0,1,0,차대차 - 측면충돌,신호위반,건조,맑음,교차로 - 교차로안,이륜,여,47세,상해없음,승용,남,48세,상해없음
2018020100100691,2018년 2월 1일 23시,목요일,울산광역시 북구 화봉동,경상사고,0,0,2,0,차대차 - 추돌,안전운전불이행,건조,맑음,단일로 - 기타,승용,남,36세,상해없음,승용,남,36세,경상
2018020100100692,2018년 2월 1일 23시,목요일,울산광역시 남구 무거동,중상사고,0,1,0,0,차대사람 - 횡단중,신호위반,건조,맑음,교차로 - 교차로안,화물,남,70세,상해없음,보행자,여,35세,중상
2018020200100105,2018년 2월 2일 07시,금요일,울산광역시 울주군 온산읍,경상사고,0,0,1,0,차대차 - 기타,기타,건조,맑음,단일로 - 기타,승용,남,52세,상해없음,승용,남,58세,경상
2018020200100154,2018년 2월 2일 08시,금요일,울산광역시 남구 상개동,경상사고,0,0,1,0,차대차 - 측면충돌,신호위반,건조,맑음,교차로 - 교차로안,승용,남,58세,상해없음,승용,여,30세,경상
2018020200100190,2018년 2월 2일 09시,금요일,울산광역시 남구 신정동,경상사고,0,0,2,0,차대차 - 기타,신호위반,기타,맑음,교차로 - 교차로안,원동기,남,24세,상해없음,승용,남,57세,경상
2018020200100294,2018년 2월 2일 13시,금요일,울산광역시 남구 달동,경상사고,0,0,1,0,차대차 - 기타,안전운전불이행,건조,맑음,교차로 - 교차로부근,기타불명,기타불명,미분류,기타불명,화물,남,44세,상해없음
2018020200100349,2018년 2월 2일 15시,금요일,울산광역시 울주군 언양읍,경상사고,0,0,2,0,차대차 - 측면충돌,안전거리미확보,건조,맑음,단일로 - 기타,승용,남,69세,경상,화물,남,51세,상해없음
2018020200100400,2018년 2월 2일 16시,금요일,울산광역시 남구 신정동,경상사고,0,0,1,0,차량단독 - 기타,기타,건조,맑음,단일로 - 기타,승합,남,48세,상해없음,,,,
2018020200100434,2018년 2월 2일 17시,금요일,울산광역시 남구 신정동,중상사고,0,1,0,0,차대차 - 측면충돌,중앙선침범,건조,맑음,교차로 - 교차로부근,화물,남,28세,상해없음,이륜,남,63세,중상
2018020200100435,2018년 2월 2일 17시,금요일,울산광역시 북구 양정동,중상사고,0,1,0,0,차대차 - 기타,기타,건조,맑음,단일로 - 기타,화물,남,34세,상해없음,이륜,남,60세,중상
2018020200100436,2018년 2월 2일 17시,금요일,울산광역시 울주군 온양읍,중상사고,0,1,1,0,차대차 - 정면충돌,중앙선침범,건조,맑음,단일로 - 지하차도(도로)내,승용,여,27세,경상,승용,여,57세,중상