사고번호,사고일시,요일,시군구,사고내용,사망자수,중상자수,경상자수,부상신고자수,사고유형,법규위반,노면상태,기상상태,도로형태,가해운전자 차종,가해운전자 성별,가해운전자 연령,가해운전자 상해정도,피해운전자 차종,피해운전자 성별,피해운전자 연령,피해운전자 상해정도
2018030800100105,2018년 3월 8일 06시,목요일,울산광역시 북구 양정동,중상사고,0,1,0,0,차대사람 - 횡단중,신호위반,젖음/습기,비,교차로 - 교차로부근,화물,남,60세,상해없음,보행자,남,40세,중상
2018030800100133,2018년 3월 8일 07시,목요일,울산광역시 동구 방어동,경상사고,0,0,1,0,차대차 - 기타,기타,건조,맑음,교차로 - 교차로부근,승용,남,54세,상해없음,이륜,남,35세,경상
2018030800100134,2018년 3월 8일 07시,목요일,울산광역시 동구 방어동,중상사고,0,1,0,0,차대차 - 기타,직진우회전진행방해,젖음/습기,비,교차로 - 교차로안,승용,남,60세,상해없음,이륜,남,28세,중상
2018030800100179,2018년 3월 8일 08시,목요일,울산광역시 남구 두왕동,경상사고,0,0,3,0,차대차 - 추돌,안전거리미확보,젖음/습기,비,교차로 - 교차로부근,특수,남,51세,상해없음,승용,남,25세,경상
2018030800100199,2018년 3월 8일 09시,목요일,울산광역시 중구 태화동,경상사고,0,0,3,0,차대차 - 측면충돌,교차로운행방법위반,젖음/습기,비,교차로 - 교차로안,승용,남,62세,경상,승용,남,46세,경상
2018030800100200,2018년 3월 8일 09시,목요일,울산광역시 동구 화정동,경상사고,0,0,1,0,차대사람 - 기타,안전운전불이행,젖음/습기,비,교차로 - 교차로부근,승용,남,52세,상해없음,보행자,여,75세,경상
2018030800100240,2018년 3월 8일 11시,목요일,울산광역시 울주군 청량읍,중상사고,0,1,0,0,차대차 - 측면충돌,신호위반,젖음/습기,흐림,교차로 - 교차로안,승용,남,55세,상해없음,화물,남,63세,중상
2018030800100292,2018년 3월 8일 13시,목요일,울산광역시 남구 달동,경상사고,0,0,1,0,차대차 - 측면충돌,직진우회전진행방해,젖음/습기,비,교차로 - 교차로안,승용,여,32세,상해없음,이륜,남,34세,경상
2018030800100440,2018년 3월 8일 19시,목요일,울산광역시 중구 성안동,경상사고,0,0,1,0,차대차 - 추돌,안전운전불이행,젖음/습기,흐림,단일로 - 기타,승용,여,36세,상해없음,승용,여,45세,경상
2018030800100469,2018년 3월 8일 20시,목요일,울산광역시 북구 연암동,경상사고,0,0,1,0,차대차 - 측면충돌,안전거리미확보,건조,맑음,단일로 - 지하차도(도로)내,승용,남,47세,상해없음,승용,남,57세,상해없음
2018030800100519,2018년 3월 8일 22시,목요일,울산광역시 남구 신정동,경상사고,0,0,1,0,차대사람 - 횡단중,안전운전불이행,건조,맑음,단일로 - 기타,승용,여,53세,상해없음,보행자,남,54세,경상
2018030800100541,2018년 3월 8일 23시,목요일,울산광역시 남구 무거동,경상사고,0,0,1,0,차대차 - 측면충돌,신호위반,건조,맑음,교차로 - 교차로안,승용,여,22세,상해없음,승용,남,60세,경상
2018030900100097,2018년 3월 9일 07시,금요일,울산광역시 북구 명촌동,경상사고,0,0,1,0,차대차 - 측면충돌,신호위반,건조,맑음,교차로 - 교차로안,승용,여,52세,상해없음,승용,여,33세,경상
2018030900100098,2018년 3월 9일 07시,금요일,울산광역시 울주군 온산읍,경상사고,0,0,1,0,차대차 - 측면충돌,중앙선침범,건조,맑음,기타 - 기타,승용,남,52세,상해없음,승용,남,29세,경상
2018030900100211,2018년 3월 9일 13시,금요일,울산광역시 북구 신천동,경상사고,0,0,1,0,차대차 - 기타,교차로운행방법위반,건조,맑음,교차로 - 교차로안,특수,남,29세,상해없음,승용,남,42세,경상
2018030900100212,2018년 3월 9일 13시,금요일,울산광역시 남구 달동,중상사고,0,1,0,0,차대차 - 기타,안전거리미확보,젖음/습기,흐림,교차로 - 교차로부근,화물,남,59세,상해없음,승용,여,32세,중상
2018030900100269,2018년 3월 9일 15시,금요일,울산광역시 동구 방어동,중상사고,0,1,0,0,차대차 - 측면충돌,안전운전불이행,건조,맑음,단일로 - 기타,승용,남,71세,상해없음,이륜,남,66세,중상
2018030900100299,2018년 3월 9일 16시,금요일,울산광역시 울주군 두동면,중상사고,0,1,0,0,차대차 - 기타,중앙선침범,건조,맑음,단일로 - 기타,이륜,남,41세,중상,승용,남,62세,상해없음
2018030900100329,2018년 3월 9일 17시,금요일,울산광역시 중구 유곡동,중상사고,0,1,0,0,차량단독 - 도로외이탈 - 기타,기타,건조,맑음,단일로 - 기타,승합,남,47세,상해없음,,,,
2018030900100330,2018년 3월 9일 17시,금요일,울산광역시 울주군 온양읍,경상사고,0,0,1,0,차대차 - 측면충돌,교차로운행방법위반,건조,맑음,교차로 - 교차로안,승합,여,39세,상해없음,원동기,남,19세,경상
2018030900100359,2018년 3월 9일 18시,금요일,울산광역시 울주군 상북면,경상사고,0,0,1,0,차대차 - 측면충돌,중앙선침범,건조,맑음,단일로 - 기타,승용,남,61세,상해없음,승용,여,49세,경상
2018030900100406,2018년 3월 9일 19시,금요일,울산광역시 중구 옥교동,경상사고,0,0,1,0,차대사람 - 횡단중,보행자보호의무위반,건조,맑음,교차로 - 교차로횡단보도내,승용,남,41세,상해없음,보행자,남,77세,경상
2018030900100429,2018년 3월 9일 20시,금요일,울산광역시 동구 방어동,경상사고,0,0,1,0,차대차 - 측면충돌,안전운전불이행,건조,맑음,교차로 - 교차로안,승용,남,52세,상해없음,이륜,남,47세,경상
2018030900100465,2018년 3월 9일 21시,금요일,울산광역시 중구 태화동,중상사고,0,1,0,0,차대사람 - 횡단중,안전운전불이행,건조,맑음,교차로 - 교차로부근,화물,남,52세,상해없음,보행자,남,15세,중상
2018030900100466,2018년 3월 9일 21시,금요일,울산광역시 남구 신정동,부상신고사고,0,0,0,1,차대차 - 측면충돌,직진우회전진행방해,건조,맑음,교차로 - 교차로안,승용,남,58세,상해없음,이륜,남,30세,부상신고
2018030900100467,2018년 3월 9일 21시,금요일,울산광역시 동구 일산동,경상사고,0,0,1,0,차대차 - 측면충돌,직진우회전진행방해,건조,맑음,교차로 - 교차로안,승용,남,69세,상해없음,이륜,남,24세,경상
2018030900100506,2018년 3월 9일 22시,금요일,울산광역시 동구 주전동,경상사고,0,0,1,0,차량단독 - 공작물충돌,안전운전불이행,건조,맑음,단일로 - 기타,화물,남,54세,경상,,,,
2018030900100532,2018년 3월 9일 23시,금요일,울산광역시 북구 화봉동,사망사고,1,0,0,0,차량단독 - 공작물충돌,안전운전불이행,건조,맑음,교차로 - 교차로안,화물,남,49세,사망,,,,
2018031000100062,2018년 3월 10일 02시,토요일,울산광역시 남구 삼산동,경상사고,0,0,1,0,차대차 - 추돌,안전운전불이행,건조,맑음,교차로 - 교차로부근,승용,남,21세,상해없음,승용,여,26세,경상
2018031000100112,2018년 3월 10일 06시,토요일,울산광역시 울주군 두동면,경상사고,0,0,2,0,차대사람 - 길가장자리구역통행중,안전운전불이행,건조,맑음,단일로 - 기타,화물,남,77세,상해없음,보행자,남,67세,경상
2018031000100165,2018년 3월 10일 09시,토요일,울산광역시 북구 연암동,부상신고사고,0,0,0,1,차대차 - 측면충돌,안전운전불이행,건조,맑음,단일로 - 기타,승용,남,59세,부상신고,승용,남,51세,기타불명
2018031000100166,2018년 3월 10일 09시,토요일,울산광역시 남구 삼산동,경상사고,0,0,1,0,차대차 - 추돌,안전운전불이행,건조,맑음,교차로 - 교차로안,승용,남,38세,상해없음,승용,남,44세,경상
2018031000100331,2018년 3월 10일 15시,토요일,울산광역시 북구 연암동,경상사고,0,0,1,0,차대사람 - 횡단중,보행자보호의무위반,건조,맑음,교차로 - 교차로횡단보도내,승용,남,35세,상해없음,보행자,여,63세,경상
2018031000100389,2018년 3월 10일 17시,토요일,울산광역시 남구 무거동,경상사고,0,0,1,0,차대차 - 기타,안전운전불이행,건조,맑음,기타 - 기타,승용,남,28세,상해없음,승합,남,43세,상해없음
2018031000100492,2018년 3월 10일 20시,토요일,울산광역시 울주군 온양읍,경상사고,0,0,1,0,차대사람 - 횡단중,보행자보호의무위반,건조,맑음,단일로 - 기타,화물,남,58세,상해없음,보행자,남,57세,경상
2018031100100110,2018년 3월 11일 09시,일요일,울산광역시 북구 중산동,경상사고,0,0,1,0,차대차 - 추돌,안전운전불이행,건조,맑음,교차로 - 교차로부근,승용,남,32세,상해없음,승용,여,57세,경상
2018031100100111,2018년 3월 11일 09시,일요일,울산광역시 울주군 범서읍,중상사고,0,1,1,0,차대차 - 측면충돌,직진우회전진행방해,건조,맑음,교차로 - 교차로부근,승용,남,64세,상해없음,승용,남,61세,경상
2018031100100128,2018년 3월 11일 10시,일요일,울산광역시 북구 명촌동,중상사고,0,1,0,0,차대사람 - 기타,안전운전불이행,건조,맑음,기타 - 기타,자전거,남,8세,상해없음,보행자,여,76세,중상
2018031100100243,2018년 3월 11일 15시,일요일,울산광역시 울주군 언양읍,경상사고,0,0,1,0,차대사람 - 기타,보행자보호의무위반,건조,맑음,단일로 - 기타,승용,남,63세,상해없음,보행자,남,12세,경상
2018031100100307,2018년 3월 11일 17시,일요일,울산광역시 중구 반구동,경상사고,0,0,2,0,차대사람 - 차도통행중,안전운전불이행,건조,맑음,단일로 - 기타,자전거,남,57세,경상,보행자,남,53세,경상
2018031100100333,2018년 3월 11일 18시,일요일,울산광역시 중구 성안동,경상사고,0,0,1,0,차대사람 - 횡단중,안전운전불이행,건조,맑음,단일로 - 기타,승용,남,63세,상해없음,보행자,남,13세,경상
2018031100100364,2018년 3월 11일 19시,일요일,울산광역시 중구 반구동,경상사고,0,0,1,0,차대사람 - 보도통행중,기타,건조,맑음,단일로 - 기타,승용,남,44세,상해없음,보행자,여,61세,경상
2018031100100418,2018년 3월 11일 22시,일요일,울산광역시 울주군 온양읍,부상신고사고,0,0,0,1,차대사람 - 기타,안전운전불이행,건조,맑음,기타 - 기타,기타불명,기타불명,미분류,기타불명,보행자,여,23세,부상신고
2018031100100427,2018년 3월 11일 23시,일요일,울산광역시 중구 우정동,부상신고사고,0,0,0,1,차대차 - 측면충돌,안전운전불이행,건조,맑음,단일로 - 기타,승용,남,50세,부상신고,승용,남,29세,기타불명
2018031200100036,2018년 3월 12일 05시,월요일,울산광역시 남구 삼산동,부상신고사고,0,0,0,1,차대사람 - 횡단중,안전운전불이행,건조,맑음,교차로 - 교차로부근,승용,남,49세,상해없음,보행자,남,49세,부상신고
2018031200100068,2018년 3월 12일 07시,월요일,울산광역시 중구 학성동,경상사고,0,0,1,0,차대차 - 기타,안전운전불이행,건조,맑음,교차로 - 교차로부근,승용,여,60세,상해없음,자전거,남,68세,경상
2018031200100107,2018년 3월 12일 08시,월요일,울산광역시 북구 호계동,중상사고,0,1,0,0,차대차 - 정면충돌,신호위반,건조,맑음,교차로 - 교차로안,승용,여,57세,상해없음,승용,남,51세,중상
2018031200100145,2018년 3월 12일 09시,월요일,울산광역시 북구 진장동,경상사고,0,0,1,0,차대차 - 측면충돌,안전운전불이행,건조,맑음,교차로 - 교차로부근,화물,남,64세,상해없음,화물,남,37세,경상
2018031200100146,2018년 3월 12일 09시,월요일,울산광역시 북구 진장동,중상사고,0,1,0,0,차대차 - 추돌,안전운전불이행,건조,맑음,단일로 - 기타,화물,남,53세,상해없음,승용,여,64세,중상
2018031200100262,2018년 3월 12일 13시,월요일,울산광역시 중구 성남동,경상사고,0,0,2,0,차대차 - 측면충돌,교차로운행방법위반,건조,맑음,교차로 - 교차로안,승용,남,29세,상해없음,승용,여,52세,경상
2018031200100291,2018년 3월 12일 14시,월요일,울산광역시 남구 야음동,경상사고,0,0,1,0,차대차 - 측면충돌,안전운전불이행,건조,맑음,단일로 - 기타,승용,남,64세,상해없음,승용,여,33세,경상
2018031200100403,2018년 3월 12일 17시,월요일,울산광역시 동구 서부동,중상사고,0,1,0,0,차대사람 - 횡단중,안전운전불이행,건조,맑음,단일로 - 기타,이륜,남,52세,상해없음,보행자,여,54세,중상
2018031200100436,2018년 3월 12일 18시,월요일,울산광역시 동구 서부동,경상사고,0,0,1,0,차량단독 - 기타,안전운전불이행,건조,맑음,단일로 - 기타,승합,남,49세,상해없음,,,,
2018031200100490,2018년 3월 12일 20시,월요일,울산광역시 남구 삼산동,경상사고,0,0,1,0,차대사람 - 횡단중,안전운전불이행,건조,맑음,교차로 - 교차로안,승용,여,31세,상해없음,보행자,남,46세,경상
2018031200100491,2018년 3월 12일 20시,월요일,울산광역시 울주군 웅촌면,사망사고,1,0,0,0,차대사람 - 횡단중,안전운전불이행,건조,맑음,교차로 - 교차로부근,승용,남,50세,상해없음,보행자,남,78세,사망
2018031200100539,2018년 3월 12일 22시,월요일,울산광역시 북구 호계동,경상사고,0,0,1,0,차대차 - 측면충돌,교차로운행방법위반,건조,맑음,교차로 - 교차로안,승용,남,65세,상해없음,이륜,남,28세,경상
2018031200100561,2018년 3월 12일 23시,월요일,울산광역시 북구 천곡동,부상신고사고,0,0,0,1,차대차 - 추돌,안전운전불이행,건조,맑음,교차로 - 교차로안,승용,남,38세,부상신고,승용,남,26세,상해없음
2018031200100562,2018년 3월 12일 23시,월요일,울산광역시 중구 태화동,경상사고,0,0,2,0,차대차 - 측면충돌,안전운전불이행,건조,맑음,교차로 - 교차로안,화물,남,55세,상해없음,화물,남,56세,경상
2018031300100019,2018년 3월 13일 01시,화요일,울산광역시 울주군 온양읍,경상사고,0,0,1,0,차대차 - 정면충돌,안전거리미확보,건조,맑음,교차로 - 교차로부근,승용,남,26세,상해없음,승용,남,37세,경상
2018031300100051,2018년 3월 13일 06시,화요일,울산광역시 울주군 온양읍,중상사고,0,1,1,0,차대차 - 측면충돌,교차로운행방법위반,건조,맑음,교차로 - 교차로안,승용,남,64세,상해없음,승용,남,40세,경상
2018031300100071,2018년 3월 13일 07시,화요일,울산광역시 남구 선암동,경상사고,0,0,1,0,차대차 - 측면충돌,신호위반,건조,맑음,교차로 - 교차로안,승합,남,48세,상해없음,승용,남,27세,경상
2018031300100072,2018년 3월 13일 07시,화요일,울산광역시 남구 무거동,경상사고,0,0,2,0,차대차 - 측면충돌,안전운전불이행,건조,맑음,단일로 - 기타,승용,남,63세,경상,승용,남,46세,경상
2018031300100073,2018년 3월 13일 07시,화요일,울산광역시 동구 일산동,경상사고,0,0,1,0,차대사람 - 차도통행중,안전운전불이행,건조,맑음,교차로 - 교차로안,승용,남,38세,상해없음,보행자,남,68세,경상
2018031300100074,2018년 3월 13일 07시,화요일,울산광역시 울주군 온산읍,중상사고,0,1,0,0,차대차 - 측면충돌,교차로운행방법위반,건조,맑음,교차로 - 교차로안,이륜,남,58세,중상,특수,남,60세,상해없음
2018031300100117,2018년 3월 13일 08시,화요일,울산광역시 남구 무거동,중상사고,0,1,0,0,차대사람 - 횡단중,안전운전불이행,건조,맑음,단일로 - 기타,승용,여,34세,상해없음,보행자,남,11세,중상
2018031300100165,2018년 3월 13일 10시,화요일,울산광역시 남구 달동,부상신고사고,0,0,0,1,차대차 - 기타,안전운전불이행,건조,맑음,교차로 - 교차로안,승용,여,57세,부상신고,승용,남,31세,상해없음
2018031300100245,2018년 3월 13일 13시,화요일,울산광역시 중구 태화동,중상사고,0,1,0,0,차대차 - 측면충돌,교차로운행방법위반,건조,맑음,교차로 - 교차로안,이륜,남,40세,중상,승용,여,59세,상해없음
2018031300100246,2018년 3월 13일 13시,화요일,울산광역시 울주군 온양읍,경상사고,0,0,1,0,차량단독 - 공작물충돌,안전운전불이행,건조,맑음,단일로 - 기타,승용,여,30세,경상,,,,
2018031300100306,2018년 3월 13일 15시,화요일,울산광역시 동구 전하동,중상사고,0,1,1,0,차대사람 - 기타,안전운전불이행,건조,맑음,단일로 - 기타,승용,남,18세,상해없음,보행자,여,58세,중상
2018031300100353,2018년 3월 13일 16시,화요일,울산광역시 중구 우정동,경상사고,0,0,2,0,차대차 - 측면충돌,교차로운행방법위반,건조,맑음,교차로 - 교차로안,승용,여,47세,경상,승용,여,39세,경상
2018031300100354,2018년 3월 13일 16시,화요일,울산광역시 남구 부곡동,중상사고,0,2,0,0,차대차 - 측면충돌,신호위반,건조,맑음,교차로 - 교차로안,특수,남,62세,상해없음,승용,남,27세,중상
2018031300100394,2018년 3월 13일 17시,화요일,울산광역시 북구 진장동,경상사고,0,0,1,0,차대차 - 기타,안전거리미확보,건조,맑음,단일로 - 기타,승용,남,69세,상해없음,승용,남,62세,경상
2018031300100431,2018년 3월 13일 18시,화요일,울산광역시 동구 방어동,중상사고,0,1,0,0,차대사람 - 횡단중,안전운전불이행,건조,맑음,단일로 - 기타,승합,남,58세,상해없음,보행자,남,4세,중상
2018031300100475,2018년 3월 13일 19시,화요일,울산광역시 남구 신정동,중상사고,0,1,0,0,차대사람 - 횡단중,보행자보호의무위반,건조,맑음,교차로 - 교차로안,화물,남,47세,상해없음,보행자,여,38세,중상
2018031300100506,2018년 3월 13일 20시,화요일,울산광역시 남구 신정동,경상사고,0,0,1,0,차대차 - 측면충돌,차로위반,건조,맑음,교차로 - 교차로부근,승용,여,54세,상해없음,승용,여,64세,경상
2018031300100531,2018년 3월 13일 21시,화요일,울산광역시 북구 호계동,중상사고,0,2,2,0,차대차 - 추돌,안전운전불이행,건조,맑음,단일로 - 기타,승용,여,55세,상해없음,승용,남,43세,경상
2018031300100558,2018년 3월 13일 22시,화요일,울산광역시 남구 신정동,부상신고사고,0,0,0,1,차량단독 - 전도전복 - 전도,안전운전불이행,건조,맑음,단일로 - 기타,이륜,여,52세,부상신고,미분류,미분류,미분류,미분류
2018031300100575,2018년 3월 13일 23시,화요일,울산광역시 남구 야음동,중상사고,0,1,0,0,차대차 - 추돌,차로위반,건조,맑음,단일로 - 기타,이륜,남,65세,중상,승용,남,23세,상해없음
2018031400100130,2018년 3월 14일 08시,수요일,울산광역시 중구 남외동,경상사고,0,0,1,0,차대차 - 측면충돌,안전운전불이행,건조,맑음,교차로 - 교차로안,승용,여,43세,상해없음,승용,여,32세,경상
2018031400100243,2018년 3월 14일 12시,수요일,울산광역시 동구 화정동,중상사고,0,1,0,0,차대사람 - 기타,안전운전불이행,건조,맑음,교차로 - 교차로부근,화물,남,49세,상해없음,보행자,여,84세,중상
2018031400100311,2018년 3월 14일 14시,수요일,울산광역시 울주군 서생면,부상신고사고,0,0,0,1,차대차 - 측면충돌,안전운전불이행,건조,맑음,교차로 - 교차로부근,농기계,남,82세,부상신고,화물,남,69세,상해없음
2018031400100389,2018년 3월 14일 16시,수요일,울산광역시 중구 성남동,경상사고,0,0,1,1,차대사람 - 차도통행중,안전운전불이행,건조,맑음,단일로 - 기타,자전거,남,77세,부상신고,보행자,여,59세,경상
2018031400100390,2018년 3월 14일 16시,수요일,울산광역시 남구 옥동,경상사고,0,0,1,0,차대사람 - 길가장자리구역통행중,안전운전불이행,건조,맑음,단일로 - 기타,승용,여,53세,상해없음,보행자,남,14세,경상
2018031400100391,2018년 3월 14일 16시,수요일,울산광역시 동구 전하동,경상사고,0,0,1,0,차대차 - 측면충돌,직진우회전진행방해,건조,맑음,교차로 - 교차로안,승용,여,55세,상해없음,승용,여,20세,경상
2018031400100583,2018년 3월 14일 21시,수요일,울산광역시 남구 신정동,경상사고,0,0,3,0,차대차 - 추돌,안전운전불이행,건조,맑음,단일로 - 기타,승용,남,31세,상해없음,승용,남,30세,경상
2018031400100584,2018년 3월 14일 21시,수요일,울산광역시 울주군 온산읍,중상사고,0,1,0,0,차대차 - 측면충돌,안전거리미확보,건조,맑음,단일로 - 기타,승용,남,50세,상해없음,이륜,남,52세,중상
2018031400100635,2018년 3월 14일 23시,수요일,울산광역시 울주군 청량읍,경상사고,0,0,1,0,차대차 - 측면충돌,교차로운행방법위반,건조,맑음,교차로 - 교차로안,승용,남,63세,경상,승합,남,48세,상해없음
2018031500100026,2018년 3월 15일 01시,목요일,울산광역시 울주군 언양읍,부상신고사고,0,0,0,1,차량단독 - 전도전복 - 전도,안전운전불이행,건조,맑음,교차로 - 교차로부근,이륜,남,35세,부상신고,미분류,미분류,미분류,미분류
2018031500100077,2018년 3월 15일 06시,목요일,울산광역시 동구 방어동,중상사고,0,1,0,0,차대차 - 측면충돌,안전거리미확보,건조,맑음,단일로 - 기타,승용,남,58세,상해없음,이륜,남,56세,중상
2018031500100078,2018년 3월 15일 06시,목요일,울산광역시 북구 양정동,경상사고,0,0,2,0,차대차 - 추돌,안전운전불이행,건조,맑음,단일로 - 기타,승용,남,28세,상해없음,승용,남,58세,경상
2018031500100152,2018년 3월 15일 08시,목요일,울산광역시 북구 호계동,중상사고,0,1,0,0,차대차 - 측면충돌,직진우회전진행방해,건조,맑음,교차로 - 교차로안,승용,여,37세,상해없음,자전거,남,74세,중상
2018031500100186,2018년 3월 15일 09시,목요일,울산광역시 울주군 청량읍,중상사고,0,1,1,0,차대차 - 정면충돌,중앙선침범,젖음/습기,비,교차로 - 교차로부근,승용,남,47세,상해없음,승용,남,49세,중상
2018031500100251,2018년 3월 15일 11시,목요일,울산광역시 남구 옥동,경상사고,0,0,1,0,차대차 - 측면충돌,직진우회전진행방해,젖음/습기,비,교차로 - 교차로안,승용,남,59세,상해없음,승용,여,57세,경상
2018031500100305,2018년 3월 15일 13시,목요일,울산광역시 동구 주전동,경상사고,0,0,1,0,차대차 - 정면충돌,중앙선침범,젖음/습기,비,단일로 - 기타,승용,남,52세,상해없음,승용,여,30세,경상
2018031500100465,2018년 3월 15일 18시,목요일,울산광역시 중구 교동,경상사고,0,0,1,0,차대차 - 기타,교차로운행방법위반,젖음/습기,비,교차로 - 교차로안,승용,남,57세,상해없음,이륜,남,37세,경상
2018031500100466,2018년 3월 15일 18시,목요일,울산광역시 남구 달동,경상사고,0,0,1,0,차대차 - 측면충돌,안전운전불이행,젖음/습기,흐림,교차로 - 교차로안,승용,남,68세,상해없음,승용,남,54세,경상
2018031500100514,2018년 3월 15일 19시,목요일,울산광역시 중구 반구동,경상사고,0,0,1,0,차대차 - 측면충돌,차로위반,건조,맑음,단일로 - 기타,승용,여,38세,상해없음,이륜,남,37세,경상
2018031500100575,2018년 3월 15일 21시,목요일,울산광역시 남구 달동,중상사고,0,1,0,0,차대사람 - 횡단중,과속,젖음/습기,흐림,단일로 - 기타,승용,남,65세,상해없음,보행자,남,56세,중상
2018031500100633,2018년 3월 15일 23시,목요일,울산광역시 북구 연암동,사망사고,1,0,0,0,차대사람 - 기타,안전운전불이행,젖음/습기,비,단일로 - 기타,승용,남,23세,상해없음,보행자,남,47세,사망
2018031500100634,2018년 3월 15일 23시,목요일,울산광역시 중구 복산동,경상사고,0,0,1,1,차대차 - 추돌,안전운전불이행,젖음/습기,비,단일로 - 기타,승용,남,28세,부상신고,승용,남,27세,경상
2018031500100635,2018년 3월 15일 23시,목요일,울산광역시 울주군 온양읍,경상사고,0,0,1,0,차대차 - 측면충돌,교차로운행방법위반,젖음/습기,비,교차로 - 교차로안,승용,남,65세,상해없음,승용,여,42세,경상
2018031600100019,2018년 3월 16일 00시,금요일,울산광역시 중구 우정동,경상사고,0,0,2,1,차대차 - 측면충돌,안전거리미확보,젖음/습기,비,단일로 - 기타,화물,남,34세,부상신고,승용,남,46세,경상
2018031600100055,2018년 3월 16일 05시,금요일,울산광역시 동구 전하동,중상사고,0,1,0,0,차대차 - 측면충돌,직진우회전진행방해,건조,맑음,교차로 - 교차로안,승용,남,55세,상해없음,자전거,남,59세,중상
2018031600100087,2018년 3월 16일 07시,금요일,울산광역시 동구 일산동,경상사고,0,0,1,0,차대차 - 측면충돌,안전운전불이행,건조,맑음,단일로 - 기타,원동기,남,41세,상해없음,자전거,남,26세,경상
2018031600100196,2018년 3월 16일 10시,금요일,울산광역시 북구 매곡동,사망사고,1,0,0,0,차대차 - 측면충돌,안전운전불이행,건조,맑음,단일로 - 기타,승용,남,35세,상해없음,자전거,남,75세,사망
2018031600100197,2018년 3월 16일 10시,금요일,울산광역시 남구 야음동,경상사고,0,0,1,0,차대차 - 측면충돌,안전운전불이행,건조,맑음,교차로 - 교차로안,화물,남,56세,상해없음,승용,남,59세,경상
2018031600100198,2018년 3월 16일 10시,금요일,울산광역시 동구 전하동,중상사고,0,1,0,0,차대차 - 측면충돌,직진우회전진행방해,건조,맑음,교차로 - 교차로안,화물,남,58세,상해없음,승용,남,47세,중상
2018031600100332,2018년 3월 16일 15시,금요일,울산광역시 중구 남외동,중상사고,0,1,0,0,차대차 - 측면충돌,중앙선침범,건조,맑음,교차로 - 교차로안,자전거,남,71세,중상,승용,남,50세,상해없음
2018031600100333,2018년 3월 16일 15시,금요일,울산광역시 남구 신정동,경상사고,0,0,1,0,차대차 - 기타,안전운전불이행,건조,맑음,교차로 - 교차로부근,승용,남,59세,상해없음,승용,여,36세,경상
2018031600100375,2018년 3월 16일 16시,금요일,울산광역시 중구 우정동,경상사고,0,0,2,0,차대차 - 측면충돌,안전거리미확보,건조,맑음,교차로 - 교차로안,승용,남,68세,상해없음,승용,여,28세,경상
2018031600100376,2018년 3월 16일 16시,금요일,울산광역시 울주군 범서읍,경상사고,0,0,3,0,차대차 - 측면충돌,신호위반,건조,맑음,교차로 - 교차로안,승용,여,38세,경상,승합,남,34세,경상
2018031600100608,2018년 3월 16일 22시,금요일,울산광역시 중구 반구동,경상사고,0,0,1,0,차량단독 - 전도전복 - 전도,안전운전불이행,건조,맑음,단일로 - 기타,자전거,남,16세,경상,미분류,미분류,미분류,미분류
2018031600100609,2018년 3월 16일 22시,금요일,울산광역시 동구 화정동,중상사고,0,1,0,0,차대사람 - 횡단중,보행자보호의무위반,건조,맑음,교차로 - 교차로횡단보도내,승용,남,59세,상해없음,보행자,여,59세,중상
2018031600100649,2018년 3월 16일 23시,금요일,울산광역시 남구 신정동,경상사고,0,0,1,0,차대차 - 측면충돌,신호위반,건조,맑음,교차로 - 교차로안,기타불명,기타불명,미분류,기타불명,승용,남,57세,경상
2018031700100034,2018년 3월 17일 01시,토요일,울산광역시 동구 전하동,경상사고,0,0,2,0,차대차 - 정면충돌,안전운전불이행,건조,맑음,단일로 - 기타,승용,여,26세,상해없음,승용,여,51세,경상
2018031700100178,2018년 3월 17일 10시,토요일,울산광역시 북구 진장동,경상사고,0,0,1,0,차대차 - 측면충돌,신호위반,건조,맑음,교차로 - 교차로안,승용,남,29세,상해없음,승용,남,67세,경상
2018031700100179,2018년 3월 17일 10시,토요일,울산광역시 동구 화정동,중상사고,0,1,0,0,차대사람 - 기타,안전운전불이행,건조,맑음,단일로 - 기타,승용,남,73세,기타불명,보행자,여,63세,중상
2018031700100278,2018년 3월 17일 13시,토요일,울산광역시 중구 남외동,중상사고,0,1,0,0,차대차 - 기타,신호위반,건조,맑음,교차로 - 교차로부근,승용,남,78세,상해없음,승용,남,22세,중상
2018031700100279,2018년 3월 17일 13시,토요일,울산광역시 남구 신정동,경상사고,0,0,1,0,차대차 - 추돌,안전운전불이행,건조,맑음,교차로 - 교차로부근,승용,여,49세,상해없음,이륜,남,31세,경상
2018031700100342,2018년 3월 17일 15시,토요일,울산광역시 동구 방어동,중상사고,0,1,0,0,차대사람 - 횡단중,안전운전불이행,건조,맑음,교차로 - 교차로안,승용,여,42세,상해없음,보행자,여,50세,중상