사고번호,사고일시,요일,시군구,사고내용,사망자수,중상자수,경상자수,부상신고자수,사고유형,법규위반,노면상태,기상상태,도로형태,가해운전자 차종,가해운전자 성별,가해운전자 연령,가해운전자 상해정도,피해운전자 차종,피해운전자 성별,피해운전자 연령,피해운전자 상해정도
2018031700100390,2018년 3월 17일 16시,토요일,울산광역시 남구 신정동,경상사고,0,0,1,0,차대사람 - 길가장자리구역통행중,안전운전불이행,건조,맑음,교차로 - 교차로부근,승용,남,74세,상해없음,보행자,여,20세,경상
2018031700100436,2018년 3월 17일 17시,토요일,울산광역시 동구 일산동,경상사고,0,0,1,0,차대차 - 기타,안전운전불이행,건조,맑음,교차로 - 교차로안,이륜,남,30세,경상,이륜,남,36세,기타불명
2018031700100471,2018년 3월 17일 18시,토요일,울산광역시 동구 일산동,경상사고,0,0,3,0,차대차 - 추돌,안전운전불이행,건조,맑음,단일로 - 기타,승용,여,37세,상해없음,승합,남,59세,경상
2018031700100602,2018년 3월 17일 22시,토요일,울산광역시 남구 달동,경상사고,0,0,1,0,차대사람 - 횡단중,보행자보호의무위반,건조,맑음,교차로 - 교차로횡단보도내,승용,남,40세,상해없음,보행자,남,29세,경상
2018031700100626,2018년 3월 17일 23시,토요일,울산광역시 남구 여천동,경상사고,0,0,2,0,차대차 - 추돌,안전운전불이행,건조,맑음,교차로 - 교차로부근,승용,남,61세,상해없음,승용,남,28세,경상
2018031800100061,2018년 3월 18일 04시,일요일,울산광역시 남구 삼산동,사망사고,1,1,0,0,차대사람 - 횡단중,안전운전불이행,건조,맑음,교차로 - 교차로횡단보도내,승용,남,34세,상해없음,보행자,남,17세,사망
2018031800100066,2018년 3월 18일 05시,일요일,울산광역시 북구 명촌동,경상사고,0,0,3,0,차대차 - 추돌,안전운전불이행,건조,맑음,단일로 - 기타,승용,남,41세,상해없음,승용,남,69세,경상
2018031800100214,2018년 3월 18일 14시,일요일,울산광역시 동구 서부동,중상사고,0,1,0,0,차대사람 - 기타,안전운전불이행,건조,맑음,단일로 - 기타,승용,남,62세,상해없음,보행자,여,62세,중상
2018031800100327,2018년 3월 18일 18시,일요일,울산광역시 북구 산하동,경상사고,0,0,1,0,차대차 - 측면충돌,직진우회전진행방해,건조,맑음,교차로 - 교차로안,승용,여,34세,상해없음,승용,남,61세,경상
2018031800100328,2018년 3월 18일 18시,일요일,울산광역시 울주군 온산읍,경상사고,0,0,1,0,차대사람 - 차도통행중,안전운전불이행,건조,맑음,교차로 - 교차로부근,승용,남,50세,상해없음,보행자,남,42세,경상
2018031800100360,2018년 3월 18일 19시,일요일,울산광역시 남구 삼산동,경상사고,0,0,1,0,차대차 - 측면충돌,안전운전불이행,건조,맑음,단일로 - 기타,승용,남,35세,상해없음,승용,여,30세,경상
2018031800100394,2018년 3월 18일 20시,일요일,울산광역시 동구 전하동,중상사고,0,1,0,0,차대사람 - 기타,안전운전불이행,젖음/습기,비,교차로 - 교차로안,승용,여,63세,상해없음,보행자,남,61세,중상
2018031800100426,2018년 3월 18일 21시,일요일,울산광역시 남구 신정동,경상사고,0,0,1,0,차대사람 - 횡단중,신호위반,젖음/습기,비,교차로 - 교차로부근,화물,남,47세,상해없음,보행자,여,56세,경상
2018031800100427,2018년 3월 18일 21시,일요일,울산광역시 남구 신정동,경상사고,0,0,1,0,차대차 - 정면충돌,중앙선침범,젖음/습기,비,단일로 - 기타,승용,남,49세,상해없음,승용,여,52세,경상
2018031900100021,2018년 3월 19일 01시,월요일,울산광역시 중구 북정동,경상사고,0,0,1,0,차대사람 - 기타,안전운전불이행,젖음/습기,비,단일로 - 기타,화물,남,60세,상해없음,보행자,여,44세,경상
2018031900100022,2018년 3월 19일 01시,월요일,울산광역시 남구 달동,중상사고,0,1,0,0,차대차 - 후진중충돌,안전운전불이행,젖음/습기,흐림,교차로 - 교차로부근,화물,남,47세,상해없음,승용,여,62세,상해없음
2018031900100068,2018년 3월 19일 06시,월요일,울산광역시 중구 남외동,중상사고,0,1,0,0,차대사람 - 횡단중,보행자보호의무위반,젖음/습기,비,단일로 - 기타,승용,여,45세,상해없음,보행자,남,45세,중상
2018031900100151,2018년 3월 19일 09시,월요일,울산광역시 남구 삼산동,중상사고,0,1,0,0,차대차 - 측면충돌,직진우회전진행방해,젖음/습기,비,교차로 - 교차로안,승합,남,65세,상해없음,승용,남,59세,중상
2018031900100184,2018년 3월 19일 10시,월요일,울산광역시 북구 매곡동,경상사고,0,0,2,0,차대차 - 측면충돌,안전운전불이행,건조,맑음,주차장 - 주차장,승용,남,22세,상해없음,승용,남,34세,경상
2018031900100206,2018년 3월 19일 11시,월요일,울산광역시 북구 시례동,중상사고,0,1,0,0,차대차 - 측면충돌,교차로운행방법위반,젖음/습기,비,교차로 - 교차로안,승용,여,46세,상해없음,화물,남,51세,상해없음
2018031900100207,2018년 3월 19일 11시,월요일,울산광역시 동구 전하동,중상사고,0,1,0,0,차대사람 - 횡단중,보행자보호의무위반,젖음/습기,비,교차로 - 교차로횡단보도내,승용,남,35세,상해없음,보행자,남,37세,중상
2018031900100343,2018년 3월 19일 16시,월요일,울산광역시 중구 태화동,중상사고,0,1,0,0,차대사람 - 횡단중,신호위반,젖음/습기,비,교차로 - 교차로횡단보도내,승용,남,72세,상해없음,보행자,여,37세,중상
2018031900100463,2018년 3월 19일 19시,월요일,울산광역시 동구 방어동,경상사고,0,0,1,0,차대차 - 추돌,안전운전불이행,젖음/습기,비,교차로 - 교차로부근,화물,남,49세,상해없음,승용,여,54세,경상
2018031900100504,2018년 3월 19일 20시,월요일,울산광역시 북구 천곡동,중상사고,0,1,0,0,차대차 - 측면충돌,안전운전불이행,젖음/습기,비,단일로 - 기타,승용,남,44세,상해없음,승용,여,54세,중상
2018031900100505,2018년 3월 19일 20시,월요일,울산광역시 남구 신정동,경상사고,0,0,2,0,차대차 - 측면충돌,차로위반,젖음/습기,비,교차로 - 교차로안,승용,남,31세,상해없음,승용,여,36세,경상
2018031900100557,2018년 3월 19일 22시,월요일,울산광역시 중구 서동,부상신고사고,0,0,0,1,차량단독 - 공작물충돌,안전운전불이행,젖음/습기,비,단일로 - 기타,승용,여,40세,부상신고,,,,
2018032000100012,2018년 3월 20일 00시,화요일,울산광역시 중구 학성동,경상사고,0,0,1,0,차대차 - 측면충돌,신호위반,젖음/습기,비,교차로 - 교차로안,승용,남,28세,상해없음,승용,남,31세,경상
2018032000100062,2018년 3월 20일 06시,화요일,울산광역시 북구 진장동,경상사고,0,0,2,0,차대차 - 기타,안전운전불이행,건조,맑음,단일로 - 기타,이륜,남,49세,경상,승용,여,30세,경상
2018032000100063,2018년 3월 20일 06시,화요일,울산광역시 남구 무거동,경상사고,0,0,1,0,차대차 - 추돌,안전운전불이행,건조,흐림,교차로 - 교차로부근,승용,남,46세,상해없음,승용,남,53세,경상
2018032000100064,2018년 3월 20일 06시,화요일,울산광역시 울주군 온산읍,경상사고,0,0,1,0,차대차 - 정면충돌,중앙선침범,건조,맑음,단일로 - 기타,승용,남,59세,상해없음,승용,남,60세,경상
2018032000100155,2018년 3월 20일 09시,화요일,울산광역시 울주군 웅촌면,경상사고,0,0,1,0,차대차 - 추돌,안전거리미확보,건조,맑음,교차로 - 교차로부근,화물,남,50세,상해없음,승용,여,33세,경상
2018032000100247,2018년 3월 20일 12시,화요일,울산광역시 중구 우정동,중상사고,0,1,0,0,차대사람 - 횡단중,보행자보호의무위반,건조,맑음,교차로 - 교차로횡단보도내,이륜,남,67세,상해없음,보행자,여,56세,중상
2018032000100248,2018년 3월 20일 12시,화요일,울산광역시 울주군 온양읍,중상사고,0,1,0,0,차대차 - 기타,중앙선침범,건조,흐림,단일로 - 기타,화물,남,60세,상해없음,승용,여,58세,중상
2018032000100386,2018년 3월 20일 17시,화요일,울산광역시 동구 서부동,경상사고,0,0,1,0,차대차 - 기타,신호위반,건조,맑음,교차로 - 교차로안,원동기,남,40세,상해없음,원동기,남,33세,경상
2018032000100433,2018년 3월 20일 18시,화요일,울산광역시 남구 옥동,경상사고,0,0,1,0,차대차 - 기타,차로위반,건조,맑음,단일로 - 기타,승합,남,39세,상해없음,승용,여,62세,기타불명
2018032000100534,2018년 3월 20일 21시,화요일,울산광역시 남구 야음동,경상사고,0,0,1,0,차대차 - 측면충돌,안전운전불이행,건조,맑음,단일로 - 기타,화물,남,46세,상해없음,승용,남,55세,경상
2018032000100535,2018년 3월 20일 21시,화요일,울산광역시 울주군 온산읍,중상사고,0,1,0,0,차대사람 - 길가장자리구역통행중,안전운전불이행,건조,맑음,단일로 - 기타,기타불명,기타불명,미분류,기타불명,보행자,남,63세,중상
2018032100100059,2018년 3월 21일 05시,수요일,울산광역시 북구 양정동,중상사고,0,1,0,0,차대차 - 추돌,신호위반,젖음/습기,비,교차로 - 교차로안,승용,남,79세,상해없음,이륜,남,58세,중상
2018032100100136,2018년 3월 21일 08시,수요일,울산광역시 울주군 온산읍,부상신고사고,0,0,0,1,차대차 - 측면충돌,교차로운행방법위반,젖음/습기,비,교차로 - 교차로안,승용,남,44세,상해없음,승용,여,39세,상해없음
2018032100100158,2018년 3월 21일 09시,수요일,울산광역시 남구 신정동,경상사고,0,0,1,0,차대차 - 후진중충돌,안전운전불이행,젖음/습기,흐림,교차로 - 교차로안,화물,남,59세,상해없음,승용,여,54세,경상
2018032100100342,2018년 3월 21일 16시,수요일,울산광역시 남구 신정동,경상사고,0,0,1,0,차대차 - 측면충돌,안전거리미확보,건조,맑음,교차로 - 교차로안,승용,남,41세,상해없음,승용,여,48세,경상
2018032100100378,2018년 3월 21일 17시,수요일,울산광역시 중구 성안동,경상사고,0,0,1,0,차대차 - 기타,신호위반,건조,맑음,교차로 - 교차로안,승용,남,22세,상해없음,승용,여,48세,경상
2018032100100379,2018년 3월 21일 17시,수요일,울산광역시 울주군 온양읍,경상사고,0,0,1,0,차대차 - 기타,중앙선침범,젖음/습기,비,단일로 - 기타,화물,남,63세,상해없음,승용,남,45세,경상
2018032100100408,2018년 3월 21일 18시,수요일,울산광역시 울주군 청량읍,경상사고,0,0,1,0,차대차 - 측면충돌,신호위반,젖음/습기,비,교차로 - 교차로안,특수,남,41세,상해없음,승용,남,41세,경상
2018032100100489,2018년 3월 21일 20시,수요일,울산광역시 남구 야음동,경상사고,0,0,1,0,차대차 - 기타,안전거리미확보,젖음/습기,비,단일로 - 기타,이륜,남,57세,경상,승용,남,71세,상해없음
2018032100100518,2018년 3월 21일 21시,수요일,울산광역시 동구 동부동,경상사고,0,0,1,0,차대사람 - 횡단중,보행자보호의무위반,젖음/습기,비,교차로 - 교차로횡단보도내,승용,남,63세,기타불명,보행자,남,15세,경상
2018032100100552,2018년 3월 21일 22시,수요일,울산광역시 중구 옥교동,경상사고,0,0,1,0,차대사람 - 기타,안전운전불이행,젖음/습기,비,단일로 - 기타,승용,남,54세,상해없음,보행자,남,21세,경상
2018032200100020,2018년 3월 22일 01시,목요일,울산광역시 남구 신정동,중상사고,0,1,0,0,차대차 - 측면충돌,신호위반,젖음/습기,비,교차로 - 교차로안,승용,여,34세,상해없음,이륜,남,32세,중상
2018032200100052,2018년 3월 22일 05시,목요일,울산광역시 남구 여천동,중상사고,0,2,0,0,차대차 - 정면충돌,중앙선침범,건조,맑음,단일로 - 기타,승용,남,20세,상해없음,화물,남,60세,중상
2018032200100116,2018년 3월 22일 07시,목요일,울산광역시 북구 중산동,경상사고,0,0,1,0,차대차 - 기타,안전운전불이행,건조,맑음,교차로 - 교차로부근,승용,남,33세,상해없음,승용,남,33세,경상
2018032200100117,2018년 3월 22일 07시,목요일,울산광역시 울주군 온산읍,중상사고,0,3,2,0,차대차 - 기타,중앙선침범,건조,맑음,교차로 - 교차로안,승용,남,54세,경상,화물,남,62세,경상
2018032200100247,2018년 3월 22일 11시,목요일,울산광역시 남구 무거동,사망사고,1,0,0,0,차대차 - 기타,안전운전불이행,건조,맑음,단일로 - 기타,승용,남,61세,상해없음,자전거,남,70세,사망
2018032200100330,2018년 3월 22일 14시,목요일,울산광역시 중구 반구동,경상사고,0,0,1,0,차대차 - 측면충돌,중앙선침범,건조,맑음,단일로 - 기타,승용,여,48세,상해없음,이륜,남,69세,경상
2018032200100387,2018년 3월 22일 16시,목요일,울산광역시 울주군 언양읍,중상사고,0,1,0,0,차대사람 - 횡단중,보행자보호의무위반,건조,맑음,단일로 - 기타,승용,남,46세,상해없음,보행자,남,24세,중상
2018032200100429,2018년 3월 22일 17시,목요일,울산광역시 중구 학성동,경상사고,0,0,1,0,차대사람 - 횡단중,안전운전불이행,건조,맑음,교차로 - 교차로안,화물,남,53세,상해없음,보행자,남,62세,경상
2018032200100430,2018년 3월 22일 17시,목요일,울산광역시 동구 동부동,중상사고,0,1,0,0,차대사람 - 기타,안전운전불이행,건조,맑음,교차로 - 교차로부근,승용,여,52세,상해없음,보행자,여,31세,중상
2018032200100469,2018년 3월 22일 18시,목요일,울산광역시 동구 전하동,경상사고,0,0,1,0,차대차 - 측면충돌,교차로운행방법위반,건조,맑음,교차로 - 교차로안,이륜,남,41세,상해없음,이륜,남,50세,경상
2018032200100551,2018년 3월 22일 21시,목요일,울산광역시 동구 방어동,중상사고,0,1,0,0,차대차 - 기타,신호위반,건조,맑음,교차로 - 교차로안,이륜,남,56세,상해없음,승용,남,33세,중상
2018032200100585,2018년 3월 22일 22시,목요일,울산광역시 남구 무거동,중상사고,0,1,0,1,차대차 - 측면충돌,신호위반,건조,맑음,교차로 - 교차로안,이륜,남,18세,중상,승용,남,50세,상해없음
2018032200100609,2018년 3월 22일 23시,목요일,울산광역시 동구 전하동,사망사고,1,0,0,0,차량단독 - 기타,안전운전불이행,건조,맑음,단일로 - 기타,이륜,남,26세,사망,,,,
2018032300100023,2018년 3월 23일 01시,금요일,울산광역시 중구 반구동,경상사고,0,0,1,0,차대차 - 측면충돌,안전운전불이행,건조,맑음,단일로 - 기타,승용,남,61세,상해없음,이륜,남,48세,경상
2018032300100091,2018년 3월 23일 07시,금요일,울산광역시 남구 선암동,경상사고,0,0,1,0,차대차 - 측면충돌,안전거리미확보,건조,맑음,교차로 - 교차로부근,승용,남,56세,상해없음,승용,남,64세,경상
2018032300100135,2018년 3월 23일 08시,금요일,울산광역시 북구 호계동,경상사고,0,0,1,0,차대차 - 측면충돌,안전운전불이행,건조,맑음,교차로 - 교차로부근,이륜,남,58세,경상,승용,여,44세,상해없음
2018032300100184,2018년 3월 23일 10시,금요일,울산광역시 북구 화봉동,중상사고,0,1,0,0,차대차 - 정면충돌,안전운전불이행,건조,맑음,단일로 - 기타,화물,남,70세,상해없음,자전거,남,33세,중상
2018032300100213,2018년 3월 23일 11시,금요일,울산광역시 남구 달동,중상사고,0,1,0,0,차대차 - 후진중충돌,안전운전불이행,건조,맑음,단일로 - 기타,화물,남,40세,상해없음,이륜,남,38세,중상
2018032300100331,2018년 3월 23일 15시,금요일,울산광역시 북구 연암동,경상사고,0,0,1,0,차대차 - 측면충돌,안전거리미확보,건조,맑음,단일로 - 기타,승합,남,75세,상해없음,승용,남,56세,경상
2018032300100371,2018년 3월 23일 16시,금요일,울산광역시 울주군 온산읍,중상사고,0,1,1,0,차대차 - 측면충돌,안전운전불이행,건조,맑음,단일로 - 기타,승용,여,66세,상해없음,승합,남,36세,상해없음
2018032300100462,2018년 3월 23일 18시,금요일,울산광역시 남구 신정동,경상사고,0,0,1,0,차대차 - 기타,차로위반,건조,맑음,교차로 - 교차로안,승용,남,58세,상해없음,승용,남,24세,경상
2018032400100013,2018년 3월 24일 00시,토요일,울산광역시 북구 연암동,경상사고,0,0,1,1,차대차 - 측면충돌,신호위반,건조,맑음,교차로 - 교차로부근,이륜,남,29세,부상신고,승용,남,26세,경상
2018032400100014,2018년 3월 24일 00시,토요일,울산광역시 울주군 범서읍,경상사고,0,0,1,0,차대차 - 추돌,안전거리미확보,건조,맑음,교차로 - 교차로부근,승용,남,31세,상해없음,승용,남,51세,경상
2018032400100048,2018년 3월 24일 02시,토요일,울산광역시 동구 방어동,사망사고,1,0,0,0,차량단독 - 전도전복 - 전도,안전운전불이행,건조,맑음,단일로 - 기타,이륜,남,22세,사망,미분류,미분류,미분류,미분류
2018032400100092,2018년 3월 24일 06시,토요일,울산광역시 북구 양정동,중상사고,0,1,0,0,차대사람 - 횡단중,보행자보호의무위반,건조,맑음,교차로 - 교차로안,승용,여,65세,상해없음,보행자,여,64세,중상
2018032400100165,2018년 3월 24일 10시,토요일,울산광역시 중구 반구동,경상사고,0,0,2,0,차대차 - 추돌,직진우회전진행방해,건조,맑음,교차로 - 교차로안,화물,남,63세,상해없음,승용,남,61세,상해없음
2018032400100166,2018년 3월 24일 10시,토요일,울산광역시 울주군 범서읍,경상사고,0,0,1,0,차대사람 - 횡단중,보행자보호의무위반,건조,맑음,교차로 - 교차로횡단보도내,승용,여,43세,상해없음,보행자,여,47세,경상
2018032400100257,2018년 3월 24일 13시,토요일,울산광역시 중구 옥교동,경상사고,0,0,1,0,차대차 - 측면충돌,안전운전불이행,건조,맑음,단일로 - 기타,기타불명,기타불명,미분류,기타불명,자전거,남,78세,경상
2018032400100357,2018년 3월 24일 16시,토요일,울산광역시 북구 연암동,경상사고,0,0,1,1,차대차 - 기타,안전운전불이행,건조,맑음,교차로 - 교차로부근,이륜,남,36세,부상신고,승용,여,63세,경상
2018032400100385,2018년 3월 24일 17시,토요일,울산광역시 동구 일산동,경상사고,0,0,1,1,차대차 - 측면충돌,안전운전불이행,건조,맑음,교차로 - 교차로부근,이륜,남,60세,부상신고,이륜,남,69세,경상
2018032400100386,2018년 3월 24일 17시,토요일,울산광역시 울주군 언양읍,중상사고,0,1,0,0,차량단독 - 기타,안전운전불이행,건조,맑음,단일로 - 기타,승합,남,51세,상해없음,,,,
2018032400100422,2018년 3월 24일 18시,토요일,울산광역시 남구 신정동,중상사고,0,1,0,0,차대차 - 측면충돌,차로위반,건조,맑음,단일로 - 기타,승용,남,46세,상해없음,원동기,남,25세,중상
2018032400100423,2018년 3월 24일 18시,토요일,울산광역시 남구 두왕동,중상사고,0,1,0,0,차대차 - 측면충돌,신호위반,건조,맑음,교차로 - 교차로안,승용,남,23세,상해없음,이륜,남,39세,중상
2018032400100424,2018년 3월 24일 18시,토요일,울산광역시 울주군 삼남면,경상사고,0,0,2,0,차대차 - 추돌,안전거리미확보,건조,맑음,교차로 - 교차로부근,이륜,남,42세,경상,승용,남,55세,경상
2018032500100039,2018년 3월 25일 03시,일요일,울산광역시 동구 화정동,경상사고,0,0,2,0,차대차 - 추돌,안전운전불이행,건조,맑음,단일로 - 기타,승용,남,37세,상해없음,승용,남,57세,경상
2018032500100069,2018년 3월 25일 07시,일요일,울산광역시 남구 달동,경상사고,0,0,1,0,차대사람 - 기타,안전운전불이행,건조,맑음,단일로 - 기타,승용,남,25세,상해없음,보행자,남,25세,경상
2018032500100130,2018년 3월 25일 11시,일요일,울산광역시 북구 효문동,경상사고,0,0,2,0,차대차 - 추돌,안전운전불이행,건조,맑음,교차로 - 교차로부근,승용,남,22세,상해없음,승용,여,40세,경상
2018032500100204,2018년 3월 25일 14시,일요일,울산광역시 남구 신정동,중상사고,0,1,0,0,차대차 - 측면충돌,신호위반,건조,맑음,교차로 - 교차로부근,승용,남,70세,상해없음,자전거,여,61세,중상
2018032500100240,2018년 3월 25일 15시,일요일,울산광역시 북구 신천동,경상사고,0,0,1,0,차대차 - 측면충돌,안전운전불이행,건조,맑음,교차로 - 교차로횡단보도내,승용,남,69세,상해없음,자전거,남,18세,경상
2018032500100241,2018년 3월 25일 15시,일요일,울산광역시 울주군 범서읍,중상사고,0,2,1,0,차대차 - 정면충돌,중앙선침범,건조,맑음,단일로 - 기타,승용,남,32세,경상,승용,남,66세,중상
2018032500100321,2018년 3월 25일 18시,일요일,울산광역시 동구 주전동,경상사고,0,0,4,0,차대차 - 측면충돌,중앙선침범,건조,맑음,단일로 - 기타,화물,남,66세,상해없음,승용,남,55세,경상
2018032500100353,2018년 3월 25일 19시,일요일,울산광역시 중구 태화동,경상사고,0,0,1,0,차대차 - 추돌,안전거리미확보,건조,맑음,단일로 - 기타,원동기,남,34세,경상,승용,남,55세,상해없음
2018032500100354,2018년 3월 25일 19시,일요일,울산광역시 울주군 온양읍,중상사고,0,1,0,0,차대사람 - 기타,안전운전불이행,건조,맑음,단일로 - 기타,이륜,남,17세,상해없음,보행자,남,45세,중상
2018032500100355,2018년 3월 25일 19시,일요일,울산광역시 울주군 범서읍,중상사고,0,1,0,0,차대사람 - 차도통행중,안전운전불이행,건조,맑음,단일로 - 기타,승용,여,31세,상해없음,보행자,남,67세,중상
2018032500100380,2018년 3월 25일 20시,일요일,울산광역시 남구 신정동,경상사고,0,0,1,0,차대차 - 측면충돌,신호위반,건조,맑음,교차로 - 교차로안,화물,남,58세,상해없음,승용,여,31세,경상
2018032500100381,2018년 3월 25일 20시,일요일,울산광역시 동구 서부동,경상사고,0,0,2,0,차대차 - 추돌,안전운전불이행,건조,맑음,단일로 - 기타,승용,여,38세,상해없음,승용,남,29세,경상
2018032500100405,2018년 3월 25일 21시,일요일,울산광역시 울주군 서생면,경상사고,0,0,3,0,차대차 - 측면충돌,교차로운행방법위반,건조,맑음,교차로 - 교차로안,승용,남,30세,경상,화물,남,43세,경상
2018032500100420,2018년 3월 25일 22시,일요일,울산광역시 동구 방어동,경상사고,0,0,1,0,차대차 - 측면충돌,안전운전불이행,건조,맑음,교차로 - 교차로안,이륜,남,28세,경상,화물,남,62세,상해없음
2018032600100072,2018년 3월 26일 07시,월요일,울산광역시 남구 무거동,경상사고,0,0,1,0,차대차 - 추돌,안전운전불이행,건조,맑음,교차로 - 교차로안,승용,남,52세,상해없음,승용,남,35세,경상
2018032600100201,2018년 3월 26일 11시,월요일,울산광역시 남구 달동,경상사고,0,0,3,0,차대차 - 기타,안전운전불이행,건조,맑음,단일로 - 기타,승용,여,50세,상해없음,승용,남,35세,경상
2018032600100315,2018년 3월 26일 15시,월요일,울산광역시 남구 야음동,중상사고,0,1,0,0,차대사람 - 차도통행중,안전운전불이행,건조,맑음,단일로 - 기타,승용,여,52세,상해없음,보행자,여,50세,중상
2018032600100364,2018년 3월 26일 16시,월요일,울산광역시 북구 중산동,중상사고,0,1,0,0,차대사람 - 기타,안전운전불이행,건조,맑음,단일로 - 기타,승합,여,54세,상해없음,보행자,남,8세,중상
2018032600100410,2018년 3월 26일 17시,월요일,울산광역시 중구 복산동,경상사고,0,0,2,0,차대차 - 측면충돌,안전거리미확보,건조,맑음,교차로 - 교차로안,승합,남,32세,상해없음,승용,남,34세,경상
2018032600100411,2018년 3월 26일 17시,월요일,울산광역시 남구 달동,경상사고,0,0,2,0,차대차 - 추돌,안전운전불이행,건조,맑음,단일로 - 기타,승용,남,43세,상해없음,승용,남,39세,경상
2018032600100450,2018년 3월 26일 18시,월요일,울산광역시 중구 태화동,경상사고,0,0,3,0,차대차 - 추돌,안전운전불이행,건조,맑음,단일로 - 터널,화물,남,40세,상해없음,승용,여,46세,경상
2018032600100451,2018년 3월 26일 18시,월요일,울산광역시 동구 전하동,경상사고,0,0,1,0,차대차 - 측면충돌,안전운전불이행,건조,맑음,교차로 - 교차로부근,승용,남,34세,상해없음,승용,여,38세,경상
2018032600100487,2018년 3월 26일 19시,월요일,울산광역시 중구 태화동,경상사고,0,0,1,0,차대차 - 추돌,안전운전불이행,건조,맑음,단일로 - 기타,특수,남,71세,상해없음,승용,여,58세,경상
2018032600100542,2018년 3월 26일 21시,월요일,울산광역시 남구 달동,경상사고,0,0,2,0,차대차 - 측면충돌,안전운전불이행,건조,맑음,교차로 - 교차로안,승용,여,46세,경상,승용,남,23세,경상
2018032700100048,2018년 3월 27일 06시,화요일,울산광역시 중구 교동,중상사고,0,2,1,0,차대차 - 측면충돌,안전운전불이행,건조,맑음,단일로 - 기타,승용,남,50세,경상,승용,남,59세,중상
2018032700100073,2018년 3월 27일 07시,화요일,울산광역시 중구 약사동,경상사고,0,0,1,0,차대차 - 추돌,안전운전불이행,건조,맑음,단일로 - 기타,화물,남,59세,상해없음,승용,남,50세,경상
2018032700100117,2018년 3월 27일 08시,화요일,울산광역시 중구 성안동,경상사고,0,0,1,0,차대사람 - 횡단중,보행자보호의무위반,건조,맑음,교차로 - 교차로횡단보도내,승용,여,34세,상해없음,보행자,남,38세,경상
2018032700100146,2018년 3월 27일 09시,화요일,울산광역시 북구 진장동,경상사고,0,0,1,0,차대차 - 측면충돌,교차로운행방법위반,건조,맑음,교차로 - 교차로안,건설기계,남,48세,상해없음,승용,여,62세,경상
2018032700100147,2018년 3월 27일 09시,화요일,울산광역시 중구 복산동,경상사고,0,0,1,0,차대사람 - 횡단중,보행자보호의무위반,건조,맑음,교차로 - 교차로횡단보도내,승용,여,35세,상해없음,보행자,남,27세,경상
2018032700100180,2018년 3월 27일 10시,화요일,울산광역시 남구 신정동,경상사고,0,0,1,0,차대차 - 측면충돌,안전운전불이행,건조,맑음,단일로 - 기타,승용,여,58세,상해없음,승용,여,74세,경상
2018032800100011,2018년 3월 28일 00시,수요일,울산광역시 남구 달동,중상사고,0,1,0,0,차대차 - 정면충돌,신호위반,건조,맑음,교차로 - 교차로안,승용,여,26세,상해없음,원동기,남,47세,중상
2018032800100059,2018년 3월 28일 06시,수요일,울산광역시 울주군 청량읍,중상사고,0,1,0,0,차대차 - 측면충돌,차로위반,건조,맑음,단일로 - 지하차도(도로)내,승용,남,48세,상해없음,이륜,남,44세,중상
2018032800100085,2018년 3월 28일 07시,수요일,울산광역시 남구 야음동,경상사고,0,0,1,0,차대차 - 측면충돌,안전운전불이행,건조,맑음,단일로 - 기타,건설기계,남,43세,상해없음,화물,여,45세,경상
2018032800100149,2018년 3월 28일 09시,수요일,울산광역시 남구 옥동,경상사고,0,0,1,0,차대차 - 추돌,안전운전불이행,건조,맑음,교차로 - 교차로부근,승용,남,81세,상해없음,승용,여,65세,경상
2018032800100161,2018년 3월 28일 10시,수요일,울산광역시 울주군 언양읍,경상사고,0,0,1,0,차대차 - 측면충돌,안전거리미확보,건조,맑음,단일로 - 기타,특수,남,45세,상해없음,승용,남,30세,경상
2018032800100179,2018년 3월 28일 10시,수요일,울산광역시 북구 연암동,중상사고,0,1,0,0,차대차 - 정면충돌,직진우회전진행방해,건조,맑음,교차로 - 교차로안,승용,여,43세,상해없음,이륜,남,39세,중상
2018032800100307,2018년 3월 28일 14시,수요일,울산광역시 동구 화정동,경상사고,0,0,1,0,차대사람 - 횡단중,안전운전불이행,건조,맑음,교차로 - 교차로안,이륜,남,42세,경상,보행자,남,67세,상해없음
2018032800100390,2018년 3월 28일 16시,수요일,울산광역시 남구 삼산동,중상사고,0,1,0,0,차대차 - 측면충돌,신호위반,건조,맑음,단일로 - 기타,화물,남,31세,상해없음,승용,남,38세,중상
2018032800100429,2018년 3월 28일 17시,수요일,울산광역시 울주군 온산읍,중상사고,0,1,0,0,차대차 - 추돌,안전운전불이행,건조,맑음,단일로 - 기타,이륜,남,46세,상해없음,승용,여,56세,중상
2018032800100470,2018년 3월 28일 18시,수요일,울산광역시 중구 학성동,경상사고,0,0,3,1,차대차 - 측면충돌,안전거리미확보,건조,맑음,단일로 - 기타,화물,남,60세,부상신고,승용,남,35세,경상