사고번호,사고일시,요일,시군구,사고내용,사망자수,중상자수,경상자수,부상신고자수,사고유형,법규위반,노면상태,기상상태,도로형태,가해운전자 차종,가해운전자 성별,가해운전자 연령,가해운전자 상해정도,피해운전자 차종,피해운전자 성별,피해운전자 연령,피해운전자 상해정도
2018032800100495,2018년 3월 28일 19시,수요일,울산광역시 북구 진장동,부상신고사고,0,0,0,1,차대사람 - 횡단중,안전운전불이행,건조,맑음,단일로 - 기타,화물,남,61세,상해없음,보행자,남,54세,부상신고
2018032800100496,2018년 3월 28일 19시,수요일,울산광역시 남구 삼산동,경상사고,0,0,1,0,차대차 - 측면충돌,안전운전불이행,건조,맑음,교차로 - 교차로부근,기타불명,기타불명,미분류,기타불명,승용,여,52세,경상
2018032800100554,2018년 3월 28일 21시,수요일,울산광역시 북구 창평동,경상사고,0,0,2,0,차대차 - 추돌,안전운전불이행,건조,맑음,단일로 - 기타,승용,남,29세,상해없음,승용,여,48세,경상
2018032800100555,2018년 3월 28일 21시,수요일,울산광역시 남구 달동,경상사고,0,0,1,0,차대차 - 측면충돌,중앙선침범,건조,맑음,단일로 - 기타,승용,남,36세,상해없음,이륜,남,40세,경상
2018032800100578,2018년 3월 28일 22시,수요일,울산광역시 울주군 온산읍,중상사고,0,1,0,0,차대차 - 측면충돌,교차로운행방법위반,건조,맑음,교차로 - 교차로부근,승용,남,58세,상해없음,승합,남,52세,상해없음
2018032900100017,2018년 3월 29일 00시,목요일,울산광역시 남구 삼산동,중상사고,0,1,0,0,차대차 - 기타,안전운전불이행,건조,맑음,단일로 - 기타,승용,남,33세,상해없음,화물,남,35세,중상
2018032900100073,2018년 3월 29일 06시,목요일,울산광역시 중구 반구동,경상사고,0,0,1,0,차대사람 - 차도통행중,안전운전불이행,건조,맑음,교차로 - 교차로안,승용,여,58세,상해없음,보행자,여,25세,경상
2018032900100127,2018년 3월 29일 08시,목요일,울산광역시 남구 야음동,경상사고,0,0,1,0,차대차 - 정면충돌,중앙선침범,건조,맑음,단일로 - 기타,자전거,남,83세,경상,화물,남,34세,상해없음
2018032900100128,2018년 3월 29일 08시,목요일,울산광역시 울주군 온산읍,경상사고,0,0,2,0,차대차 - 기타,신호위반,건조,맑음,교차로 - 교차로안,승용,남,31세,상해없음,승용,남,42세,경상
2018032900100165,2018년 3월 29일 09시,목요일,울산광역시 울주군 언양읍,경상사고,0,0,1,0,차대사람 - 횡단중,안전운전불이행,건조,맑음,단일로 - 기타,승용,남,34세,상해없음,보행자,남,84세,경상
2018032900100166,2018년 3월 29일 09시,목요일,울산광역시 울주군 언양읍,경상사고,0,0,1,0,차대차 - 측면충돌,안전운전불이행,건조,맑음,교차로 - 교차로안,승용,여,53세,상해없음,승용,여,44세,경상
2018032900100252,2018년 3월 29일 12시,목요일,울산광역시 북구 진장동,경상사고,0,0,1,0,차대차 - 측면충돌,직진우회전진행방해,건조,맑음,교차로 - 교차로안,승용,남,37세,상해없음,화물,남,22세,경상
2018032900100459,2018년 3월 29일 18시,목요일,울산광역시 중구 남외동,경상사고,0,0,2,0,차대차 - 측면충돌,안전운전불이행,건조,맑음,교차로 - 교차로안,승용,남,45세,상해없음,승용,여,53세,경상
2018032900100493,2018년 3월 29일 19시,목요일,울산광역시 중구 반구동,사망사고,1,0,0,0,차대사람 - 횡단중,안전운전불이행,건조,맑음,교차로 - 교차로부근,승용,여,49세,상해없음,보행자,여,84세,사망
2018032900100494,2018년 3월 29일 19시,목요일,울산광역시 남구 무거동,중상사고,0,1,0,0,차대차 - 추돌,안전운전불이행,건조,맑음,교차로 - 교차로부근,승용,남,52세,상해없음,승용,남,48세,중상
2018032900100495,2018년 3월 29일 19시,목요일,울산광역시 동구 서부동,중상사고,0,1,0,0,차대차 - 측면충돌,안전운전불이행,건조,맑음,교차로 - 교차로안,승용,남,58세,상해없음,자전거,남,35세,중상
2018032900100530,2018년 3월 29일 20시,목요일,울산광역시 남구 여천동,경상사고,0,0,1,0,차대차 - 측면충돌,신호위반,건조,맑음,교차로 - 교차로안,승용,여,37세,상해없음,승용,남,69세,경상
2018032900100531,2018년 3월 29일 20시,목요일,울산광역시 울주군 범서읍,중상사고,0,1,0,0,차대사람 - 길가장자리구역통행중,안전운전불이행,건조,맑음,단일로 - 기타,승용,여,58세,상해없음,보행자,여,39세,중상
2018032900100599,2018년 3월 29일 22시,목요일,울산광역시 남구 신정동,경상사고,0,0,1,0,차대차 - 측면충돌,안전운전불이행,건조,맑음,단일로 - 기타,승용,남,65세,상해없음,이륜,남,21세,경상
2018032900100624,2018년 3월 29일 23시,목요일,울산광역시 울주군 온산읍,중상사고,0,1,0,0,차대차 - 기타,중앙선침범,건조,맑음,단일로 - 기타,승용,남,57세,상해없음,이륜,남,33세,중상
2018033000100046,2018년 3월 30일 02시,금요일,울산광역시 북구 연암동,경상사고,0,0,2,0,차대차 - 추돌,안전운전불이행,건조,맑음,단일로 - 기타,승용,남,43세,상해없음,승용,남,28세,경상
2018033000100059,2018년 3월 30일 04시,금요일,울산광역시 남구 신정동,중상사고,0,1,0,0,차대차 - 측면충돌,교차로운행방법위반,건조,맑음,교차로 - 교차로안,승용,남,31세,상해없음,이륜,남,70세,중상
2018033000100098,2018년 3월 30일 07시,금요일,울산광역시 북구 호계동,중상사고,0,1,0,1,차대차 - 측면충돌,교차로운행방법위반,건조,맑음,교차로 - 교차로안,승용,여,61세,부상신고,승용,남,29세,중상
2018033000100290,2018년 3월 30일 13시,금요일,울산광역시 남구 달동,중상사고,0,1,0,0,차대차 - 측면충돌,안전거리미확보,건조,맑음,단일로 - 기타,이륜,남,25세,중상,승용,여,24세,상해없음
2018033000100291,2018년 3월 30일 13시,금요일,울산광역시 남구 달동,경상사고,0,0,1,0,차대차 - 추돌,안전거리미확보,건조,맑음,단일로 - 기타,승용,남,49세,상해없음,승용,남,34세,경상
2018033000100324,2018년 3월 30일 14시,금요일,울산광역시 북구 연암동,부상신고사고,0,0,0,1,차대차 - 측면충돌,안전운전불이행,건조,맑음,단일로 - 기타,승용,여,58세,부상신고,화물,남,37세,상해없음
2018033000100354,2018년 3월 30일 15시,금요일,울산광역시 남구 신정동,중상사고,0,1,0,0,차대사람 - 횡단중,보행자보호의무위반,건조,맑음,단일로 - 기타,승합,남,40세,상해없음,보행자,남,79세,중상
2018033000100399,2018년 3월 30일 16시,금요일,울산광역시 울주군 범서읍,부상신고사고,0,0,0,6,차대차 - 측면충돌,교차로운행방법위반,건조,맑음,교차로 - 교차로안,건설기계,남,50세,상해없음,승합,남,22세,상해없음
2018033000100445,2018년 3월 30일 17시,금요일,울산광역시 중구 학산동,경상사고,0,0,1,0,차대차 - 측면충돌,안전운전불이행,건조,맑음,교차로 - 교차로안,승합,남,39세,상해없음,승용,여,39세,경상
2018033000100446,2018년 3월 30일 17시,금요일,울산광역시 북구 효문동,경상사고,0,0,2,0,차대차 - 측면충돌,중앙선침범,건조,맑음,교차로 - 교차로부근,승용,남,29세,상해없음,이륜,남,73세,경상
2018033000100459,2018년 3월 30일 18시,금요일,울산광역시 울주군 언양읍,경상사고,0,0,3,0,차대차 - 기타,안전거리미확보,건조,맑음,단일로 - 기타,승용,남,48세,상해없음,승용,여,24세,경상
2018033000100536,2018년 3월 30일 19시,금요일,울산광역시 동구 서부동,경상사고,0,0,1,0,차대차 - 추돌,안전거리미확보,건조,맑음,교차로 - 교차로부근,화물,남,59세,상해없음,승용,남,62세,경상
2018033000100630,2018년 3월 30일 22시,금요일,울산광역시 중구 장현동,중상사고,0,2,0,0,차량단독 - 기타,안전운전불이행,건조,맑음,단일로 - 기타,원동기,남,53세,중상,,,,
2018033100100026,2018년 3월 31일 00시,토요일,울산광역시 울주군 온산읍,중상사고,0,1,3,0,차대차 - 측면충돌,안전운전불이행,건조,맑음,단일로 - 기타,승용,남,53세,중상,승용,남,32세,상해없음
2018033100100052,2018년 3월 31일 02시,토요일,울산광역시 남구 무거동,경상사고,0,0,1,0,차대차 - 기타,안전운전불이행,건조,맑음,교차로 - 교차로안,승용,남,25세,상해없음,승용,남,26세,상해없음
2018033100100103,2018년 3월 31일 07시,토요일,울산광역시 울주군 온산읍,경상사고,0,0,1,0,차대차 - 측면충돌,교차로운행방법위반,건조,맑음,교차로 - 교차로안,이륜,남,37세,경상,승용,남,36세,상해없음
2018033100100148,2018년 3월 31일 09시,토요일,울산광역시 울주군 청량읍,중상사고,0,1,2,0,차대차 - 추돌,안전운전불이행,건조,맑음,교차로 - 교차로부근,승용,남,30세,상해없음,승용,남,60세,경상
2018033100100205,2018년 3월 31일 11시,토요일,울산광역시 남구 신정동,경상사고,0,0,4,0,차대차 - 측면충돌,차로위반,건조,맑음,단일로 - 기타,승용,여,52세,경상,승용,남,38세,경상
2018033100100279,2018년 3월 31일 13시,토요일,울산광역시 남구 야음동,경상사고,0,0,2,0,차대차 - 후진중충돌,안전운전불이행,건조,맑음,교차로 - 교차로부근,승용,남,57세,상해없음,승용,남,29세,경상
2018033100100357,2018년 3월 31일 15시,토요일,울산광역시 남구 신정동,경상사고,0,0,1,0,차대차 - 측면충돌,교차로운행방법위반,건조,맑음,교차로 - 교차로안,승용,남,27세,상해없음,승용,여,45세,경상
2018033100100395,2018년 3월 31일 16시,토요일,울산광역시 북구 화봉동,중상사고,0,1,0,0,차대사람 - 횡단중,보행자보호의무위반,건조,맑음,단일로 - 기타,승용,남,55세,상해없음,보행자,여,62세,중상
2018033100100426,2018년 3월 31일 17시,토요일,울산광역시 동구 방어동,경상사고,0,0,1,0,차량단독 - 기타,안전운전불이행,건조,맑음,단일로 - 기타,원동기,남,61세,경상,,,,
2018033100100427,2018년 3월 31일 17시,토요일,울산광역시 울주군 온산읍,중상사고,0,1,1,0,차대차 - 측면충돌,차로위반,건조,맑음,단일로 - 지하차도(도로)내,승용,남,47세,중상,승용,남,57세,경상
2018033100100462,2018년 3월 31일 18시,토요일,울산광역시 북구 신천동,중상사고,0,1,0,0,차대사람 - 차도통행중,안전운전불이행,건조,맑음,교차로 - 교차로안,승용,여,51세,상해없음,보행자,여,58세,중상
2018033100100463,2018년 3월 31일 18시,토요일,울산광역시 동구 화정동,경상사고,0,0,1,0,차대차 - 기타,기타,건조,맑음,교차로 - 교차로부근,승용,남,28세,기타불명,이륜,남,36세,경상
2018033100100464,2018년 3월 31일 18시,토요일,울산광역시 동구 일산동,경상사고,0,0,1,0,차대차 - 기타,기타,건조,맑음,단일로 - 기타,승용,남,79세,상해없음,원동기,남,64세,경상
2018033100100465,2018년 3월 31일 18시,토요일,울산광역시 울주군 온산읍,중상사고,0,1,0,0,차대차 - 정면충돌,안전거리미확보,건조,맑음,단일로 - 지하차도(도로)내,승용,남,75세,상해없음,이륜,남,49세,중상
2018033100100497,2018년 3월 31일 19시,토요일,울산광역시 북구 중산동,경상사고,0,0,2,1,차대차 - 측면충돌,신호위반,건조,맑음,교차로 - 교차로안,승용,여,60세,부상신고,승용,남,44세,경상
2018033100100498,2018년 3월 31일 19시,토요일,울산광역시 중구 다운동,경상사고,0,0,2,0,차대차 - 추돌,안전운전불이행,건조,맑음,단일로 - 기타,승용,남,56세,상해없음,승용,남,49세,경상
2018033100100527,2018년 3월 31일 20시,토요일,울산광역시 동구 화정동,중상사고,0,1,0,0,차대차 - 측면충돌,직진우회전진행방해,건조,맑음,교차로 - 교차로안,승용,남,37세,상해없음,이륜,남,44세,중상
2018033100100556,2018년 3월 31일 21시,토요일,울산광역시 울주군 온양읍,경상사고,0,0,1,0,차대차 - 정면충돌,중앙선침범,건조,맑음,단일로 - 지하차도(도로)내,승용,남,40세,상해없음,승용,남,61세,경상
2018040100100041,2018년 4월 1일 01시,일요일,울산광역시 남구 신정동,경상사고,0,0,1,0,차대차 - 추돌,안전운전불이행,건조,맑음,단일로 - 기타,승용,남,47세,상해없음,승용,남,60세,경상
2018040100100077,2018년 4월 1일 04시,일요일,울산광역시 동구 전하동,경상사고,0,0,1,0,차대사람 - 횡단중,보행자보호의무위반,건조,맑음,교차로 - 교차로안,승용,여,45세,상해없음,보행자,남,62세,경상
2018040100100084,2018년 4월 1일 05시,일요일,울산광역시 중구 태화동,중상사고,0,1,1,0,차대차 - 기타,신호위반,건조,맑음,교차로 - 교차로안,승용,남,21세,상해없음,승용,남,25세,경상
2018040100100125,2018년 4월 1일 09시,일요일,울산광역시 북구 화봉동,중상사고,0,1,2,0,차대차 - 측면충돌,안전운전불이행,건조,맑음,교차로 - 교차로안,이륜,남,61세,경상,승용,여,40세,중상
2018040100100194,2018년 4월 1일 12시,일요일,울산광역시 울주군 언양읍,경상사고,0,0,1,0,차대사람 - 횡단중,안전운전불이행,건조,맑음,교차로 - 교차로안,승용,남,42세,상해없음,보행자,여,70세,경상
2018040100100253,2018년 4월 1일 14시,일요일,울산광역시 동구 전하동,중상사고,0,1,0,0,차대사람 - 횡단중,보행자보호의무위반,건조,맑음,단일로 - 기타,화물,남,68세,상해없음,보행자,남,70세,중상
2018040100100254,2018년 4월 1일 14시,일요일,울산광역시 울주군 삼남면,경상사고,0,0,2,0,차대차 - 측면충돌,중앙선침범,건조,맑음,단일로 - 기타,화물,남,60세,상해없음,승용,남,40세,경상
2018040100100274,2018년 4월 1일 15시,일요일,울산광역시 남구 무거동,중상사고,0,1,1,0,차대차 - 추돌,안전운전불이행,건조,맑음,단일로 - 기타,승용,남,47세,상해없음,승용,남,64세,경상
2018040100100308,2018년 4월 1일 16시,일요일,울산광역시 울주군 서생면,경상사고,0,0,1,0,차대사람 - 차도통행중,안전운전불이행,건조,맑음,단일로 - 기타,승용,남,42세,상해없음,보행자,남,67세,경상
2018040100100357,2018년 4월 1일 18시,일요일,울산광역시 울주군 서생면,중상사고,0,1,0,0,차대차 - 정면충돌,안전거리미확보,건조,맑음,단일로 - 기타,승용,여,37세,상해없음,농기계,남,52세,중상
2018040100100389,2018년 4월 1일 19시,일요일,울산광역시 북구 진장동,중상사고,0,1,4,0,차대차 - 추돌,안전운전불이행,건조,맑음,교차로 - 교차로부근,승용,여,60세,상해없음,승용,남,26세,경상
2018040100100390,2018년 4월 1일 19시,일요일,울산광역시 남구 무거동,사망사고,1,0,0,0,차대사람 - 횡단중,보행자보호의무위반,건조,맑음,기타 - 기타,승용,남,47세,상해없음,보행자,여,40세,사망
2018040200100093,2018년 4월 2일 07시,월요일,울산광역시 울주군 온산읍,경상사고,0,0,1,0,차대차 - 측면충돌,교차로운행방법위반,건조,맑음,교차로 - 교차로안,승용,남,51세,상해없음,승용,여,44세,경상
2018040200100170,2018년 4월 2일 09시,월요일,울산광역시 남구 삼산동,중상사고,0,1,0,0,차대차 - 기타,신호위반,건조,맑음,교차로 - 교차로안,승합,남,50세,상해없음,승용,여,46세,중상
2018040200100202,2018년 4월 2일 10시,월요일,울산광역시 남구 달동,경상사고,0,0,1,0,차대사람 - 기타,안전운전불이행,건조,맑음,단일로 - 기타,승합,남,42세,상해없음,보행자,남,27세,경상
2018040200100231,2018년 4월 2일 11시,월요일,울산광역시 북구 연암동,부상신고사고,0,0,0,1,차량단독 - 도로외이탈 - 추락,안전운전불이행,건조,맑음,단일로 - 기타,승용,남,61세,부상신고,,,,
2018040200100285,2018년 4월 2일 13시,월요일,울산광역시 중구 태화동,경상사고,0,0,1,0,차대차 - 측면충돌,안전운전불이행,건조,맑음,단일로 - 기타,승용,여,62세,상해없음,승합,남,60세,경상
2018040200100286,2018년 4월 2일 13시,월요일,울산광역시 중구 태화동,경상사고,0,0,1,0,차대차 - 측면충돌,중앙선침범,건조,맑음,단일로 - 기타,승용,남,75세,상해없음,승용,여,39세,경상
2018040200100287,2018년 4월 2일 13시,월요일,울산광역시 울주군 청량읍,중상사고,0,1,0,0,차대차 - 측면충돌,기타,건조,맑음,교차로 - 교차로부근,승용,여,54세,상해없음,자전거,여,47세,중상
2018040200100317,2018년 4월 2일 14시,월요일,울산광역시 중구 반구동,경상사고,0,0,1,1,차대차 - 기타,안전운전불이행,건조,맑음,단일로 - 기타,이륜,남,60세,부상신고,승용,여,38세,경상
2018040200100428,2018년 4월 2일 17시,월요일,울산광역시 중구 남외동,경상사고,0,0,1,0,차대차 - 측면충돌,안전운전불이행,건조,맑음,교차로 - 교차로안,화물,남,55세,상해없음,자전거,남,71세,경상
2018040200100429,2018년 4월 2일 17시,월요일,울산광역시 남구 야음동,경상사고,0,0,1,0,차대차 - 측면충돌,차로위반,건조,맑음,단일로 - 기타,승용,남,67세,상해없음,승합,남,57세,상해없음
2018040200100597,2018년 4월 2일 22시,월요일,울산광역시 울주군 온양읍,중상사고,0,2,0,0,차대차 - 측면충돌,중앙선침범,건조,맑음,단일로 - 지하차도(도로)내,승용,남,23세,상해없음,승용,남,60세,중상
2018040200100615,2018년 4월 2일 23시,월요일,울산광역시 북구 중산동,경상사고,0,0,1,0,차대차 - 측면충돌,직진우회전진행방해,건조,맑음,교차로 - 교차로안,승용,남,39세,상해없음,승용,남,44세,경상
2018040300100125,2018년 4월 3일 08시,화요일,울산광역시 울주군 삼남면,경상사고,0,0,3,0,차대차 - 측면충돌,교차로운행방법위반,건조,맑음,교차로 - 교차로안,승용,남,40세,경상,화물,남,64세,경상
2018040300100126,2018년 4월 3일 08시,화요일,울산광역시 울주군 온산읍,경상사고,0,0,1,0,차대사람 - 길가장자리구역통행중,안전운전불이행,건조,맑음,단일로 - 기타,승용,여,32세,상해없음,보행자,여,9세,경상
2018040300100166,2018년 4월 3일 09시,화요일,울산광역시 북구 어물동,경상사고,0,0,2,0,차대차 - 추돌,안전운전불이행,건조,맑음,교차로 - 교차로부근,화물,남,51세,상해없음,승용,남,56세,경상
2018040300100217,2018년 4월 3일 11시,화요일,울산광역시 남구 신정동,부상신고사고,0,0,0,1,차대차 - 측면충돌,안전거리미확보,건조,맑음,교차로 - 교차로안,이륜,남,67세,부상신고,승용,여,44세,상해없음
2018040300100218,2018년 4월 3일 11시,화요일,울산광역시 남구 야음동,경상사고,0,0,1,0,차대사람 - 기타,안전운전불이행,건조,맑음,교차로 - 교차로부근,승용,남,58세,상해없음,보행자,남,59세,경상
2018040300100337,2018년 4월 3일 14시,화요일,울산광역시 중구 복산동,경상사고,0,0,1,0,차대차 - 측면충돌,신호위반,건조,맑음,교차로 - 교차로부근,승용,남,34세,상해없음,승용,남,36세,경상
2018040300100338,2018년 4월 3일 14시,화요일,울산광역시 중구 남외동,중상사고,0,1,0,0,차대차 - 측면충돌,교차로운행방법위반,건조,맑음,단일로 - 기타,화물,남,60세,상해없음,자전거,남,41세,중상
2018040300100339,2018년 4월 3일 14시,화요일,울산광역시 남구 선암동,경상사고,0,0,1,0,차대차 - 기타,안전거리미확보,건조,맑음,교차로 - 교차로안,승용,여,30세,상해없음,승용,여,32세,경상
2018040300100566,2018년 4월 3일 20시,화요일,울산광역시 북구 중산동,경상사고,0,0,2,0,차대차 - 기타,신호위반,건조,맑음,교차로 - 교차로안,승용,남,54세,상해없음,승합,남,54세,경상
2018040300100567,2018년 4월 3일 20시,화요일,울산광역시 남구 야음동,경상사고,0,0,1,0,차대차 - 후진중충돌,안전운전불이행,건조,맑음,단일로 - 기타,화물,남,68세,상해없음,승용,남,56세,경상
2018040300100590,2018년 4월 3일 21시,화요일,울산광역시 울주군 온산읍,경상사고,0,0,1,0,차대차 - 기타,안전운전불이행,건조,맑음,교차로 - 교차로안,화물,남,45세,상해없음,승용,여,46세,경상
2018040300100617,2018년 4월 3일 22시,화요일,울산광역시 북구 송정동,경상사고,0,0,1,0,차량단독 - 공작물충돌,안전운전불이행,건조,맑음,단일로 - 기타,승용,남,35세,경상,,,,
2018040400100012,2018년 4월 4일 00시,수요일,울산광역시 북구 연암동,경상사고,0,0,1,0,차대차 - 기타,교차로운행방법위반,건조,맑음,교차로 - 교차로부근,승용,남,63세,상해없음,이륜,남,26세,경상
2018040400100043,2018년 4월 4일 02시,수요일,울산광역시 남구 삼산동,경상사고,0,0,1,0,차대차 - 정면충돌,안전운전불이행,건조,맑음,단일로 - 기타,승용,남,23세,상해없음,승용,남,47세,경상
2018040400100245,2018년 4월 4일 11시,수요일,울산광역시 중구 태화동,경상사고,0,0,1,0,차대차 - 기타,안전거리미확보,젖음/습기,비,단일로 - 기타,승용,남,70세,상해없음,승용,여,34세,경상
2018040400100246,2018년 4월 4일 11시,수요일,울산광역시 울주군 삼남면,경상사고,0,0,2,0,차대차 - 정면충돌,안전거리미확보,젖음/습기,비,교차로 - 교차로부근,승합,남,66세,상해없음,승용,남,69세,경상
2018040400100262,2018년 4월 4일 12시,수요일,울산광역시 남구 달동,경상사고,0,0,1,0,차대사람 - 보도통행중,기타,젖음/습기,비,기타 - 기타,승용,여,58세,상해없음,보행자,여,27세,경상
2018040400100358,2018년 4월 4일 15시,수요일,울산광역시 울주군 서생면,경상사고,0,0,4,0,차대차 - 정면충돌,중앙선침범,젖음/습기,비,단일로 - 기타,승용,남,47세,상해없음,승용,여,52세,경상
2018040400100429,2018년 4월 4일 17시,수요일,울산광역시 남구 달동,중상사고,0,1,0,0,차대차 - 기타,안전거리미확보,젖음/습기,비,단일로 - 기타,승용,여,28세,상해없음,이륜,남,37세,중상
2018040400100514,2018년 4월 4일 19시,수요일,울산광역시 울주군 언양읍,부상신고사고,0,0,0,1,차대사람 - 횡단중,안전운전불이행,건조,맑음,교차로 - 교차로안,승용,여,52세,상해없음,보행자,남,64세,부상신고
2018040400100544,2018년 4월 4일 20시,수요일,울산광역시 북구 매곡동,중상사고,0,1,1,0,차대차 - 기타,중앙선침범,젖음/습기,비,단일로 - 기타,승용,남,52세,상해없음,승용,남,37세,중상
2018040400100545,2018년 4월 4일 20시,수요일,울산광역시 동구 일산동,경상사고,0,0,1,0,차대차 - 기타,교차로운행방법위반,젖음/습기,비,교차로 - 교차로안,승용,남,42세,상해없음,이륜,남,30세,경상
2018040400100595,2018년 4월 4일 22시,수요일,울산광역시 중구 다운동,중상사고,0,1,2,0,차대차 - 추돌,안전운전불이행,젖음/습기,비,단일로 - 교량,승용,여,46세,상해없음,승용,남,38세,경상
2018040500100063,2018년 4월 5일 06시,목요일,울산광역시 남구 신정동,경상사고,0,0,1,0,차대차 - 측면충돌,신호위반,젖음/습기,흐림,교차로 - 교차로안,승용,남,66세,상해없음,승용,남,35세,경상
2018040500100167,2018년 4월 5일 09시,목요일,울산광역시 중구 우정동,경상사고,0,0,1,0,차대사람 - 횡단중,보행자보호의무위반,건조,맑음,단일로 - 기타,승용,여,58세,상해없음,보행자,여,63세,경상
2018040500100168,2018년 4월 5일 09시,목요일,울산광역시 북구 양정동,사망사고,2,8,29,0,차대차 - 측면충돌,안전운전불이행,건조,맑음,단일로 - 기타,승용,남,22세,상해없음,승합,남,51세,중상
2018040500100326,2018년 4월 5일 15시,목요일,울산광역시 북구 상안동,경상사고,0,0,1,0,차대차 - 측면충돌,안전운전불이행,건조,맑음,교차로 - 교차로횡단보도내,자전거,남,13세,경상,승합,남,44세,상해없음
2018040500100435,2018년 4월 5일 18시,목요일,울산광역시 동구 일산동,경상사고,0,0,1,0,차대차 - 측면충돌,직진우회전진행방해,건조,맑음,교차로 - 교차로안,이륜,남,28세,경상,승용,남,56세,상해없음
2018040500100602,2018년 4월 5일 21시,목요일,울산광역시 남구 신정동,중상사고,0,1,2,0,차대차 - 측면충돌,중앙선침범,건조,맑음,단일로 - 기타,승용,남,61세,상해없음,승용,남,60세,경상
2018040500100603,2018년 4월 5일 21시,목요일,울산광역시 동구 화정동,경상사고,0,0,1,0,차대사람 - 기타,안전운전불이행,젖음/습기,흐림,단일로 - 기타,승합,남,48세,기타불명,보행자,남,23세,경상
2018040500100680,2018년 4월 5일 23시,목요일,울산광역시 남구 신정동,부상신고사고,0,0,0,1,차대사람 - 차도통행중,안전운전불이행,젖음/습기,비,교차로 - 교차로부근,기타불명,기타불명,미분류,기타불명,보행자,남,17세,부상신고
2018040600100022,2018년 4월 6일 00시,금요일,울산광역시 중구 반구동,중상사고,0,2,3,0,차대차 - 정면충돌,중앙선침범,젖음/습기,비,단일로 - 교량,승용,남,28세,상해없음,승용,여,39세,중상
2018040600100023,2018년 4월 6일 00시,금요일,울산광역시 동구 서부동,경상사고,0,0,1,0,차대차 - 기타,안전운전불이행,젖음/습기,비,단일로 - 기타,승용,남,28세,기타불명,승용,남,58세,경상
2018040600100049,2018년 4월 6일 01시,금요일,울산광역시 남구 삼산동,경상사고,0,0,3,0,차대차 - 측면충돌,차로위반,젖음/습기,비,단일로 - 기타,승용,남,41세,상해없음,승용,남,48세,경상
2018040600100068,2018년 4월 6일 02시,금요일,울산광역시 동구 전하동,경상사고,0,0,1,0,차대차 - 기타,직진우회전진행방해,젖음/습기,비,교차로 - 교차로안,승용,남,24세,상해없음,승용,남,45세,경상
2018040600100118,2018년 4월 6일 06시,금요일,울산광역시 남구 신정동,중상사고,0,1,0,0,차대사람 - 횡단중,신호위반,젖음/습기,비,단일로 - 기타,승용,남,52세,상해없음,보행자,여,53세,중상
2018040600100142,2018년 4월 6일 07시,금요일,울산광역시 북구 신명동,사망사고,1,0,0,0,차량단독 - 전도전복 - 전도,안전운전불이행,젖음/습기,비,단일로 - 기타,승용,남,31세,사망,미분류,미분류,미분류,미분류
2018040600100143,2018년 4월 6일 07시,금요일,울산광역시 울주군 삼남면,중상사고,0,1,0,0,차대차 - 측면충돌,교차로운행방법위반,건조,맑음,교차로 - 교차로안,승용,남,50세,상해없음,승용,남,62세,중상
2018040600100231,2018년 4월 6일 10시,금요일,울산광역시 북구 염포동,경상사고,0,0,2,0,차대차 - 측면충돌,신호위반,젖음/습기,비,교차로 - 교차로안,승용,남,41세,상해없음,승용,남,48세,경상
2018040600100411,2018년 4월 6일 16시,금요일,울산광역시 울주군 언양읍,경상사고,0,0,2,0,차대차 - 추돌,안전운전불이행,건조,맑음,교차로 - 교차로부근,승용,남,55세,상해없음,승용,남,37세,경상
2018040600100553,2018년 4월 6일 20시,금요일,울산광역시 동구 서부동,경상사고,0,0,1,0,차대사람 - 횡단중,신호위반,건조,맑음,교차로 - 교차로안,이륜,남,54세,상해없음,보행자,여,17세,경상
2018040600100649,2018년 4월 6일 23시,금요일,울산광역시 남구 신정동,중상사고,0,2,0,0,차대사람 - 차도통행중,중앙선침범,건조,맑음,교차로 - 교차로부근,승용,남,47세,상해없음,보행자,여,60세,중상
2018040700100044,2018년 4월 7일 01시,토요일,울산광역시 울주군 삼남면,경상사고,0,0,1,0,차량단독 - 공작물충돌,안전운전불이행,건조,맑음,단일로 - 기타,승용,여,46세,상해없음,,,,
2018040700100062,2018년 4월 7일 02시,토요일,울산광역시 남구 야음동,경상사고,0,0,2,0,차대차 - 추돌,안전운전불이행,건조,맑음,교차로 - 교차로안,승용,여,54세,상해없음,승용,남,71세,경상
2018040700100063,2018년 4월 7일 02시,토요일,울산광역시 남구 신정동,경상사고,0,0,1,0,차대차 - 기타,신호위반,건조,맑음,교차로 - 교차로안,승용,남,15세,상해없음,승용,남,64세,경상
2018040700100118,2018년 4월 7일 07시,토요일,울산광역시 중구 반구동,중상사고,0,1,0,0,차대차 - 측면충돌,안전운전불이행,건조,맑음,교차로 - 교차로안,승용,남,41세,상해없음,자전거,여,70세,중상