사고번호,사고일시,요일,시군구,사고내용,사망자수,중상자수,경상자수,부상신고자수,사고유형,법규위반,노면상태,기상상태,도로형태,가해운전자 차종,가해운전자 성별,가해운전자 연령,가해운전자 상해정도,피해운전자 차종,피해운전자 성별,피해운전자 연령,피해운전자 상해정도
2018040700100119,2018년 4월 7일 07시,토요일,울산광역시 중구 성남동,경상사고,0,0,1,0,차대차 - 후진중충돌,안전운전불이행,건조,맑음,교차로 - 교차로부근,승합,남,43세,기타불명,승용,여,65세,경상
2018040700100238,2018년 4월 7일 11시,토요일,울산광역시 중구 복산동,중상사고,0,1,0,0,차대사람 - 기타,안전운전불이행,건조,맑음,단일로 - 기타,승용,남,50세,상해없음,보행자,여,11세,중상
2018040700100298,2018년 4월 7일 13시,토요일,울산광역시 중구 성안동,부상신고사고,0,0,0,1,차대차 - 측면충돌,안전운전불이행,건조,맑음,단일로 - 기타,이륜,남,29세,부상신고,승합,남,54세,상해없음
2018040700100387,2018년 4월 7일 15시,토요일,울산광역시 동구 화정동,경상사고,0,0,2,0,차대차 - 정면충돌,중앙선침범,건조,맑음,교차로 - 교차로부근,승용,남,19세,상해없음,승용,남,31세,경상
2018040700100428,2018년 4월 7일 16시,토요일,울산광역시 남구 옥동,중상사고,0,1,0,0,차대사람 - 횡단중,중앙선침범,건조,맑음,단일로 - 기타,승용,남,66세,상해없음,보행자,남,16세,중상
2018040700100473,2018년 4월 7일 17시,토요일,울산광역시 북구 진장동,경상사고,0,0,1,0,차대차 - 측면충돌,불법유턴,건조,맑음,단일로 - 기타,화물,남,60세,상해없음,승용,남,66세,경상
2018040700100474,2018년 4월 7일 17시,토요일,울산광역시 동구 방어동,경상사고,0,0,2,0,차대차 - 측면충돌,직진우회전진행방해,건조,맑음,교차로 - 교차로안,승용,남,57세,상해없음,이륜,남,33세,경상
2018040700100475,2018년 4월 7일 17시,토요일,울산광역시 동구 동부동,경상사고,0,0,1,0,차대차 - 측면충돌,안전운전불이행,건조,맑음,교차로 - 교차로부근,이륜,남,47세,경상,승용,남,61세,상해없음
2018040700100522,2018년 4월 7일 18시,토요일,울산광역시 중구 옥교동,경상사고,0,0,1,0,차대차 - 기타,안전거리미확보,건조,맑음,단일로 - 기타,승용,남,33세,상해없음,승합,남,42세,상해없음
2018040800100018,2018년 4월 8일 00시,일요일,울산광역시 동구 방어동,경상사고,0,0,1,0,차대차 - 추돌,안전운전불이행,건조,맑음,교차로 - 교차로부근,원동기,남,32세,경상,승용,남,69세,상해없음
2018040800100042,2018년 4월 8일 01시,일요일,울산광역시 동구 전하동,중상사고,0,1,0,0,차량단독 - 전도전복 - 전도,안전운전불이행,건조,맑음,교차로 - 교차로부근,이륜,남,20세,중상,미분류,미분류,미분류,미분류
2018040800100043,2018년 4월 8일 01시,일요일,울산광역시 울주군 상북면,경상사고,0,0,1,0,차량단독 - 도로외이탈 - 추락,안전운전불이행,건조,맑음,단일로 - 기타,승용,남,65세,경상,,,,
2018040800100069,2018년 4월 8일 04시,일요일,울산광역시 북구 호계동,부상신고사고,0,0,0,1,차대차 - 기타,안전운전불이행,건조,맑음,단일로 - 기타,화물,남,32세,부상신고,건설기계,남,42세,기타불명
2018040800100081,2018년 4월 8일 05시,일요일,울산광역시 남구 달동,경상사고,0,0,1,0,차대사람 - 기타,안전운전불이행,건조,맑음,단일로 - 기타,승용,남,20세,상해없음,보행자,여,19세,경상
2018040800100082,2018년 4월 8일 05시,일요일,울산광역시 울주군 언양읍,중상사고,0,1,0,0,차대차 - 추돌,안전운전불이행,건조,맑음,단일로 - 기타,승용,남,35세,중상,화물,남,50세,기타불명
2018040800100114,2018년 4월 8일 08시,일요일,울산광역시 중구 성남동,경상사고,0,0,2,0,차대차 - 측면충돌,직진우회전진행방해,건조,맑음,교차로 - 교차로안,승용,남,28세,상해없음,승용,여,64세,경상
2018040800100115,2018년 4월 8일 08시,일요일,울산광역시 남구 신정동,중상사고,0,1,0,0,차대차 - 측면충돌,중앙선침범,건조,맑음,교차로 - 교차로부근,승용,남,20세,상해없음,화물,남,62세,중상
2018040800100151,2018년 4월 8일 10시,일요일,울산광역시 남구 신정동,경상사고,0,0,1,0,차대사람 - 차도통행중,안전운전불이행,건조,맑음,교차로 - 교차로안,승용,여,64세,상해없음,보행자,남,31세,경상
2018040800100152,2018년 4월 8일 10시,일요일,울산광역시 남구 신정동,경상사고,0,0,1,0,차대차 - 후진중충돌,안전운전불이행,건조,맑음,단일로 - 기타,승용,여,19세,상해없음,승용,여,40세,경상
2018040800100153,2018년 4월 8일 10시,일요일,울산광역시 남구 야음동,경상사고,0,0,1,0,차대차 - 측면충돌,차로위반,건조,맑음,단일로 - 기타,화물,남,74세,상해없음,화물,남,31세,경상
2018040800100154,2018년 4월 8일 10시,일요일,울산광역시 울주군 범서읍,경상사고,0,0,2,0,차대차 - 측면충돌,불법유턴,건조,맑음,단일로 - 지하차도(도로)내,승용,남,24세,상해없음,승합,남,72세,경상
2018040800100222,2018년 4월 8일 13시,일요일,울산광역시 중구 반구동,경상사고,0,0,2,0,차대차 - 측면충돌,안전거리미확보,건조,맑음,교차로 - 교차로부근,승용,남,66세,상해없음,승용,남,44세,상해없음
2018040800100393,2018년 4월 8일 18시,일요일,울산광역시 중구 태화동,경상사고,0,0,1,1,차대차 - 측면충돌,안전거리미확보,건조,맑음,단일로 - 기타,이륜,남,26세,부상신고,승용,여,54세,경상
2018040900100012,2018년 4월 9일 00시,월요일,울산광역시 중구 반구동,중상사고,0,1,0,0,차대차 - 기타,안전운전불이행,건조,맑음,단일로 - 기타,승용,남,60세,중상,승용,남,49세,기타불명
2018040900100159,2018년 4월 9일 09시,월요일,울산광역시 울주군 온양읍,경상사고,0,0,1,0,차대차 - 추돌,안전운전불이행,건조,맑음,교차로 - 교차로안,건설기계,남,56세,상해없음,화물,남,52세,경상
2018040900100312,2018년 4월 9일 13시,월요일,울산광역시 중구 복산동,경상사고,0,0,1,0,차대차 - 추돌,안전운전불이행,건조,맑음,단일로 - 기타,승용,남,53세,상해없음,승용,여,43세,경상
2018040900100469,2018년 4월 9일 17시,월요일,울산광역시 북구 진장동,경상사고,0,0,1,0,차대차 - 기타,안전운전불이행,건조,맑음,단일로 - 기타,승용,남,54세,상해없음,승합,남,45세,상해없음
2018040900100470,2018년 4월 9일 17시,월요일,울산광역시 북구 구유동,중상사고,0,1,1,0,차대차 - 추돌,안전운전불이행,건조,맑음,교차로 - 교차로부근,승용,남,61세,상해없음,화물,남,42세,경상
2018040900100591,2018년 4월 9일 20시,월요일,울산광역시 남구 무거동,경상사고,0,0,1,0,차대차 - 추돌,안전거리미확보,건조,맑음,교차로 - 교차로부근,승용,남,54세,상해없음,승용,여,49세,경상
2018041000100013,2018년 4월 10일 00시,화요일,울산광역시 남구 삼산동,중상사고,0,2,1,0,차대차 - 추돌,안전운전불이행,건조,맑음,단일로 - 기타,승용,남,52세,상해없음,승용,남,52세,중상
2018041000100032,2018년 4월 10일 03시,화요일,울산광역시 북구 양정동,경상사고,0,0,1,0,차대차 - 추돌,안전운전불이행,젖음/습기,비,단일로 - 기타,승용,남,25세,상해없음,승용,여,45세,경상
2018041000100095,2018년 4월 10일 07시,화요일,울산광역시 남구 상개동,중상사고,0,1,0,0,차대차 - 측면충돌,신호위반,건조,맑음,교차로 - 교차로안,승용,남,71세,상해없음,원동기,남,40세,중상
2018041000100096,2018년 4월 10일 07시,화요일,울산광역시 울주군 온산읍,중상사고,0,1,0,0,차대차 - 정면충돌,안전거리미확보,건조,맑음,교차로 - 교차로부근,승용,남,35세,상해없음,이륜,남,34세,중상
2018041000100135,2018년 4월 10일 08시,화요일,울산광역시 중구 반구동,경상사고,0,0,1,0,차대차 - 정면충돌,안전운전불이행,건조,맑음,단일로 - 기타,승용,남,43세,상해없음,자전거,남,73세,경상
2018041000100136,2018년 4월 10일 08시,화요일,울산광역시 북구 명촌동,경상사고,0,0,3,0,차대차 - 측면충돌,안전거리미확보,건조,맑음,단일로 - 기타,화물,남,26세,상해없음,승용,여,46세,경상
2018041000100173,2018년 4월 10일 09시,화요일,울산광역시 중구 교동,경상사고,0,0,1,0,차대차 - 측면충돌,신호위반,건조,맑음,교차로 - 교차로안,자전거,남,88세,경상,승용,남,66세,상해없음
2018041000100199,2018년 4월 10일 10시,화요일,울산광역시 북구 명촌동,부상신고사고,0,0,0,1,차대차 - 기타,안전거리미확보,건조,맑음,단일로 - 기타,이륜,남,23세,부상신고,승용,여,39세,상해없음
2018041000100265,2018년 4월 10일 12시,화요일,울산광역시 북구 중산동,중상사고,0,1,0,0,차대차 - 측면충돌,안전거리미확보,건조,맑음,단일로 - 기타,건설기계,남,47세,상해없음,승용,남,62세,중상
2018041000100387,2018년 4월 10일 16시,화요일,울산광역시 울주군 언양읍,중상사고,0,1,0,0,차대사람 - 보도통행중,신호위반,건조,맑음,교차로 - 교차로안,건설기계,남,56세,상해없음,보행자,여,33세,중상
2018041000100388,2018년 4월 10일 16시,화요일,울산광역시 울주군 범서읍,중상사고,0,1,2,0,차대차 - 측면충돌,신호위반,건조,맑음,교차로 - 교차로안,승용,여,67세,상해없음,승용,남,55세,중상
2018041000100389,2018년 4월 10일 16시,화요일,울산광역시 울주군 삼남면,경상사고,0,0,2,0,차대차 - 측면충돌,중앙선침범,건조,맑음,단일로 - 기타,자전거,여,13세,경상,승용,여,30세,경상
2018041000100438,2018년 4월 10일 17시,화요일,울산광역시 남구 무거동,경상사고,0,0,1,0,차대차 - 측면충돌,중앙선침범,건조,맑음,단일로 - 기타,승용,남,70세,상해없음,이륜,남,26세,경상
2018041000100542,2018년 4월 10일 20시,화요일,울산광역시 중구 약사동,경상사고,0,0,1,0,차대사람 - 횡단중,신호위반,건조,맑음,교차로 - 교차로안,이륜,남,17세,상해없음,보행자,여,56세,경상
2018041000100543,2018년 4월 10일 20시,화요일,울산광역시 남구 달동,경상사고,0,0,1,0,차대사람 - 차도통행중,안전운전불이행,건조,맑음,단일로 - 기타,승용,여,45세,기타불명,보행자,남,49세,경상
2018041100100021,2018년 4월 11일 00시,수요일,울산광역시 남구 달동,경상사고,0,0,2,0,차대차 - 측면충돌,안전운전불이행,젖음/습기,비,교차로 - 교차로안,승용,남,48세,상해없음,승용,남,40세,경상
2018041100100041,2018년 4월 11일 03시,수요일,울산광역시 남구 달동,경상사고,0,0,1,0,차대사람 - 횡단중,보행자보호의무위반,건조,맑음,교차로 - 교차로부근,기타불명,기타불명,미분류,기타불명,보행자,남,29세,경상
2018041100100066,2018년 4월 11일 06시,수요일,울산광역시 중구 약사동,경상사고,0,0,1,0,차대차 - 후진중충돌,안전운전불이행,건조,흐림,단일로 - 기타,승용,남,59세,상해없음,승용,남,37세,경상
2018041100100131,2018년 4월 11일 08시,수요일,울산광역시 남구 신정동,경상사고,0,0,3,2,차대차 - 추돌,안전거리미확보,건조,맑음,단일로 - 기타,승용,여,45세,부상신고,승용,여,56세,경상
2018041100100132,2018년 4월 11일 08시,수요일,울산광역시 남구 옥동,경상사고,0,0,1,0,차대차 - 측면충돌,직진우회전진행방해,건조,맑음,교차로 - 교차로안,승용,남,35세,상해없음,승용,여,38세,경상
2018041100100280,2018년 4월 11일 13시,수요일,울산광역시 남구 신정동,경상사고,0,0,1,0,차대차 - 측면충돌,차로위반,건조,맑음,교차로 - 교차로안,승용,여,60세,기타불명,승용,남,39세,경상
2018041100100281,2018년 4월 11일 13시,수요일,울산광역시 울주군 범서읍,중상사고,0,1,0,0,차대사람 - 길가장자리구역통행중,보행자보호의무위반,건조,맑음,교차로 - 교차로횡단보도내,승용,여,64세,상해없음,보행자,여,6세,중상
2018041100100308,2018년 4월 11일 14시,수요일,울산광역시 북구 연암동,중상사고,0,1,0,0,차대차 - 측면충돌,안전거리미확보,건조,맑음,단일로 - 기타,승용,남,22세,상해없음,화물,남,48세,중상
2018041100100440,2018년 4월 11일 17시,수요일,울산광역시 동구 화정동,경상사고,0,0,1,0,차대차 - 측면충돌,안전운전불이행,건조,맑음,교차로 - 교차로안,이륜,남,23세,경상,승용,여,34세,상해없음
2018041100100441,2018년 4월 11일 17시,수요일,울산광역시 북구 염포동,경상사고,0,0,1,0,차대차 - 추돌,안전운전불이행,건조,맑음,단일로 - 기타,승합,남,75세,상해없음,승용,남,43세,경상
2018041200100070,2018년 4월 12일 06시,목요일,울산광역시 동구 방어동,중상사고,0,1,0,0,차대차 - 기타,안전운전불이행,건조,맑음,단일로 - 기타,승용,여,49세,상해없음,원동기,남,48세,중상
2018041200100096,2018년 4월 12일 07시,목요일,울산광역시 북구 산하동,경상사고,0,0,1,0,차대차 - 기타,직진우회전진행방해,건조,맑음,교차로 - 교차로안,이륜,남,33세,경상,승용,남,40세,상해없음
2018041200100140,2018년 4월 12일 08시,목요일,울산광역시 남구 신정동,중상사고,0,1,0,0,차대차 - 측면충돌,안전거리미확보,건조,맑음,교차로 - 교차로안,승용,여,32세,상해없음,자전거,남,75세,중상
2018041200100162,2018년 4월 12일 09시,목요일,울산광역시 남구 달동,중상사고,0,1,0,0,차량단독 - 기타,안전운전불이행,건조,맑음,단일로 - 기타,승합,남,54세,상해없음,,,,
2018041200100230,2018년 4월 12일 11시,목요일,울산광역시 북구 진장동,경상사고,0,0,1,0,차대차 - 측면충돌,안전거리미확보,건조,맑음,단일로 - 기타,화물,남,55세,상해없음,화물,남,53세,경상
2018041200100231,2018년 4월 12일 11시,목요일,울산광역시 동구 방어동,중상사고,0,1,0,0,차량단독 - 공작물충돌,안전운전불이행,건조,맑음,단일로 - 기타,원동기,남,21세,중상,,,,
2018041200100333,2018년 4월 12일 14시,목요일,울산광역시 동구 일산동,경상사고,0,0,2,0,차대차 - 측면충돌,중앙선침범,건조,맑음,단일로 - 기타,승용,여,47세,상해없음,원동기,여,32세,경상
2018041200100375,2018년 4월 12일 16시,목요일,울산광역시 울주군 언양읍,부상신고사고,0,0,0,1,차대차 - 측면충돌,안전거리미확보,건조,맑음,단일로 - 기타,화물,남,59세,상해없음,승용,남,22세,상해없음
2018041200100449,2018년 4월 12일 17시,목요일,울산광역시 북구 상안동,부상신고사고,0,0,0,1,차대차 - 기타,신호위반,건조,맑음,교차로 - 교차로안,원동기,남,14세,상해없음,승용,여,52세,상해없음
2018041200100493,2018년 4월 12일 18시,목요일,울산광역시 중구 교동,경상사고,0,0,1,0,차대사람 - 기타,안전운전불이행,건조,맑음,단일로 - 기타,승용,남,55세,상해없음,보행자,여,14세,경상
2018041200100495,2018년 4월 12일 18시,목요일,울산광역시 남구 옥동,중상사고,0,1,0,0,차량단독 - 기타,안전운전불이행,건조,맑음,단일로 - 기타,승합,남,26세,상해없음,,,,
2018041200100631,2018년 4월 12일 22시,목요일,울산광역시 남구 삼산동,부상신고사고,0,0,0,1,차대차 - 측면충돌,안전운전불이행,건조,맑음,단일로 - 기타,이륜,남,27세,부상신고,승용,남,47세,상해없음
2018041200100655,2018년 4월 12일 23시,목요일,울산광역시 중구 성안동,경상사고,0,0,1,2,차대차 - 측면충돌,직진우회전진행방해,건조,맑음,교차로 - 교차로안,승용,남,36세,상해없음,승용,여,49세,경상
2018041300100011,2018년 4월 13일 00시,금요일,울산광역시 북구 창평동,중상사고,0,1,0,0,차대사람 - 횡단중,안전운전불이행,건조,맑음,단일로 - 기타,승용,남,51세,상해없음,보행자,여,20세,중상
2018041300100012,2018년 4월 13일 00시,금요일,울산광역시 울주군 언양읍,경상사고,0,0,1,0,차량단독 - 공작물충돌,안전운전불이행,건조,맑음,단일로 - 지하차도(도로)내,승용,남,27세,경상,,,,
2018041300100024,2018년 4월 13일 01시,금요일,울산광역시 남구 무거동,중상사고,0,1,0,0,차량단독 - 공작물충돌,안전운전불이행,건조,맑음,단일로 - 터널,이륜,남,27세,중상,,,,
2018041300100295,2018년 4월 13일 13시,금요일,울산광역시 남구 신정동,경상사고,0,0,1,0,차대사람 - 보도통행중,보행자보호의무위반,건조,맑음,교차로 - 교차로안,승용,여,61세,상해없음,보행자,남,6세,경상
2018041300100296,2018년 4월 13일 13시,금요일,울산광역시 동구 주전동,중상사고,0,1,0,0,차대차 - 측면충돌,안전운전불이행,건조,맑음,단일로 - 기타,화물,남,66세,상해없음,이륜,남,35세,중상
2018041300100446,2018년 4월 13일 17시,금요일,울산광역시 북구 달천동,중상사고,0,1,0,0,차대사람 - 횡단중,보행자보호의무위반,건조,맑음,교차로 - 교차로횡단보도내,승용,남,55세,상해없음,보행자,남,11세,중상
2018041300100481,2018년 4월 13일 18시,금요일,울산광역시 남구 신정동,경상사고,0,0,1,0,차대사람 - 보도통행중,안전운전불이행,건조,맑음,단일로 - 기타,승용,남,56세,상해없음,보행자,여,13세,경상
2018041300100521,2018년 4월 13일 19시,금요일,울산광역시 동구 서부동,경상사고,0,0,1,0,차대차 - 측면충돌,안전운전불이행,건조,맑음,교차로 - 교차로부근,승용,남,53세,상해없음,자전거,남,12세,경상
2018041300100559,2018년 4월 13일 20시,금요일,울산광역시 남구 선암동,경상사고,0,0,1,1,차대차 - 추돌,안전거리미확보,건조,맑음,교차로 - 교차로부근,승용,남,48세,상해없음,승용,남,40세,경상
2018041300100560,2018년 4월 13일 20시,금요일,울산광역시 울주군 온산읍,경상사고,0,0,1,0,차대차 - 기타,안전운전불이행,건조,맑음,단일로 - 기타,이륜,남,44세,경상,승용,여,미분류,기타불명
2018041300100602,2018년 4월 13일 21시,금요일,울산광역시 남구 삼산동,경상사고,0,0,1,0,차대차 - 기타,안전거리미확보,건조,맑음,단일로 - 기타,승합,남,58세,상해없음,승용,남,41세,경상
2018041300100603,2018년 4월 13일 21시,금요일,울산광역시 울주군 삼남면,경상사고,0,0,1,0,차대차 - 측면충돌,중앙선침범,건조,맑음,단일로 - 기타,화물,남,58세,상해없음,승용,남,26세,경상
2018041300100633,2018년 4월 13일 22시,금요일,울산광역시 남구 신정동,부상신고사고,0,0,0,1,차대사람 - 차도통행중,안전운전불이행,건조,맑음,교차로 - 교차로안,승용,남,64세,상해없음,보행자,남,12세,부상신고
2018041400100019,2018년 4월 14일 00시,토요일,울산광역시 중구 태화동,중상사고,0,2,0,0,차대사람 - 횡단중,안전운전불이행,건조,맑음,단일로 - 기타,이륜,남,36세,중상,보행자,남,47세,중상
2018041400100056,2018년 4월 14일 02시,토요일,울산광역시 중구 반구동,경상사고,0,0,1,0,차대차 - 측면충돌,중앙선침범,건조,맑음,단일로 - 기타,승용,남,21세,상해없음,이륜,남,21세,경상
2018041400100076,2018년 4월 14일 03시,토요일,울산광역시 남구 신정동,경상사고,0,0,1,0,차대차 - 추돌,안전거리미확보,건조,맑음,교차로 - 교차로안,승용,남,41세,상해없음,승합,남,41세,경상
2018041400100077,2018년 4월 14일 03시,토요일,울산광역시 남구 달동,경상사고,0,0,1,0,차대차 - 측면충돌,안전운전불이행,건조,맑음,단일로 - 기타,승용,남,30세,상해없음,승용,남,55세,경상
2018041400100160,2018년 4월 14일 08시,토요일,울산광역시 남구 달동,중상사고,0,2,0,0,차대차 - 측면충돌,교차로운행방법위반,젖음/습기,비,교차로 - 교차로안,승용,여,60세,중상,승용,남,38세,중상
2018041400100438,2018년 4월 14일 17시,토요일,울산광역시 울주군 온산읍,경상사고,0,0,1,0,차대차 - 측면충돌,신호위반,젖음/습기,흐림,교차로 - 교차로안,승용,남,33세,상해없음,승용,남,32세,경상
2018041400100466,2018년 4월 14일 18시,토요일,울산광역시 남구 달동,중상사고,0,1,1,0,차대차 - 측면충돌,신호위반,건조,흐림,교차로 - 교차로안,승용,여,56세,상해없음,승용,여,40세,중상
2018041400100516,2018년 4월 14일 20시,토요일,울산광역시 남구 신정동,중상사고,0,2,0,0,차대차 - 추돌,안전운전불이행,젖음/습기,비,교차로 - 교차로부근,승용,남,55세,상해없음,승용,남,46세,중상
2018041400100583,2018년 4월 14일 23시,토요일,울산광역시 북구 산하동,중상사고,0,2,0,0,차대차 - 기타,안전운전불이행,젖음/습기,맑음,단일로 - 기타,승용,남,35세,상해없음,승용,남,38세,중상
2018041400100584,2018년 4월 14일 23시,토요일,울산광역시 울주군 서생면,경상사고,0,0,5,0,차대차 - 기타,신호위반,건조,맑음,교차로 - 교차로안,승용,남,59세,상해없음,승용,남,22세,경상
2018041500100162,2018년 4월 15일 11시,일요일,울산광역시 북구 상안동,경상사고,0,0,2,0,차대차 - 측면충돌,직진우회전진행방해,건조,맑음,교차로 - 교차로안,승용,남,37세,상해없음,승용,여,35세,경상
2018041500100315,2018년 4월 15일 16시,일요일,울산광역시 울주군 웅촌면,경상사고,0,0,2,0,차대차 - 정면충돌,중앙선침범,건조,맑음,단일로 - 지하차도(도로)내,화물,남,59세,상해없음,승용,남,43세,경상
2018041500100316,2018년 4월 15일 16시,일요일,울산광역시 울주군 상북면,중상사고,0,2,1,3,차대차 - 추돌,안전운전불이행,건조,맑음,단일로 - 기타,승합,남,42세,상해없음,승용,여,56세,중상
2018041500100408,2018년 4월 15일 19시,일요일,울산광역시 중구 다운동,경상사고,0,0,1,0,차대차 - 측면충돌,안전운전불이행,건조,맑음,단일로 - 기타,승용,남,49세,상해없음,화물,남,64세,경상
2018041500100493,2018년 4월 15일 22시,일요일,울산광역시 남구 삼산동,경상사고,0,0,1,0,차대차 - 측면충돌,신호위반,건조,맑음,교차로 - 교차로안,이륜,남,21세,경상,화물,남,38세,상해없음
2018041600100100,2018년 4월 16일 07시,월요일,울산광역시 울주군 언양읍,경상사고,0,0,1,0,차대차 - 기타,안전운전불이행,건조,맑음,단일로 - 기타,승용,남,66세,상해없음,승용,남,34세,경상
2018041600100210,2018년 4월 16일 10시,월요일,울산광역시 중구 복산동,경상사고,0,0,3,0,차대차 - 측면충돌,직진우회전진행방해,건조,맑음,교차로 - 교차로안,승용,여,38세,경상,승용,남,24세,경상
2018041600100265,2018년 4월 16일 12시,월요일,울산광역시 동구 주전동,중상사고,0,1,1,0,차대차 - 정면충돌,중앙선침범,건조,맑음,단일로 - 기타,승용,남,77세,상해없음,승용,남,66세,경상
2018041600100305,2018년 4월 16일 13시,월요일,울산광역시 남구 무거동,중상사고,0,1,1,0,차대차 - 측면충돌,안전운전불이행,건조,맑음,단일로 - 기타,이륜,남,50세,경상,승합,남,55세,상해없음
2018041600100366,2018년 4월 16일 15시,월요일,울산광역시 북구 연암동,경상사고,0,0,1,0,차대차 - 측면충돌,교차로운행방법위반,건조,맑음,교차로 - 교차로안,이륜,남,55세,경상,승용,남,60세,상해없음
2018041600100395,2018년 4월 16일 16시,월요일,울산광역시 중구 태화동,경상사고,0,0,1,0,차대차 - 측면충돌,교차로운행방법위반,건조,맑음,교차로 - 교차로안,승용,여,60세,상해없음,승합,남,39세,상해없음
2018041600100544,2018년 4월 16일 20시,월요일,울산광역시 중구 태화동,부상신고사고,0,0,0,1,차대사람 - 기타,기타,건조,맑음,단일로 - 기타,승합,남,39세,상해없음,보행자,여,69세,부상신고
2018041600100545,2018년 4월 16일 20시,월요일,울산광역시 동구 일산동,경상사고,0,0,1,0,차량단독 - 기타,안전운전불이행,건조,맑음,교차로 - 교차로안,승합,남,51세,상해없음,,,,
2018041600100556,2018년 4월 16일 21시,월요일,울산광역시 울주군 범서읍,경상사고,0,0,1,0,차대차 - 측면충돌,안전운전불이행,건조,맑음,단일로 - 기타,승합,남,71세,상해없음,승용,남,26세,경상
2018041700100023,2018년 4월 17일 01시,화요일,울산광역시 남구 무거동,중상사고,0,1,0,0,차대차 - 추돌,안전운전불이행,건조,맑음,교차로 - 교차로부근,승용,남,27세,상해없음,승용,남,50세,중상
2018041700100064,2018년 4월 17일 06시,화요일,울산광역시 남구 여천동,중상사고,0,1,0,0,차대차 - 측면충돌,신호위반,건조,맑음,교차로 - 교차로안,승용,남,51세,상해없음,이륜,남,53세,중상
2018041700100127,2018년 4월 17일 08시,화요일,울산광역시 남구 신정동,경상사고,0,0,1,0,차대차 - 측면충돌,안전거리미확보,건조,맑음,단일로 - 기타,화물,남,60세,상해없음,승용,남,71세,경상
2018041700100230,2018년 4월 17일 11시,화요일,울산광역시 중구 북정동,중상사고,0,1,0,0,차대차 - 추돌,안전거리미확보,건조,맑음,단일로 - 기타,승용,남,71세,상해없음,이륜,남,57세,중상
2018041700100254,2018년 4월 17일 12시,화요일,울산광역시 남구 달동,경상사고,0,0,1,0,차대사람 - 기타,보행자보호의무위반,건조,맑음,교차로 - 교차로부근,승용,남,37세,상해없음,보행자,여,38세,경상
2018041700100287,2018년 4월 17일 13시,화요일,울산광역시 남구 신정동,중상사고,0,1,0,0,차대차 - 측면충돌,신호위반,건조,맑음,교차로 - 교차로부근,승용,남,65세,상해없음,승용,여,50세,중상
2018041700100288,2018년 4월 17일 13시,화요일,울산광역시 남구 여천동,경상사고,0,0,1,0,차대차 - 추돌,안전거리미확보,건조,맑음,교차로 - 교차로안,승용,남,48세,상해없음,승용,남,61세,경상
2018041700100398,2018년 4월 17일 16시,화요일,울산광역시 남구 달동,경상사고,0,0,1,0,차대차 - 측면충돌,중앙선침범,건조,맑음,단일로 - 기타,이륜,남,28세,상해없음,이륜,남,61세,경상
2018041700100514,2018년 4월 17일 19시,화요일,울산광역시 남구 야음동,경상사고,0,0,1,0,차대사람 - 길가장자리구역통행중,안전운전불이행,건조,맑음,단일로 - 기타,승용,여,44세,상해없음,보행자,남,68세,경상
2018041700100543,2018년 4월 17일 20시,화요일,울산광역시 동구 서부동,중상사고,0,1,0,0,차량단독 - 기타,안전운전불이행,건조,맑음,단일로 - 기타,승합,남,36세,상해없음,,,,
2018041700100572,2018년 4월 17일 21시,화요일,울산광역시 중구 서동,경상사고,0,0,1,0,차대차 - 기타,안전운전불이행,건조,맑음,교차로 - 교차로안,승용,여,55세,상해없음,승용,여,27세,경상
2018041700100573,2018년 4월 17일 21시,화요일,울산광역시 남구 신정동,경상사고,0,0,3,1,차대차 - 추돌,안전운전불이행,건조,맑음,단일로 - 기타,승용,남,38세,상해없음,승용,남,55세,경상
2018041800100017,2018년 4월 18일 00시,수요일,울산광역시 북구 매곡동,중상사고,0,1,4,1,차대차 - 측면충돌,직진우회전진행방해,건조,맑음,교차로 - 교차로안,승용,남,28세,중상,승용,남,24세,경상
2018041800100184,2018년 4월 18일 09시,수요일,울산광역시 중구 태화동,중상사고,0,1,0,0,차량단독 - 기타,안전운전불이행,건조,맑음,단일로 - 기타,승합,남,57세,상해없음,,,,
2018041800100185,2018년 4월 18일 09시,수요일,울산광역시 북구 정자동,중상사고,0,1,0,0,차대차 - 기타,안전운전불이행,건조,맑음,교차로 - 교차로부근,화물,남,70세,상해없음,승합,남,34세,상해없음
2018041800100317,2018년 4월 18일 14시,수요일,울산광역시 남구 달동,중상사고,0,1,0,0,차대차 - 기타,안전운전불이행,건조,맑음,단일로 - 기타,화물,남,56세,상해없음,이륜,남,32세,중상
2018041800100447,2018년 4월 18일 17시,수요일,울산광역시 남구 성암동,부상신고사고,0,0,0,1,차대차 - 추돌,안전운전불이행,건조,맑음,단일로 - 기타,특수,남,63세,상해없음,승용,여,27세,부상신고
2018041800100448,2018년 4월 18일 17시,수요일,울산광역시 울주군 서생면,중상사고,0,1,0,0,차대사람 - 보도통행중,중앙선침범,건조,맑음,단일로 - 기타,승용,여,52세,상해없음,보행자,여,47세,중상