사고번호,사고일시,요일,시군구,사고내용,사망자수,중상자수,경상자수,부상신고자수,사고유형,법규위반,노면상태,기상상태,도로형태,가해운전자 차종,가해운전자 성별,가해운전자 연령,가해운전자 상해정도,피해운전자 차종,피해운전자 성별,피해운전자 연령,피해운전자 상해정도
2018041800100485,2018년 4월 18일 18시,수요일,울산광역시 중구 학성동,중상사고,0,3,9,0,차대차 - 추돌,안전거리미확보,건조,맑음,단일로 - 기타,승합,남,57세,상해없음,승용,남,50세,경상
2018041800100486,2018년 4월 18일 18시,수요일,울산광역시 남구 무거동,경상사고,0,0,1,0,차대차 - 기타,차로위반,건조,맑음,단일로 - 기타,승합,남,42세,상해없음,승합,남,57세,상해없음
2018041800100515,2018년 4월 18일 19시,수요일,울산광역시 동구 동부동,경상사고,0,0,1,0,차대차 - 측면충돌,차로위반,건조,맑음,교차로 - 교차로부근,승합,남,64세,기타불명,승용,남,29세,경상
2018041800100545,2018년 4월 18일 20시,수요일,울산광역시 중구 교동,경상사고,0,0,1,0,차대차 - 측면충돌,교차로운행방법위반,건조,맑음,교차로 - 교차로부근,승용,여,31세,상해없음,승용,여,54세,경상
2018041800100583,2018년 4월 18일 21시,수요일,울산광역시 동구 서부동,중상사고,0,1,0,0,차대차 - 측면충돌,안전운전불이행,건조,맑음,단일로 - 기타,승용,남,50세,상해없음,이륜,남,18세,중상
2018041800100627,2018년 4월 18일 23시,수요일,울산광역시 울주군 온산읍,경상사고,0,0,1,0,차대차 - 추돌,안전운전불이행,건조,맑음,교차로 - 교차로부근,화물,남,46세,상해없음,승용,남,42세,경상
2018041900100025,2018년 4월 19일 00시,목요일,울산광역시 동구 서부동,중상사고,0,1,0,0,차대차 - 측면충돌,신호위반,건조,맑음,교차로 - 교차로안,자전거,남,51세,중상,화물,여,57세,상해없음
2018041900100071,2018년 4월 19일 06시,목요일,울산광역시 남구 달동,중상사고,0,1,0,0,차대차 - 측면충돌,교차로운행방법위반,건조,맑음,교차로 - 교차로안,승용,남,51세,상해없음,자전거,남,58세,중상
2018041900100072,2018년 4월 19일 06시,목요일,울산광역시 동구 서부동,중상사고,0,1,0,0,차량단독 - 전도전복 - 전도,안전운전불이행,건조,맑음,단일로 - 기타,이륜,남,46세,중상,미분류,미분류,미분류,미분류
2018041900100073,2018년 4월 19일 06시,목요일,울산광역시 북구 염포동,경상사고,0,0,1,0,차대차 - 기타,안전운전불이행,건조,맑음,교차로 - 교차로안,승합,남,63세,기타불명,승용,남,36세,경상
2018041900100097,2018년 4월 19일 07시,목요일,울산광역시 북구 매곡동,경상사고,0,0,1,0,차대차 - 추돌,안전거리미확보,건조,맑음,단일로 - 기타,승용,남,20세,상해없음,승용,여,42세,경상
2018041900100098,2018년 4월 19일 07시,목요일,울산광역시 동구 동부동,경상사고,0,0,1,0,차대차 - 측면충돌,안전운전불이행,건조,맑음,교차로 - 교차로부근,승용,남,31세,상해없음,이륜,남,60세,경상
2018041900100194,2018년 4월 19일 10시,목요일,울산광역시 남구 황성동,중상사고,0,1,0,0,차대차 - 측면충돌,안전거리미확보,건조,맑음,단일로 - 기타,이륜,남,31세,중상,승합,여,57세,상해없음
2018041900100353,2018년 4월 19일 15시,목요일,울산광역시 울주군 온양읍,중상사고,0,1,0,0,차대사람 - 횡단중,안전운전불이행,건조,맑음,단일로 - 지하차도(도로)내,승용,여,53세,상해없음,보행자,남,11세,중상
2018041900100399,2018년 4월 19일 16시,목요일,울산광역시 중구 유곡동,경상사고,0,0,1,0,차대차 - 측면충돌,신호위반,건조,맑음,교차로 - 교차로안,승용,여,29세,상해없음,승용,남,42세,경상
2018041900100441,2018년 4월 19일 17시,목요일,울산광역시 남구 신정동,경상사고,0,0,1,0,차대사람 - 횡단중,안전운전불이행,건조,맑음,단일로 - 기타,승용,남,50세,상해없음,보행자,남,31세,경상
2018041900100486,2018년 4월 19일 18시,목요일,울산광역시 중구 태화동,부상신고사고,0,0,0,1,차대차 - 측면충돌,안전운전불이행,건조,맑음,단일로 - 기타,이륜,남,28세,부상신고,승용,남,38세,상해없음
2018041900100487,2018년 4월 19일 18시,목요일,울산광역시 남구 신정동,경상사고,0,0,1,0,차대차 - 측면충돌,안전거리미확보,건조,맑음,교차로 - 교차로안,승용,여,34세,상해없음,승용,여,61세,경상
2018042000100036,2018년 4월 20일 02시,금요일,울산광역시 남구 달동,중상사고,0,1,0,0,차대사람 - 기타,안전운전불이행,건조,맑음,교차로 - 교차로부근,승용,남,35세,상해없음,보행자,남,75세,중상
2018042000100058,2018년 4월 20일 05시,금요일,울산광역시 동구 방어동,경상사고,0,0,2,0,차대차 - 추돌,안전운전불이행,건조,맑음,교차로 - 교차로부근,승용,여,40세,상해없음,승용,남,19세,경상
2018042000100125,2018년 4월 20일 08시,금요일,울산광역시 남구 신정동,경상사고,0,0,1,0,차대차 - 측면충돌,안전운전불이행,건조,맑음,단일로 - 기타,승용,남,48세,상해없음,승용,남,42세,경상
2018042000100228,2018년 4월 20일 11시,금요일,울산광역시 동구 방어동,경상사고,0,0,1,0,차대사람 - 기타,안전운전불이행,건조,맑음,단일로 - 기타,승합,남,52세,상해없음,보행자,여,64세,경상
2018042000100353,2018년 4월 20일 15시,금요일,울산광역시 동구 서부동,경상사고,0,0,1,0,차량단독 - 기타,안전운전불이행,건조,맑음,단일로 - 기타,승합,남,39세,상해없음,,,,
2018042000100399,2018년 4월 20일 16시,금요일,울산광역시 중구 학산동,경상사고,0,0,1,0,차대차 - 측면충돌,안전운전불이행,건조,맑음,교차로 - 교차로안,승용,남,21세,상해없음,승용,남,68세,경상
2018042000100463,2018년 4월 20일 17시,금요일,울산광역시 북구 산하동,경상사고,0,0,2,0,차대차 - 측면충돌,교차로운행방법위반,건조,맑음,교차로 - 교차로안,승용,남,38세,경상,화물,남,36세,경상
2018042000100598,2018년 4월 20일 20시,금요일,울산광역시 중구 남외동,경상사고,0,0,1,0,차대사람 - 기타,안전운전불이행,건조,맑음,단일로 - 기타,자전거,남,20세,상해없음,보행자,여,68세,경상
2018042000100599,2018년 4월 20일 20시,금요일,울산광역시 중구 태화동,중상사고,0,1,0,0,차대차 - 측면충돌,교차로운행방법위반,건조,맑음,교차로 - 교차로안,승용,남,59세,상해없음,이륜,남,49세,중상
2018042000100625,2018년 4월 20일 21시,금요일,울산광역시 울주군 삼남면,중상사고,0,1,0,0,차대사람 - 횡단중,신호위반,건조,맑음,교차로 - 교차로횡단보도내,승용,여,55세,상해없음,보행자,남,55세,중상
2018042100100053,2018년 4월 21일 02시,토요일,울산광역시 남구 삼산동,사망사고,1,0,0,0,차량단독 - 공작물충돌,안전운전불이행,건조,맑음,단일로 - 기타,원동기,남,29세,사망,,,,
2018042100100063,2018년 4월 21일 03시,토요일,울산광역시 중구 학산동,사망사고,1,0,0,0,차대차 - 추돌,안전운전불이행,건조,맑음,교차로 - 교차로부근,승용,남,24세,상해없음,이륜,남,16세,사망
2018042100100098,2018년 4월 21일 05시,토요일,울산광역시 울주군 온산읍,중상사고,0,1,0,0,차대차 - 기타,기타,건조,맑음,단일로 - 기타,승용,남,43세,상해없음,승용,남,54세,중상
2018042100100126,2018년 4월 21일 07시,토요일,울산광역시 울주군 온산읍,중상사고,0,1,1,0,차대차 - 측면충돌,신호위반,건조,맑음,교차로 - 교차로부근,승용,남,55세,상해없음,승용,남,35세,중상
2018042100100150,2018년 4월 21일 08시,토요일,울산광역시 중구 학산동,중상사고,0,1,0,0,차대차 - 측면충돌,안전거리미확보,건조,맑음,단일로 - 기타,승합,남,67세,상해없음,원동기,남,59세,중상
2018042100100201,2018년 4월 21일 10시,토요일,울산광역시 중구 학산동,경상사고,0,0,1,0,차대차 - 측면충돌,직진우회전진행방해,건조,맑음,교차로 - 교차로안,승용,여,39세,기타불명,원동기,남,46세,경상
2018042100100247,2018년 4월 21일 11시,토요일,울산광역시 중구 성남동,중상사고,0,1,0,0,차대사람 - 횡단중,보행자보호의무위반,건조,맑음,교차로 - 교차로안,승용,남,77세,상해없음,보행자,여,84세,중상
2018042100100311,2018년 4월 21일 13시,토요일,울산광역시 울주군 삼남면,경상사고,0,0,2,0,차대차 - 측면충돌,안전운전불이행,건조,맑음,교차로 - 교차로안,승용,여,65세,상해없음,승용,남,50세,경상
2018042100100349,2018년 4월 21일 14시,토요일,울산광역시 울주군 온양읍,경상사고,0,0,1,0,차대차 - 측면충돌,중앙선침범,건조,맑음,단일로 - 기타,승용,남,43세,상해없음,승용,여,19세,경상
2018042100100395,2018년 4월 21일 15시,토요일,울산광역시 중구 옥교동,경상사고,0,0,1,0,차대차 - 추돌,안전운전불이행,건조,맑음,단일로 - 기타,승용,남,39세,상해없음,승용,남,65세,상해없음
2018042100100396,2018년 4월 21일 15시,토요일,울산광역시 중구 복산동,경상사고,0,0,1,0,차대차 - 기타,안전운전불이행,건조,맑음,교차로 - 교차로안,승용,남,77세,상해없음,승용,여,21세,경상
2018042100100397,2018년 4월 21일 15시,토요일,울산광역시 동구 서부동,중상사고,0,1,0,0,차대사람 - 횡단중,안전운전불이행,건조,맑음,교차로 - 교차로부근,승용,남,63세,상해없음,보행자,여,73세,중상
2018042100100437,2018년 4월 21일 16시,토요일,울산광역시 중구 태화동,경상사고,0,0,1,0,차대차 - 기타,안전운전불이행,건조,맑음,단일로 - 기타,승용,남,46세,상해없음,이륜,남,24세,경상
2018042100100438,2018년 4월 21일 16시,토요일,울산광역시 남구 삼산동,경상사고,0,0,1,0,차대차 - 측면충돌,안전운전불이행,건조,맑음,교차로 - 교차로부근,이륜,남,18세,상해없음,승용,남,56세,상해없음
2018042100100495,2018년 4월 21일 17시,토요일,울산광역시 중구 우정동,부상신고사고,0,0,0,1,차대차 - 측면충돌,직진우회전진행방해,건조,맑음,교차로 - 교차로안,이륜,남,32세,부상신고,이륜,남,52세,상해없음
2018042100100496,2018년 4월 21일 17시,토요일,울산광역시 중구 태화동,경상사고,0,0,2,0,차대차 - 측면충돌,안전거리미확보,건조,맑음,단일로 - 교량,승용,남,27세,경상,화물,남,42세,경상
2018042100100549,2018년 4월 21일 18시,토요일,울산광역시 중구 남외동,경상사고,0,0,1,0,차대사람 - 차도통행중,안전운전불이행,건조,맑음,교차로 - 교차로안,승합,남,68세,상해없음,보행자,남,32세,경상
2018042100100584,2018년 4월 21일 19시,토요일,울산광역시 북구 연암동,중상사고,0,1,1,0,차량단독 - 전도전복 - 전도,안전운전불이행,건조,맑음,단일로 - 기타,승용,남,64세,상해없음,미분류,미분류,미분류,미분류
2018042100100615,2018년 4월 21일 20시,토요일,울산광역시 남구 무거동,경상사고,0,0,3,0,차대차 - 측면충돌,교차로운행방법위반,건조,맑음,교차로 - 교차로안,승용,남,39세,상해없음,승용,남,58세,경상
2018042100100616,2018년 4월 21일 20시,토요일,울산광역시 동구 서부동,중상사고,0,1,0,0,차대차 - 측면충돌,안전운전불이행,건조,맑음,교차로 - 교차로부근,승용,남,53세,상해없음,이륜,남,22세,중상
2018042100100650,2018년 4월 21일 21시,토요일,울산광역시 중구 태화동,경상사고,0,0,1,0,차대차 - 추돌,안전운전불이행,건조,맑음,단일로 - 기타,승용,남,22세,상해없음,승용,남,71세,경상
2018042100100688,2018년 4월 21일 22시,토요일,울산광역시 남구 달동,경상사고,0,0,2,0,차대차 - 측면충돌,신호위반,건조,맑음,교차로 - 교차로안,이륜,남,65세,상해없음,승용,남,63세,경상
2018042100100689,2018년 4월 21일 22시,토요일,울산광역시 남구 달동,경상사고,0,0,1,0,차대사람 - 횡단중,보행자보호의무위반,건조,맑음,단일로 - 기타,승용,남,61세,상해없음,보행자,남,33세,경상
2018042100100711,2018년 4월 21일 23시,토요일,울산광역시 울주군 삼남면,경상사고,0,0,2,0,차대차 - 측면충돌,직진우회전진행방해,건조,맑음,교차로 - 교차로안,승용,여,55세,기타불명,승용,여,48세,경상
2018042200100131,2018년 4월 22일 10시,일요일,울산광역시 울주군 온양읍,경상사고,0,0,1,0,차대차 - 추돌,안전거리미확보,건조,맑음,단일로 - 기타,이륜,남,28세,경상,승용,남,58세,상해없음
2018042200100154,2018년 4월 22일 11시,일요일,울산광역시 울주군 삼동면,중상사고,0,2,1,0,차량단독 - 전도전복 - 전도,기타,건조,맑음,단일로 - 기타,승용,여,55세,경상,미분류,미분류,미분류,미분류
2018042200100209,2018년 4월 22일 13시,일요일,울산광역시 중구 남외동,경상사고,0,0,1,0,차대차 - 기타,안전운전불이행,건조,맑음,교차로 - 교차로안,승용,남,60세,상해없음,자전거,남,13세,경상
2018042200100241,2018년 4월 22일 14시,일요일,울산광역시 중구 태화동,중상사고,0,2,11,2,차대차 - 기타,안전운전불이행,건조,맑음,단일로 - 기타,승용,남,55세,부상신고,승용,여,62세,부상신고
2018042200100417,2018년 4월 22일 20시,일요일,울산광역시 울주군 삼남면,중상사고,0,1,0,0,차대사람 - 횡단중,안전운전불이행,건조,맑음,단일로 - 기타,승용,남,33세,상해없음,보행자,여,13세,중상
2018042200100477,2018년 4월 22일 22시,일요일,울산광역시 중구 우정동,경상사고,0,0,1,0,차대사람 - 횡단중,신호위반,건조,맑음,교차로 - 교차로안,승용,남,57세,상해없음,보행자,여,30세,경상
2018042300100257,2018년 4월 23일 12시,월요일,울산광역시 울주군 상북면,경상사고,0,0,2,0,차대차 - 측면충돌,안전운전불이행,젖음/습기,비,교차로 - 교차로안,승용,여,57세,경상,승용,남,57세,경상
2018042300100295,2018년 4월 23일 13시,월요일,울산광역시 남구 삼산동,중상사고,0,1,0,0,차대차 - 정면충돌,중앙선침범,젖음/습기,비,단일로 - 기타,승용,남,24세,상해없음,승합,남,60세,중상
2018042300100409,2018년 4월 23일 17시,월요일,울산광역시 남구 신정동,경상사고,0,0,1,0,차대사람 - 횡단중,보행자보호의무위반,젖음/습기,비,단일로 - 기타,승용,여,46세,상해없음,보행자,남,9세,경상
2018042300100483,2018년 4월 23일 19시,월요일,울산광역시 동구 전하동,경상사고,0,0,2,0,차대차 - 기타,안전운전불이행,젖음/습기,비,단일로 - 기타,승용,남,58세,상해없음,원동기,남,73세,경상
2018042300100526,2018년 4월 23일 20시,월요일,울산광역시 북구 연암동,경상사고,0,0,1,0,차대차 - 추돌,안전운전불이행,젖음/습기,비,교차로 - 교차로부근,승용,남,36세,상해없음,승용,여,29세,경상
2018042300100527,2018년 4월 23일 20시,월요일,울산광역시 중구 반구동,중상사고,0,1,1,1,차대사람 - 기타,안전운전불이행,젖음/습기,비,교차로 - 교차로안,승합,여,56세,부상신고,보행자,남,59세,중상
2018042300100528,2018년 4월 23일 20시,월요일,울산광역시 울주군 온양읍,경상사고,0,0,1,0,차대차 - 측면충돌,중앙선침범,젖음/습기,비,단일로 - 교량,승용,남,53세,상해없음,승용,남,48세,경상
2018042300100529,2018년 4월 23일 20시,월요일,울산광역시 울주군 온양읍,중상사고,0,1,0,0,차대사람 - 보도통행중,보행자보호의무위반,젖음/습기,비,교차로 - 교차로횡단보도내,이륜,남,20세,상해없음,보행자,남,52세,중상
2018042300100530,2018년 4월 23일 20시,월요일,울산광역시 울주군 온양읍,경상사고,0,0,1,0,차대차 - 추돌,안전운전불이행,젖음/습기,비,단일로 - 교량,승용,남,54세,상해없음,승용,여,25세,경상
2018042300100604,2018년 4월 23일 22시,월요일,울산광역시 중구 다운동,경상사고,0,0,1,0,차대차 - 기타,교차로운행방법위반,젖음/습기,비,교차로 - 교차로부근,승용,남,60세,상해없음,이륜,남,19세,경상
2018042400100026,2018년 4월 24일 01시,화요일,울산광역시 북구 양정동,중상사고,0,1,0,0,차대차 - 추돌,안전운전불이행,젖음/습기,비,단일로 - 기타,승용,남,39세,상해없음,승용,남,22세,중상
2018042400100040,2018년 4월 24일 02시,화요일,울산광역시 남구 달동,중상사고,0,2,0,0,차대사람 - 횡단중,신호위반,젖음/습기,비,교차로 - 교차로횡단보도내,승용,남,27세,상해없음,보행자,남,63세,중상
2018042400100174,2018년 4월 24일 09시,화요일,울산광역시 울주군 범서읍,부상신고사고,0,0,0,2,차대차 - 추돌,안전거리미확보,건조,맑음,단일로 - 기타,화물,남,48세,부상신고,승합,여,34세,부상신고
2018042400100293,2018년 4월 24일 13시,화요일,울산광역시 울주군 언양읍,중상사고,0,1,0,0,차대차 - 측면충돌,안전거리미확보,젖음/습기,흐림,단일로 - 교량,건설기계,남,55세,상해없음,승용,남,66세,중상
2018042400100552,2018년 4월 24일 20시,화요일,울산광역시 중구 다운동,경상사고,0,0,1,0,차대차 - 추돌,안전운전불이행,건조,맑음,단일로 - 기타,화물,남,51세,상해없음,승용,남,45세,경상
2018042400100619,2018년 4월 24일 22시,화요일,울산광역시 중구 남외동,경상사고,0,0,1,0,차대사람 - 기타,안전운전불이행,건조,맑음,단일로 - 기타,기타불명,기타불명,미분류,기타불명,보행자,남,36세,경상
2018042400100646,2018년 4월 24일 23시,화요일,울산광역시 중구 교동,부상신고사고,0,0,0,1,차량단독 - 공작물충돌,안전운전불이행,건조,맑음,단일로 - 기타,승용,남,39세,부상신고,,,,
2018042500100046,2018년 4월 25일 05시,수요일,울산광역시 북구 염포동,경상사고,0,0,1,0,차대사람 - 길가장자리구역통행중,안전운전불이행,건조,맑음,교차로 - 교차로부근,화물,남,41세,상해없음,보행자,남,41세,경상
2018042500100056,2018년 4월 25일 06시,수요일,울산광역시 동구 전하동,경상사고,0,0,1,0,차대차 - 추돌,안전운전불이행,건조,맑음,단일로 - 기타,원동기,여,71세,상해없음,원동기,남,30세,경상
2018042500100057,2018년 4월 25일 06시,수요일,울산광역시 울주군 언양읍,경상사고,0,0,1,0,차대차 - 기타,안전운전불이행,건조,맑음,교차로 - 교차로부근,승용,남,28세,상해없음,화물,남,41세,경상
2018042500100123,2018년 4월 25일 08시,수요일,울산광역시 중구 복산동,경상사고,0,0,1,0,차대차 - 측면충돌,안전거리미확보,건조,맑음,단일로 - 기타,화물,남,43세,상해없음,승용,남,35세,경상
2018042500100218,2018년 4월 25일 11시,수요일,울산광역시 북구 신천동,중상사고,0,1,0,0,차대차 - 추돌,신호위반,건조,맑음,교차로 - 교차로안,건설기계,남,38세,상해없음,사륜오토바이(ATV),남,81세,중상
2018042500100446,2018년 4월 25일 17시,수요일,울산광역시 중구 옥교동,중상사고,0,1,0,0,차대차 - 측면충돌,중앙선침범,건조,맑음,단일로 - 기타,자전거,남,89세,중상,승용,여,58세,상해없음
2018042500100447,2018년 4월 25일 17시,수요일,울산광역시 남구 삼산동,경상사고,0,0,1,0,차대차 - 측면충돌,안전거리미확보,건조,맑음,단일로 - 기타,화물,남,63세,상해없음,승용,남,23세,경상
2018042500100485,2018년 4월 25일 18시,수요일,울산광역시 중구 성남동,중상사고,0,1,0,0,차대차 - 측면충돌,중앙선침범,건조,맑음,단일로 - 기타,승용,남,30세,상해없음,화물,남,60세,중상
2018042500100486,2018년 4월 25일 18시,수요일,울산광역시 울주군 청량읍,경상사고,0,0,2,0,차대차 - 측면충돌,교차로운행방법위반,건조,맑음,교차로 - 교차로안,승용,여,47세,상해없음,승용,남,66세,경상
2018042500100516,2018년 4월 25일 19시,수요일,울산광역시 중구 태화동,경상사고,0,0,1,0,차대차 - 측면충돌,기타,건조,맑음,단일로 - 기타,승용,남,76세,상해없음,이륜,남,50세,경상
2018042500100546,2018년 4월 25일 20시,수요일,울산광역시 북구 양정동,중상사고,0,1,1,0,차대차 - 추돌,안전운전불이행,건조,맑음,단일로 - 기타,승용,여,50세,중상,승합,남,36세,경상
2018042500100571,2018년 4월 25일 21시,수요일,울산광역시 중구 유곡동,중상사고,0,1,0,0,차대사람 - 횡단중,안전운전불이행,건조,맑음,단일로 - 기타,승용,여,53세,상해없음,보행자,여,79세,중상
2018042600100012,2018년 4월 26일 00시,목요일,울산광역시 남구 두왕동,중상사고,0,1,0,0,차대차 - 추돌,안전운전불이행,건조,맑음,교차로 - 교차로부근,승용,남,72세,상해없음,이륜,남,31세,중상
2018042600100055,2018년 4월 26일 05시,목요일,울산광역시 남구 선암동,경상사고,0,0,1,0,차량단독 - 기타,안전운전불이행,건조,맑음,교차로 - 교차로안,승용,남,69세,상해없음,,,,
2018042600100216,2018년 4월 26일 11시,목요일,울산광역시 남구 신정동,중상사고,0,1,0,0,차대차 - 측면충돌,안전운전불이행,건조,맑음,단일로 - 기타,자전거,남,82세,중상,승용,여,56세,상해없음
2018042600100276,2018년 4월 26일 13시,목요일,울산광역시 울주군 청량읍,중상사고,0,1,1,0,차대차 - 기타,안전운전불이행,건조,맑음,교차로 - 교차로부근,승용,여,24세,경상,승용,남,66세,중상
2018042600100513,2018년 4월 26일 20시,목요일,울산광역시 중구 남외동,경상사고,0,0,1,0,차대차 - 측면충돌,신호위반,건조,맑음,교차로 - 교차로안,승용,남,54세,상해없음,원동기,남,37세,경상
2018042600100514,2018년 4월 26일 20시,목요일,울산광역시 울주군 삼남면,경상사고,0,0,1,0,차대차 - 측면충돌,안전운전불이행,건조,맑음,단일로 - 기타,승합,남,61세,상해없음,승용,남,34세,경상
2018042600100543,2018년 4월 26일 21시,목요일,울산광역시 남구 야음동,경상사고,0,0,2,0,차대차 - 추돌,안전운전불이행,건조,맑음,교차로 - 교차로부근,승용,남,45세,상해없음,승용,남,59세,경상
2018042700100026,2018년 4월 27일 01시,금요일,울산광역시 남구 무거동,경상사고,0,0,1,0,차대차 - 측면충돌,차로위반,건조,맑음,단일로 - 기타,승용,남,21세,상해없음,승합,남,44세,상해없음
2018042700100133,2018년 4월 27일 08시,금요일,울산광역시 울주군 청량읍,경상사고,0,0,2,0,차대차 - 측면충돌,신호위반,건조,맑음,교차로 - 교차로안,승용,남,61세,경상,승용,남,57세,경상
2018042700100273,2018년 4월 27일 13시,금요일,울산광역시 중구 복산동,경상사고,0,0,1,1,차대차 - 측면충돌,신호위반,건조,맑음,교차로 - 교차로안,승용,여,65세,부상신고,승합,남,69세,경상
2018042700100348,2018년 4월 27일 15시,금요일,울산광역시 울주군 온양읍,중상사고,0,1,0,0,차대차 - 기타,안전운전불이행,건조,맑음,교차로 - 교차로안,승용,남,31세,상해없음,승용,남,20세,중상
2018042700100433,2018년 4월 27일 17시,금요일,울산광역시 동구 서부동,경상사고,0,0,1,0,차대차 - 기타,안전거리미확보,건조,맑음,단일로 - 기타,승용,여,49세,상해없음,이륜,남,24세,경상
2018042700100485,2018년 4월 27일 18시,금요일,울산광역시 동구 전하동,경상사고,0,0,1,0,차대차 - 기타,안전운전불이행,건조,맑음,단일로 - 기타,승용,남,19세,상해없음,자전거,남,22세,경상
2018042700100559,2018년 4월 27일 20시,금요일,울산광역시 남구 신정동,중상사고,0,1,0,0,차대사람 - 횡단중,중앙선침범,건조,맑음,단일로 - 기타,승용,남,37세,상해없음,보행자,여,57세,중상
2018042700100560,2018년 4월 27일 20시,금요일,울산광역시 남구 무거동,경상사고,0,0,2,0,차대차 - 측면충돌,교차로운행방법위반,건조,맑음,교차로 - 교차로안,승용,남,57세,상해없음,승용,남,31세,경상
2018042700100650,2018년 4월 27일 23시,금요일,울산광역시 남구 야음동,중상사고,0,1,0,0,차대사람 - 길가장자리구역통행중,안전운전불이행,건조,맑음,단일로 - 기타,승용,남,64세,상해없음,보행자,여,56세,중상
2018042800100057,2018년 4월 28일 02시,토요일,울산광역시 남구 달동,경상사고,0,0,1,0,차대차 - 측면충돌,교차로운행방법위반,건조,맑음,교차로 - 교차로안,승용,여,34세,상해없음,승용,여,24세,경상
2018042800100099,2018년 4월 28일 05시,토요일,울산광역시 중구 태화동,중상사고,0,1,0,0,차대차 - 정면충돌,중앙선침범,건조,맑음,단일로 - 기타,승용,남,64세,상해없음,승용,남,26세,중상
2018042800100131,2018년 4월 28일 07시,토요일,울산광역시 남구 무거동,중상사고,0,1,0,0,차대차 - 기타,안전거리미확보,건조,맑음,교차로 - 교차로부근,화물,남,59세,상해없음,이륜,남,40세,중상
2018042800100234,2018년 4월 28일 10시,토요일,울산광역시 동구 전하동,경상사고,0,0,1,0,차대차 - 추돌,안전거리미확보,건조,맑음,교차로 - 교차로안,승용,여,38세,상해없음,승용,여,61세,경상
2018042800100318,2018년 4월 28일 12시,토요일,울산광역시 동구 화정동,경상사고,0,0,1,0,차대차 - 기타,안전운전불이행,건조,맑음,단일로 - 기타,승용,남,42세,상해없음,원동기,여,51세,경상
2018042800100354,2018년 4월 28일 13시,토요일,울산광역시 북구 진장동,경상사고,0,0,3,0,차대차 - 추돌,안전운전불이행,건조,맑음,단일로 - 기타,승용,남,37세,상해없음,승용,남,59세,경상
2018042800100467,2018년 4월 28일 16시,토요일,울산광역시 울주군 범서읍,경상사고,0,0,1,0,차대차 - 추돌,안전거리미확보,건조,맑음,교차로 - 교차로부근,화물,남,67세,상해없음,승용,남,26세,경상
2018042800100468,2018년 4월 28일 16시,토요일,울산광역시 울주군 언양읍,중상사고,0,1,0,0,차대차 - 추돌,안전운전불이행,건조,맑음,기타 - 기타,자전거,남,50세,중상,승용,남,57세,상해없음
2018042800100537,2018년 4월 28일 18시,토요일,울산광역시 중구 남외동,경상사고,0,0,1,0,차대차 - 기타,중앙선침범,건조,맑음,교차로 - 교차로부근,승용,남,61세,상해없음,이륜,남,23세,경상
2018042800100625,2018년 4월 28일 21시,토요일,울산광역시 중구 복산동,중상사고,0,1,0,0,차대사람 - 횡단중,안전운전불이행,건조,맑음,교차로 - 교차로부근,승용,여,55세,상해없음,보행자,남,58세,중상
2018042800100653,2018년 4월 28일 22시,토요일,울산광역시 동구 방어동,경상사고,0,0,3,0,차대차 - 추돌,안전운전불이행,건조,맑음,단일로 - 기타,승용,여,49세,경상,승용,남,56세,경상
2018042800100674,2018년 4월 28일 23시,토요일,울산광역시 남구 삼산동,경상사고,0,0,2,0,차대차 - 추돌,안전거리미확보,건조,맑음,교차로 - 교차로부근,승용,남,37세,상해없음,승용,남,35세,경상
2018042800100675,2018년 4월 28일 23시,토요일,울산광역시 울주군 범서읍,경상사고,0,0,3,0,차대차 - 추돌,안전거리미확보,건조,맑음,단일로 - 기타,승용,남,44세,상해없음,승용,남,25세,상해없음
2018042900100055,2018년 4월 29일 03시,일요일,울산광역시 남구 옥동,중상사고,0,2,0,0,차대차 - 측면충돌,안전운전불이행,건조,맑음,단일로 - 기타,승용,남,26세,상해없음,승용,남,28세,중상
2018042900100056,2018년 4월 29일 03시,일요일,울산광역시 남구 신정동,사망사고,1,0,0,0,차량단독 - 공작물충돌,안전운전불이행,건조,맑음,교차로 - 교차로안,이륜,남,22세,사망,,,,
2018042900100115,2018년 4월 29일 08시,일요일,울산광역시 울주군 청량읍,중상사고,0,1,1,0,차대차 - 측면충돌,안전운전불이행,건조,맑음,단일로 - 기타,화물,여,53세,상해없음,건설기계,남,58세,경상
2018042900100116,2018년 4월 29일 08시,일요일,울산광역시 울주군 온양읍,경상사고,0,0,1,0,차대차 - 추돌,안전거리미확보,건조,맑음,단일로 - 기타,승용,남,72세,상해없음,승용,여,49세,경상
2018042900100134,2018년 4월 29일 09시,일요일,울산광역시 남구 달동,경상사고,0,0,1,0,차대차 - 측면충돌,교차로운행방법위반,건조,맑음,교차로 - 교차로안,화물,남,31세,상해없음,승용,여,47세,경상