사고번호,사고일시,요일,시군구,사고내용,사망자수,중상자수,경상자수,부상신고자수,사고유형,법규위반,노면상태,기상상태,도로형태,가해운전자 차종,가해운전자 성별,가해운전자 연령,가해운전자 상해정도,피해운전자 차종,피해운전자 성별,피해운전자 연령,피해운전자 상해정도
2018061300100312,2018년 6월 13일 14시,수요일,울산광역시 남구 삼산동,경상사고,0,0,1,0,차대차 - 측면충돌,신호위반,건조,맑음,교차로 - 교차로안,승용,남,71세,상해없음,승용,남,28세,경상
2018061300100348,2018년 6월 13일 15시,수요일,울산광역시 중구 태화동,경상사고,0,0,1,0,차대차 - 기타,교차로운행방법위반,건조,맑음,교차로 - 교차로안,승용,남,53세,상해없음,승용,여,40세,경상
2018061300100349,2018년 6월 13일 15시,수요일,울산광역시 북구 산하동,경상사고,0,0,1,0,차대차 - 측면충돌,기타,건조,맑음,단일로 - 기타,승용,여,54세,상해없음,자전거,남,10세,경상
2018061300100388,2018년 6월 13일 16시,수요일,울산광역시 중구 반구동,경상사고,0,0,1,0,차대차 - 기타,안전운전불이행,건조,맑음,단일로 - 기타,승용,남,34세,상해없음,자전거,남,10세,경상
2018061300100389,2018년 6월 13일 16시,수요일,울산광역시 남구 무거동,경상사고,0,0,1,0,차대사람 - 기타,기타,건조,맑음,단일로 - 기타,기타불명,남,79세,기타불명,보행자,여,15세,경상
2018061300100390,2018년 6월 13일 16시,수요일,울산광역시 동구 방어동,경상사고,0,0,2,0,차대차 - 기타,중앙선침범,건조,맑음,단일로 - 기타,승용,남,34세,상해없음,승용,여,30세,경상
2018061300100421,2018년 6월 13일 17시,수요일,울산광역시 중구 성남동,경상사고,0,0,1,0,차대사람 - 횡단중,보행자보호의무위반,건조,맑음,단일로 - 기타,승용,여,43세,상해없음,보행자,여,19세,경상
2018061300100422,2018년 6월 13일 17시,수요일,울산광역시 남구 무거동,경상사고,0,0,5,0,차대차 - 추돌,안전운전불이행,건조,맑음,단일로 - 교량,승용,남,55세,상해없음,승용,남,39세,경상
2018061300100457,2018년 6월 13일 18시,수요일,울산광역시 남구 달동,중상사고,0,1,0,0,차대사람 - 횡단중,안전운전불이행,건조,맑음,기타 - 기타,승용,남,28세,기타불명,보행자,여,62세,중상
2018061300100516,2018년 6월 13일 20시,수요일,울산광역시 북구 호계동,중상사고,0,1,0,0,차대사람 - 횡단중,보행자보호의무위반,건조,맑음,교차로 - 교차로횡단보도내,승용,여,40세,상해없음,보행자,여,6세,중상
2018061300100539,2018년 6월 13일 21시,수요일,울산광역시 남구 무거동,중상사고,0,1,0,0,차대사람 - 횡단중,보행자보호의무위반,건조,맑음,교차로 - 교차로안,승용,남,43세,상해없음,보행자,남,28세,중상
2018061300100570,2018년 6월 13일 23시,수요일,울산광역시 동구 화정동,중상사고,0,2,1,0,차대차 - 정면충돌,신호위반,건조,맑음,교차로 - 교차로안,이륜,남,16세,상해없음,승용,여,30세,경상
2018061400100030,2018년 6월 14일 03시,목요일,울산광역시 울주군 범서읍,경상사고,0,0,1,0,차대차 - 추돌,안전거리미확보,건조,맑음,교차로 - 교차로부근,승용,남,26세,상해없음,승용,여,51세,경상
2018061400100163,2018년 6월 14일 09시,목요일,울산광역시 중구 서동,경상사고,0,0,1,0,차대차 - 측면충돌,신호위반,건조,맑음,교차로 - 교차로안,승용,여,61세,상해없음,승용,여,29세,경상
2018061400100187,2018년 6월 14일 10시,목요일,울산광역시 중구 약사동,경상사고,0,0,2,1,차대차 - 측면충돌,안전운전불이행,건조,맑음,교차로 - 교차로안,승용,여,50세,부상신고,승용,여,46세,경상
2018061400100221,2018년 6월 14일 11시,목요일,울산광역시 남구 신정동,경상사고,0,0,1,0,차대사람 - 차도통행중,안전운전불이행,건조,맑음,단일로 - 기타,승용,여,46세,상해없음,보행자,남,67세,경상
2018061400100274,2018년 6월 14일 13시,목요일,울산광역시 동구 서부동,경상사고,0,0,1,0,차대사람 - 횡단중,신호위반,건조,맑음,교차로 - 교차로횡단보도내,승용,여,38세,상해없음,보행자,남,73세,경상
2018061400100308,2018년 6월 14일 14시,목요일,울산광역시 동구 서부동,경상사고,0,0,1,0,차대차 - 후진중충돌,안전운전불이행,건조,맑음,주차장 - 주차장,승용,여,55세,상해없음,승합,남,42세,경상
2018061400100394,2018년 6월 14일 16시,목요일,울산광역시 남구 신정동,중상사고,0,1,0,0,차대사람 - 차도통행중,안전운전불이행,건조,맑음,단일로 - 기타,승용,여,54세,상해없음,보행자,남,70세,중상
2018061400100536,2018년 6월 14일 19시,목요일,울산광역시 남구 무거동,중상사고,0,1,0,0,차대차 - 측면충돌,신호위반,건조,맑음,교차로 - 교차로안,승용,남,71세,상해없음,이륜,남,57세,중상
2018061400100572,2018년 6월 14일 20시,목요일,울산광역시 남구 달동,경상사고,0,0,1,0,차대사람 - 길가장자리구역통행중,안전운전불이행,건조,맑음,단일로 - 기타,이륜,남,59세,상해없음,보행자,여,53세,경상
2018061400100647,2018년 6월 14일 23시,목요일,울산광역시 중구 학성동,중상사고,0,2,0,0,차대차 - 측면충돌,신호위반,건조,맑음,교차로 - 교차로안,이륜,남,36세,중상,이륜,남,16세,중상
2018061500100085,2018년 6월 15일 07시,금요일,울산광역시 남구 야음동,경상사고,0,0,1,0,차대차 - 추돌,신호위반,건조,맑음,교차로 - 교차로안,화물,남,37세,상해없음,승용,여,47세,경상
2018061500100125,2018년 6월 15일 08시,금요일,울산광역시 북구 정자동,경상사고,0,0,2,0,차대차 - 측면충돌,안전운전불이행,건조,맑음,교차로 - 교차로안,승용,여,39세,경상,승용,여,30세,경상
2018061500100307,2018년 6월 15일 14시,금요일,울산광역시 중구 반구동,경상사고,0,0,1,0,차대사람 - 횡단중,보행자보호의무위반,건조,맑음,단일로 - 기타,승용,여,44세,상해없음,보행자,여,9세,경상
2018061500100308,2018년 6월 15일 14시,금요일,울산광역시 울주군 온산읍,경상사고,0,0,1,0,차대차 - 정면충돌,중앙선침범,건조,맑음,단일로 - 기타,승용,여,49세,상해없음,승용,남,24세,경상
2018061500100621,2018년 6월 15일 21시,금요일,울산광역시 중구 서동,경상사고,0,0,1,0,차대사람 - 기타,안전운전불이행,건조,맑음,단일로 - 기타,승용,남,28세,상해없음,보행자,남,28세,경상
2018061500100658,2018년 6월 15일 22시,금요일,울산광역시 울주군 언양읍,중상사고,0,2,0,0,차대차 - 측면충돌,안전운전불이행,건조,맑음,교차로 - 교차로안,승용,남,63세,상해없음,승용,남,55세,중상
2018061600100075,2018년 6월 16일 05시,토요일,울산광역시 남구 신정동,경상사고,0,0,1,0,차대차 - 측면충돌,신호위반,건조,맑음,교차로 - 교차로안,승용,남,25세,상해없음,승용,여,63세,경상
2018061600100076,2018년 6월 16일 05시,토요일,울산광역시 울주군 청량읍,경상사고,0,0,1,0,차대차 - 측면충돌,중앙선침범,건조,맑음,단일로 - 지하차도(도로)내,승용,남,52세,상해없음,승용,남,66세,경상
2018061600100124,2018년 6월 16일 08시,토요일,울산광역시 북구 중산동,경상사고,0,0,1,0,차대사람 - 기타,안전운전불이행,건조,맑음,단일로 - 기타,승용,남,64세,상해없음,보행자,남,58세,경상
2018061600100268,2018년 6월 16일 13시,토요일,울산광역시 중구 남외동,경상사고,0,0,1,0,차대사람 - 기타,안전운전불이행,건조,맑음,교차로 - 교차로안,화물,남,35세,상해없음,보행자,여,59세,경상
2018061600100312,2018년 6월 16일 14시,토요일,울산광역시 울주군 서생면,중상사고,0,1,0,0,차대차 - 기타,안전운전불이행,건조,맑음,교차로 - 교차로안,승용,여,32세,상해없음,자전거,남,31세,중상
2018061600100345,2018년 6월 16일 15시,토요일,울산광역시 중구 학성동,경상사고,0,0,1,0,차대차 - 측면충돌,안전운전불이행,건조,맑음,교차로 - 교차로안,승용,여,47세,상해없음,승용,여,62세,경상
2018061600100393,2018년 6월 16일 16시,토요일,울산광역시 중구 성남동,경상사고,0,0,1,0,차대차 - 측면충돌,안전운전불이행,건조,맑음,단일로 - 기타,이륜,남,70세,상해없음,자전거,남,8세,경상
2018061600100394,2018년 6월 16일 16시,토요일,울산광역시 중구 복산동,경상사고,0,0,2,0,차대차 - 정면충돌,안전운전불이행,건조,맑음,교차로 - 교차로안,원동기,남,32세,경상,원동기,남,49세,경상
2018061600100479,2018년 6월 16일 18시,토요일,울산광역시 북구 명촌동,경상사고,0,0,1,0,차대차 - 측면충돌,안전거리미확보,건조,맑음,단일로 - 교량,승용,남,49세,상해없음,이륜,남,29세,경상
2018061600100542,2018년 6월 16일 20시,토요일,울산광역시 남구 신정동,경상사고,0,0,2,0,차대차 - 측면충돌,차로위반,건조,맑음,교차로 - 교차로부근,승용,남,62세,상해없음,승용,남,64세,경상
2018061600100603,2018년 6월 16일 22시,토요일,울산광역시 남구 무거동,부상신고사고,0,0,0,1,차대차 - 추돌,안전거리미확보,건조,맑음,교차로 - 교차로부근,승용,남,24세,상해없음,이륜,남,26세,부상신고
2018061600100604,2018년 6월 16일 22시,토요일,울산광역시 남구 신정동,경상사고,0,0,2,0,차대차 - 추돌,안전운전불이행,건조,맑음,교차로 - 교차로부근,승용,남,44세,상해없음,승용,남,58세,경상
2018061700100054,2018년 6월 17일 02시,일요일,울산광역시 동구 방어동,중상사고,0,1,0,0,차량단독 - 전도전복 - 전도,안전운전불이행,건조,맑음,단일로 - 기타,이륜,남,38세,중상,미분류,미분류,미분류,미분류
2018061700100166,2018년 6월 17일 11시,일요일,울산광역시 남구 두왕동,경상사고,0,0,2,0,차대차 - 측면충돌,신호위반,건조,맑음,교차로 - 교차로안,특수,남,36세,경상,승용,남,76세,경상
2018061700100221,2018년 6월 17일 13시,일요일,울산광역시 북구 효문동,경상사고,0,0,1,0,차대차 - 추돌,안전거리미확보,건조,맑음,단일로 - 기타,승용,남,57세,상해없음,승용,남,34세,상해없음
2018061700100272,2018년 6월 17일 15시,일요일,울산광역시 북구 화봉동,경상사고,0,0,1,1,차대차 - 추돌,안전운전불이행,건조,맑음,단일로 - 기타,화물,남,49세,부상신고,승용,남,48세,상해없음
2018061700100365,2018년 6월 17일 18시,일요일,울산광역시 남구 무거동,경상사고,0,0,1,0,차대차 - 측면충돌,안전운전불이행,건조,맑음,단일로 - 기타,승용,남,61세,상해없음,승용,남,32세,경상
2018061700100366,2018년 6월 17일 18시,일요일,울산광역시 울주군 서생면,경상사고,0,0,1,0,차대차 - 기타,교차로운행방법위반,건조,맑음,교차로 - 교차로안,승용,여,54세,상해없음,이륜,남,57세,경상
2018061700100391,2018년 6월 17일 19시,일요일,울산광역시 북구 매곡동,경상사고,0,0,1,2,차대차 - 측면충돌,안전운전불이행,건조,맑음,교차로 - 교차로부근,이륜,남,24세,부상신고,승용,남,25세,경상
2018061700100392,2018년 6월 17일 19시,일요일,울산광역시 남구 달동,중상사고,0,1,0,0,차대차 - 측면충돌,교차로운행방법위반,건조,맑음,교차로 - 교차로안,승용,여,57세,상해없음,화물,남,60세,중상
2018061700100435,2018년 6월 17일 21시,일요일,울산광역시 북구 달천동,경상사고,0,0,1,0,차대차 - 추돌,안전운전불이행,건조,맑음,단일로 - 기타,승용,남,57세,상해없음,승용,남,51세,경상
2018061700100436,2018년 6월 17일 21시,일요일,울산광역시 남구 무거동,사망사고,1,0,0,0,차대사람 - 횡단중,안전운전불이행,건조,맑음,단일로 - 기타,승용,여,62세,상해없음,보행자,남,82세,사망
2018061700100457,2018년 6월 17일 22시,일요일,울산광역시 울주군 온산읍,중상사고,0,1,0,0,차대차 - 측면충돌,중앙선침범,건조,맑음,교차로 - 교차로안,승용,남,46세,상해없음,이륜,남,63세,중상
2018061800100054,2018년 6월 18일 07시,월요일,울산광역시 울주군 청량읍,사망사고,1,4,1,0,차대차 - 추돌,안전거리미확보,건조,맑음,단일로 - 기타,특수,남,64세,상해없음,승용,여,47세,사망
2018061800100073,2018년 6월 18일 07시,월요일,울산광역시 울주군 온산읍,중상사고,0,1,0,0,차대사람 - 횡단중,안전운전불이행,건조,맑음,단일로 - 기타,승용,남,28세,상해없음,보행자,남,8세,중상
2018061800100174,2018년 6월 18일 09시,월요일,울산광역시 남구 신정동,경상사고,0,0,1,0,차대차 - 추돌,안전운전불이행,건조,맑음,단일로 - 기타,승용,여,57세,상해없음,승용,남,54세,경상
2018061800100211,2018년 6월 18일 10시,월요일,울산광역시 중구 우정동,경상사고,0,0,3,0,차대차 - 후진중충돌,안전운전불이행,건조,맑음,단일로 - 기타,승용,여,54세,상해없음,승용,여,42세,경상
2018061800100212,2018년 6월 18일 10시,월요일,울산광역시 남구 무거동,경상사고,0,0,1,0,차대차 - 측면충돌,안전운전불이행,건조,맑음,단일로 - 기타,승용,여,52세,상해없음,자전거,남,59세,경상
2018061800100213,2018년 6월 18일 10시,월요일,울산광역시 울주군 삼남면,경상사고,0,0,1,0,차대차 - 측면충돌,안전운전불이행,건조,맑음,단일로 - 지하차도(도로)내,승용,남,73세,상해없음,승용,여,41세,상해없음
2018061800100342,2018년 6월 18일 14시,월요일,울산광역시 남구 부곡동,중상사고,0,1,0,0,차대차 - 측면충돌,중앙선침범,건조,맑음,교차로 - 교차로부근,승용,남,52세,상해없음,화물,남,40세,중상
2018061800100379,2018년 6월 18일 15시,월요일,울산광역시 울주군 온산읍,중상사고,0,1,0,0,차대사람 - 횡단중,안전운전불이행,건조,맑음,단일로 - 지하차도(도로)내,승용,남,31세,상해없음,보행자,여,61세,중상
2018061800100479,2018년 6월 18일 17시,월요일,울산광역시 중구 학성동,경상사고,0,0,1,0,차대차 - 기타,중앙선침범,건조,맑음,단일로 - 기타,승용,남,27세,상해없음,이륜,남,25세,경상
2018061800100480,2018년 6월 18일 17시,월요일,울산광역시 중구 동동,경상사고,0,0,1,0,차대차 - 측면충돌,직진우회전진행방해,건조,맑음,교차로 - 교차로안,이륜,남,17세,경상,승용,남,24세,상해없음
2018061800100481,2018년 6월 18일 17시,월요일,울산광역시 북구 구유동,중상사고,0,1,0,0,차량단독 - 공작물충돌,안전운전불이행,건조,맑음,단일로 - 기타,승용,남,48세,상해없음,,,,
2018061800100537,2018년 6월 18일 18시,월요일,울산광역시 북구 진장동,경상사고,0,0,1,0,차대차 - 기타,안전거리미확보,건조,맑음,단일로 - 기타,승용,남,62세,상해없음,승용,남,50세,상해없음
2018061800100568,2018년 6월 18일 19시,월요일,울산광역시 울주군 온산읍,중상사고,0,1,0,0,차대차 - 정면충돌,중앙선침범,건조,맑음,단일로 - 기타,승용,남,71세,상해없음,화물,남,56세,중상
2018061800100612,2018년 6월 18일 20시,월요일,울산광역시 동구 화정동,중상사고,0,1,0,0,차대사람 - 기타,안전운전불이행,건조,맑음,단일로 - 기타,이륜,남,22세,기타불명,보행자,남,49세,중상
2018061800100649,2018년 6월 18일 21시,월요일,울산광역시 북구 염포동,경상사고,0,0,1,0,차대차 - 측면충돌,안전거리미확보,건조,맑음,단일로 - 기타,이륜,남,28세,상해없음,이륜,남,36세,경상
2018061800100660,2018년 6월 18일 22시,월요일,울산광역시 북구 구유동,사망사고,1,0,0,0,차대사람 - 횡단중,보행자보호의무위반,건조,맑음,단일로 - 기타,승용,남,43세,상해없음,보행자,여,85세,사망
2018061900100126,2018년 6월 19일 08시,화요일,울산광역시 남구 옥동,경상사고,0,0,1,0,차대차 - 추돌,안전운전불이행,건조,맑음,교차로 - 교차로부근,화물,남,43세,상해없음,승용,여,36세,경상
2018061900100157,2018년 6월 19일 09시,화요일,울산광역시 남구 무거동,경상사고,0,0,1,0,차대사람 - 차도통행중,안전운전불이행,건조,맑음,기타 - 기타,승용,여,53세,상해없음,보행자,남,21세,경상
2018061900100158,2018년 6월 19일 09시,화요일,울산광역시 울주군 범서읍,경상사고,0,0,1,0,차대사람 - 횡단중,보행자보호의무위반,건조,맑음,교차로 - 교차로횡단보도내,승용,남,68세,상해없음,보행자,여,51세,경상
2018061900100159,2018년 6월 19일 09시,화요일,울산광역시 울주군 범서읍,경상사고,0,0,1,0,차대차 - 측면충돌,교차로운행방법위반,건조,맑음,교차로 - 교차로안,승용,남,61세,상해없음,화물,남,49세,경상
2018061900100344,2018년 6월 19일 15시,화요일,울산광역시 중구 약사동,중상사고,0,1,0,0,차대차 - 추돌,안전거리미확보,건조,맑음,단일로 - 기타,이륜,남,63세,중상,승용,남,75세,상해없음
2018061900100470,2018년 6월 19일 18시,화요일,울산광역시 중구 남외동,경상사고,0,0,1,0,차량단독 - 공작물충돌,안전운전불이행,건조,맑음,교차로 - 교차로부근,기타불명,기타불명,미분류,기타불명,,,,
2018061900100588,2018년 6월 19일 23시,화요일,울산광역시 중구 반구동,경상사고,0,0,1,0,차대사람 - 차도통행중,안전운전불이행,건조,맑음,교차로 - 교차로안,승합,남,52세,상해없음,보행자,남,57세,경상
2018061900100589,2018년 6월 19일 23시,화요일,울산광역시 중구 서동,중상사고,0,1,0,1,차대사람 - 횡단중,안전운전불이행,젖음/습기,비,단일로 - 기타,이륜,남,25세,부상신고,보행자,여,49세,중상
2018062000100014,2018년 6월 20일 00시,수요일,울산광역시 남구 달동,경상사고,0,0,1,0,차대차 - 추돌,안전운전불이행,젖음/습기,비,교차로 - 교차로부근,승용,남,38세,상해없음,승용,남,43세,경상
2018062000100061,2018년 6월 20일 06시,수요일,울산광역시 중구 우정동,부상신고사고,0,0,0,1,차대차 - 기타,안전거리미확보,건조,맑음,단일로 - 기타,기타불명,기타불명,미분류,기타불명,승용,남,28세,부상신고
2018062000100085,2018년 6월 20일 07시,수요일,울산광역시 울주군 청량읍,중상사고,0,1,4,0,차대차 - 추돌,안전거리미확보,건조,맑음,단일로 - 지하차도(도로)내,승합,남,64세,상해없음,화물,남,65세,경상
2018062000100115,2018년 6월 20일 08시,수요일,울산광역시 울주군 서생면,경상사고,0,0,1,0,차대사람 - 길가장자리구역통행중,안전운전불이행,건조,맑음,단일로 - 기타,화물,남,71세,상해없음,보행자,여,64세,경상
2018062000100407,2018년 6월 20일 17시,수요일,울산광역시 중구 약사동,중상사고,0,1,0,0,차대차 - 측면충돌,안전운전불이행,건조,맑음,교차로 - 교차로안,승용,남,41세,상해없음,자전거,남,8세,중상
2018062100100048,2018년 6월 21일 04시,목요일,울산광역시 중구 복산동,중상사고,0,1,0,0,차대차 - 측면충돌,안전운전불이행,건조,맑음,단일로 - 기타,승합,남,46세,중상,승합,남,39세,상해없음
2018062100100070,2018년 6월 21일 06시,목요일,울산광역시 중구 반구동,중상사고,0,1,0,0,차대차 - 측면충돌,신호위반,건조,맑음,교차로 - 교차로안,이륜,남,18세,중상,승용,남,37세,상해없음
2018062100100095,2018년 6월 21일 07시,목요일,울산광역시 중구 약사동,중상사고,0,1,1,0,차대차 - 측면충돌,안전운전불이행,건조,맑음,단일로 - 기타,승용,남,38세,상해없음,승용,남,44세,경상
2018062100100096,2018년 6월 21일 07시,목요일,울산광역시 울주군 언양읍,경상사고,0,0,1,0,차대차 - 측면충돌,신호위반,건조,맑음,교차로 - 교차로안,승용,남,48세,상해없음,승용,여,40세,상해없음
2018062100100192,2018년 6월 21일 10시,목요일,울산광역시 울주군 웅촌면,중상사고,0,1,0,0,차대차 - 기타,안전운전불이행,건조,맑음,단일로 - 기타,승용,남,65세,상해없음,승용,여,46세,중상
2018062100100305,2018년 6월 21일 14시,목요일,울산광역시 중구 학성동,중상사고,0,1,7,0,차대차 - 기타,안전운전불이행,건조,맑음,단일로 - 기타,승합,남,45세,상해없음,승합,남,43세,중상
2018062100100390,2018년 6월 21일 16시,목요일,울산광역시 울주군 언양읍,중상사고,0,1,0,0,차대사람 - 횡단중,보행자보호의무위반,건조,맑음,교차로 - 교차로안,승용,남,39세,상해없음,보행자,여,59세,중상
2018062100100451,2018년 6월 21일 17시,목요일,울산광역시 중구 우정동,경상사고,0,0,1,0,차대차 - 측면충돌,차로위반,건조,맑음,단일로 - 기타,승용,여,69세,상해없음,승용,남,53세,경상
2018062100100452,2018년 6월 21일 17시,목요일,울산광역시 남구 여천동,경상사고,0,0,2,0,차대차 - 정면충돌,신호위반,건조,맑음,교차로 - 교차로안,승용,남,54세,상해없음,승용,남,72세,경상
2018062100100537,2018년 6월 21일 19시,목요일,울산광역시 동구 일산동,경상사고,0,0,1,0,차대차 - 정면충돌,안전운전불이행,건조,맑음,교차로 - 교차로안,승용,여,51세,상해없음,이륜,남,28세,경상
2018062100100602,2018년 6월 21일 21시,목요일,울산광역시 중구 우정동,경상사고,0,0,4,0,차대차 - 측면충돌,안전운전불이행,건조,맑음,단일로 - 기타,승용,남,21세,경상,승용,남,66세,상해없음
2018062100100603,2018년 6월 21일 21시,목요일,울산광역시 동구 서부동,경상사고,0,0,1,0,차대차 - 추돌,신호위반,건조,맑음,교차로 - 교차로부근,승용,남,29세,상해없음,승용,남,36세,경상
2018062200100041,2018년 6월 22일 03시,금요일,울산광역시 북구 신천동,중상사고,0,1,0,0,차대차 - 측면충돌,차로위반,건조,맑음,단일로 - 기타,승용,남,57세,상해없음,승용,여,21세,중상
2018062200100112,2018년 6월 22일 07시,금요일,울산광역시 남구 삼산동,경상사고,0,0,1,0,차대차 - 후진중충돌,안전운전불이행,건조,맑음,교차로 - 교차로안,승용,남,30세,상해없음,승용,남,35세,경상
2018062200100223,2018년 6월 22일 10시,금요일,울산광역시 북구 창평동,경상사고,0,0,1,0,차대사람 - 차도통행중,안전운전불이행,건조,맑음,교차로 - 교차로안,승용,여,40세,상해없음,보행자,여,82세,경상
2018062200100281,2018년 6월 22일 12시,금요일,울산광역시 동구 화정동,경상사고,0,0,3,0,차대차 - 측면충돌,중앙선침범,기타,맑음,단일로 - 기타,승용,여,60세,경상,승용,남,47세,경상
2018062200100468,2018년 6월 22일 16시,금요일,울산광역시 남구 달동,경상사고,0,0,1,0,차대사람 - 차도통행중,안전운전불이행,건조,맑음,단일로 - 기타,승용,남,24세,상해없음,보행자,남,17세,경상
2018062200100526,2018년 6월 22일 17시,금요일,울산광역시 중구 장현동,부상신고사고,0,0,0,1,차대차 - 측면충돌,안전운전불이행,건조,맑음,단일로 - 기타,이륜,남,37세,부상신고,화물,남,55세,상해없음
2018062200100721,2018년 6월 22일 21시,금요일,울산광역시 울주군 청량읍,부상신고사고,0,0,0,1,차대사람 - 기타,안전운전불이행,건조,맑음,단일로 - 기타,승용,남,50세,상해없음,보행자,남,65세,부상신고
2018062200100742,2018년 6월 22일 22시,금요일,울산광역시 동구 서부동,중상사고,0,1,0,0,차대사람 - 횡단중,안전운전불이행,건조,맑음,교차로 - 교차로안,원동기,남,53세,상해없음,보행자,남,54세,중상
2018062300100039,2018년 6월 23일 01시,토요일,울산광역시 중구 유곡동,중상사고,0,1,0,1,차대차 - 기타,신호위반,건조,맑음,교차로 - 교차로안,승용,남,46세,부상신고,승용,남,28세,중상
2018062300100160,2018년 6월 23일 09시,토요일,울산광역시 중구 성안동,경상사고,0,0,1,0,차대차 - 측면충돌,안전운전불이행,젖음/습기,흐림,교차로 - 교차로안,승용,남,60세,상해없음,이륜,남,34세,경상
2018062300100190,2018년 6월 23일 10시,토요일,울산광역시 남구 삼산동,중상사고,0,1,2,0,차대차 - 측면충돌,불법유턴,건조,맑음,교차로 - 교차로안,승용,남,77세,상해없음,승용,여,32세,중상
2018062300100319,2018년 6월 23일 13시,토요일,울산광역시 남구 신정동,경상사고,0,0,1,0,차대차 - 기타,교차로운행방법위반,건조,맑음,교차로 - 교차로안,승용,여,66세,상해없음,승용,여,45세,상해없음
2018062300100424,2018년 6월 23일 16시,토요일,울산광역시 중구 복산동,중상사고,0,2,1,1,차대차 - 정면충돌,신호위반,건조,맑음,교차로 - 교차로안,승용,남,21세,부상신고,승용,남,69세,경상
2018062300100451,2018년 6월 23일 17시,토요일,울산광역시 남구 무거동,중상사고,0,1,0,0,차대사람 - 횡단중,안전운전불이행,건조,맑음,교차로 - 교차로안,승용,여,25세,상해없음,보행자,여,59세,중상
2018062300100533,2018년 6월 23일 20시,토요일,울산광역시 울주군 범서읍,경상사고,0,0,1,0,차대차 - 측면충돌,안전운전불이행,건조,맑음,교차로 - 교차로안,승용,남,46세,상해없음,자전거,남,54세,경상
2018062300100583,2018년 6월 23일 22시,토요일,울산광역시 북구 신천동,중상사고,0,2,0,0,차대차 - 추돌,안전운전불이행,건조,맑음,단일로 - 기타,화물,남,33세,상해없음,승용,남,54세,중상
2018062300100584,2018년 6월 23일 22시,토요일,울산광역시 동구 서부동,경상사고,0,0,1,0,차대차 - 측면충돌,신호위반,기타,맑음,교차로 - 교차로안,승용,남,57세,상해없음,이륜,남,35세,경상
2018062300100585,2018년 6월 23일 22시,토요일,울산광역시 동구 전하동,중상사고,0,1,0,0,차대사람 - 보도통행중,기타,기타,맑음,기타 - 기타,승용,남,41세,기타불명,보행자,여,62세,중상
2018062400100022,2018년 6월 24일 00시,일요일,울산광역시 남구 삼산동,중상사고,0,1,0,0,차대차 - 측면충돌,안전거리미확보,건조,맑음,단일로 - 기타,승용,남,57세,상해없음,승용,여,34세,중상
2018062400100060,2018년 6월 24일 04시,일요일,울산광역시 남구 두왕동,경상사고,0,0,1,0,차대차 - 측면충돌,신호위반,건조,맑음,교차로 - 교차로안,승용,남,41세,상해없음,승용,남,54세,경상
2018062400100061,2018년 6월 24일 04시,일요일,울산광역시 남구 달동,경상사고,0,0,1,0,차량단독 - 공작물충돌,안전운전불이행,건조,맑음,교차로 - 교차로안,승용,남,20세,상해없음,,,,
2018062400100109,2018년 6월 24일 08시,일요일,울산광역시 중구 우정동,경상사고,0,0,1,0,차대사람 - 기타,안전운전불이행,건조,맑음,교차로 - 교차로부근,기타불명,기타불명,미분류,기타불명,보행자,남,18세,경상
2018062400100205,2018년 6월 24일 13시,일요일,울산광역시 동구 전하동,경상사고,0,0,2,0,차대차 - 측면충돌,중앙선침범,건조,맑음,단일로 - 기타,승용,여,56세,상해없음,승용,남,40세,경상
2018062400100231,2018년 6월 24일 14시,일요일,울산광역시 동구 서부동,중상사고,0,1,0,0,차대차 - 측면충돌,신호위반,건조,맑음,교차로 - 교차로안,승용,남,67세,상해없음,이륜,남,36세,중상
2018062400100352,2018년 6월 24일 18시,일요일,울산광역시 북구 송정동,중상사고,0,2,0,0,차대차 - 측면충돌,신호위반,건조,맑음,교차로 - 교차로안,승용,남,23세,상해없음,승용,남,32세,중상
2018062400100399,2018년 6월 24일 20시,일요일,울산광역시 북구 연암동,경상사고,0,0,4,1,차대차 - 추돌,안전거리미확보,건조,맑음,교차로 - 교차로부근,화물,남,56세,부상신고,승용,남,38세,경상
2018062400100458,2018년 6월 24일 23시,일요일,울산광역시 중구 우정동,중상사고,0,2,1,0,차대차 - 측면충돌,신호위반,건조,맑음,교차로 - 교차로안,승합,남,44세,상해없음,이륜,남,59세,중상
2018062500100028,2018년 6월 25일 02시,월요일,울산광역시 동구 화정동,중상사고,0,2,0,0,차대차 - 측면충돌,신호위반,건조,맑음,교차로 - 교차로안,승용,남,53세,상해없음,승용,남,35세,중상
2018062500100050,2018년 6월 25일 05시,월요일,울산광역시 중구 반구동,경상사고,0,0,1,0,차대차 - 추돌,안전운전불이행,건조,맑음,단일로 - 교량,이륜,남,48세,상해없음,자전거,남,52세,경상