사고번호,사고일시,요일,시군구,사고내용,사망자수,중상자수,경상자수,부상신고자수,사고유형,법규위반,노면상태,기상상태,도로형태,가해운전자 차종,가해운전자 성별,가해운전자 연령,가해운전자 상해정도,피해운전자 차종,피해운전자 성별,피해운전자 연령,피해운전자 상해정도
2018062500100051,2018년 6월 25일 05시,월요일,울산광역시 남구 신정동,경상사고,0,0,1,0,차대차 - 측면충돌,신호위반,건조,맑음,교차로 - 교차로안,승합,남,52세,상해없음,승용,남,60세,경상
2018062500100086,2018년 6월 25일 07시,월요일,울산광역시 남구 황성동,중상사고,0,3,0,0,차대차 - 기타,교차로운행방법위반,건조,맑음,교차로 - 교차로안,승용,남,57세,상해없음,승용,남,47세,중상
2018062500100087,2018년 6월 25일 07시,월요일,울산광역시 동구 주전동,경상사고,0,0,1,0,차대차 - 측면충돌,안전운전불이행,건조,맑음,교차로 - 교차로안,승용,남,62세,상해없음,승용,남,33세,경상
2018062500100173,2018년 6월 25일 09시,월요일,울산광역시 울주군 범서읍,중상사고,0,1,1,0,차대차 - 추돌,안전거리미확보,건조,맑음,교차로 - 교차로부근,승용,남,41세,상해없음,승용,여,54세,중상
2018062500100295,2018년 6월 25일 12시,월요일,울산광역시 남구 달동,경상사고,0,0,1,0,차대차 - 기타,안전거리미확보,건조,맑음,교차로 - 교차로부근,승용,남,29세,상해없음,승합,남,52세,상해없음
2018062500100382,2018년 6월 25일 14시,월요일,울산광역시 남구 신정동,경상사고,0,0,2,0,차량단독 - 기타,안전운전불이행,건조,맑음,단일로 - 기타,승용,남,61세,상해없음,,,,
2018062500100516,2018년 6월 25일 17시,월요일,울산광역시 남구 야음동,경상사고,0,0,1,0,차대차 - 기타,안전운전불이행,건조,맑음,교차로 - 교차로안,승용,남,66세,상해없음,자전거,남,11세,경상
2018062500100559,2018년 6월 25일 18시,월요일,울산광역시 북구 화봉동,경상사고,0,0,1,0,차대사람 - 차도통행중,안전운전불이행,건조,맑음,단일로 - 기타,승용,남,46세,상해없음,보행자,남,9세,경상
2018062500100682,2018년 6월 25일 22시,월요일,울산광역시 울주군 온산읍,경상사고,0,0,1,0,차대차 - 추돌,안전운전불이행,건조,맑음,교차로 - 교차로안,승용,남,61세,상해없음,승용,남,24세,경상
2018062500100706,2018년 6월 25일 23시,월요일,울산광역시 중구 학산동,부상신고사고,0,0,0,1,차량단독 - 공작물충돌,안전운전불이행,건조,맑음,단일로 - 교량,이륜,남,19세,부상신고,,,,
2018062500100707,2018년 6월 25일 23시,월요일,울산광역시 울주군 삼남면,경상사고,0,0,1,0,차대차 - 측면충돌,교차로운행방법위반,건조,맑음,교차로 - 교차로안,승용,남,27세,상해없음,이륜,남,37세,경상
2018062600100019,2018년 6월 26일 00시,화요일,울산광역시 중구 성안동,경상사고,0,0,3,0,차대차 - 측면충돌,교차로운행방법위반,건조,맑음,교차로 - 교차로안,승용,남,45세,상해없음,승용,여,36세,경상
2018062600100020,2018년 6월 26일 00시,화요일,울산광역시 동구 서부동,중상사고,0,1,0,0,차대차 - 기타,안전운전불이행,건조,흐림,교차로 - 교차로부근,승용,여,48세,상해없음,화물,기타불명,미분류,기타불명
2018062600100036,2018년 6월 26일 02시,화요일,울산광역시 중구 남외동,경상사고,0,0,1,0,차대차 - 측면충돌,안전운전불이행,건조,맑음,교차로 - 교차로안,이륜,남,26세,상해없음,원동기,남,21세,경상
2018062600100199,2018년 6월 26일 09시,화요일,울산광역시 남구 신정동,경상사고,0,0,1,0,차대차 - 추돌,안전운전불이행,건조,맑음,단일로 - 기타,승용,남,56세,상해없음,승용,남,40세,경상
2018062600100416,2018년 6월 26일 16시,화요일,울산광역시 울주군 웅촌면,중상사고,0,1,0,0,차대사람 - 횡단중,안전운전불이행,건조,맑음,단일로 - 기타,승용,남,46세,상해없음,보행자,남,11세,중상
2018062600100458,2018년 6월 26일 17시,화요일,울산광역시 중구 약사동,경상사고,0,0,1,0,차대사람 - 길가장자리구역통행중,안전운전불이행,건조,맑음,교차로 - 교차로안,승용,여,44세,상해없음,보행자,여,68세,경상
2018062600100491,2018년 6월 26일 18시,화요일,울산광역시 남구 달동,부상신고사고,0,0,0,1,차대사람 - 횡단중,보행자보호의무위반,건조,맑음,교차로 - 교차로안,기타불명,기타불명,미분류,기타불명,보행자,남,16세,부상신고
2018062600100559,2018년 6월 26일 20시,화요일,울산광역시 남구 상개동,중상사고,0,2,1,0,차대차 - 기타,과속,젖음/습기,흐림,교차로 - 교차로부근,승용,남,37세,상해없음,기타불명,기타불명,미분류,기타불명
2018062600100560,2018년 6월 26일 20시,화요일,울산광역시 울주군 삼남면,경상사고,0,0,3,0,차대차 - 추돌,안전거리미확보,젖음/습기,흐림,단일로 - 기타,승합,남,51세,상해없음,승용,남,76세,경상
2018062600100630,2018년 6월 26일 22시,화요일,울산광역시 울주군 범서읍,경상사고,0,0,1,0,차대사람 - 길가장자리구역통행중,안전운전불이행,건조,맑음,기타 - 기타,기타불명,기타불명,미분류,기타불명,보행자,남,69세,경상
2018062600100653,2018년 6월 26일 23시,화요일,울산광역시 북구 산하동,경상사고,0,0,1,0,차대차 - 측면충돌,안전운전불이행,건조,맑음,교차로 - 교차로부근,승용,여,29세,상해없음,원동기,남,39세,경상
2018062700100069,2018년 6월 27일 06시,수요일,울산광역시 북구 효문동,중상사고,0,1,0,0,차대차 - 기타,안전거리미확보,젖음/습기,비,단일로 - 기타,승용,남,23세,상해없음,이륜,남,38세,중상
2018062700100070,2018년 6월 27일 06시,수요일,울산광역시 남구 삼산동,중상사고,0,1,2,0,차대차 - 측면충돌,신호위반,젖음/습기,비,교차로 - 교차로안,승용,남,25세,상해없음,승용,남,69세,중상
2018062700100092,2018년 6월 27일 07시,수요일,울산광역시 중구 다운동,경상사고,0,0,1,1,차대차 - 기타,중앙선침범,젖음/습기,비,단일로 - 기타,승용,남,19세,부상신고,승용,남,49세,경상
2018062700100128,2018년 6월 27일 08시,수요일,울산광역시 남구 신정동,경상사고,0,0,1,0,차대차 - 추돌,안전운전불이행,젖음/습기,비,단일로 - 기타,승용,남,28세,상해없음,승용,남,34세,경상
2018062700100129,2018년 6월 27일 08시,수요일,울산광역시 동구 화정동,경상사고,0,0,1,0,차대차 - 추돌,안전운전불이행,젖음/습기,비,교차로 - 교차로부근,승용,남,62세,상해없음,승용,여,45세,경상
2018062700100181,2018년 6월 27일 10시,수요일,울산광역시 울주군 삼남면,경상사고,0,0,2,0,차대차 - 측면충돌,과속,젖음/습기,비,단일로 - 기타,승용,남,40세,경상,승용,여,59세,경상
2018062700100201,2018년 6월 27일 11시,수요일,울산광역시 중구 옥교동,중상사고,0,1,0,0,차대차 - 추돌,안전거리미확보,젖음/습기,비,단일로 - 기타,승용,남,18세,상해없음,승용,여,22세,중상
2018062700100221,2018년 6월 27일 12시,수요일,울산광역시 남구 신정동,경상사고,0,0,1,0,차대사람 - 길가장자리구역통행중,안전운전불이행,건조,맑음,단일로 - 기타,승용,남,73세,상해없음,보행자,여,76세,경상
2018062700100307,2018년 6월 27일 15시,수요일,울산광역시 중구 반구동,경상사고,0,0,1,0,차대차 - 측면충돌,안전운전불이행,건조,맑음,단일로 - 기타,승용,여,26세,상해없음,이륜,남,39세,경상
2018062700100341,2018년 6월 27일 16시,수요일,울산광역시 북구 천곡동,중상사고,0,1,0,0,차대사람 - 횡단중,보행자보호의무위반,건조,맑음,단일로 - 기타,승용,여,37세,상해없음,보행자,남,18세,중상
2018062700100397,2018년 6월 27일 17시,수요일,울산광역시 울주군 온양읍,경상사고,0,0,1,0,차대차 - 측면충돌,안전운전불이행,건조,맑음,단일로 - 기타,화물,남,63세,상해없음,승용,남,47세,경상
2018062700100431,2018년 6월 27일 18시,수요일,울산광역시 북구 명촌동,경상사고,0,0,1,0,차대차 - 측면충돌,안전운전불이행,건조,맑음,단일로 - 기타,승용,남,58세,상해없음,승용,여,46세,경상
2018062700100432,2018년 6월 27일 18시,수요일,울산광역시 울주군 온양읍,사망사고,1,0,0,0,차대사람 - 횡단중,안전운전불이행,건조,맑음,교차로 - 교차로안,승용,여,43세,상해없음,보행자,여,83세,사망
2018062800100009,2018년 6월 28일 00시,목요일,울산광역시 동구 서부동,중상사고,0,2,0,0,차대차 - 추돌,안전운전불이행,건조,흐림,교차로 - 교차로부근,이륜,남,59세,중상,이륜,남,35세,중상
2018062800100079,2018년 6월 28일 06시,목요일,울산광역시 중구 성안동,부상신고사고,0,0,0,1,차대차 - 측면충돌,안전운전불이행,젖음/습기,비,교차로 - 교차로안,승용,남,49세,부상신고,승용,남,30세,상해없음
2018062800100080,2018년 6월 28일 06시,목요일,울산광역시 북구 창평동,사망사고,1,1,1,0,차대차 - 정면충돌,중앙선침범,젖음/습기,비,교차로 - 교차로안,화물,남,64세,중상,승용,남,50세,경상
2018062800100081,2018년 6월 28일 06시,목요일,울산광역시 북구 양정동,중상사고,0,1,0,0,차대차 - 기타,안전운전불이행,젖음/습기,비,단일로 - 기타,이륜,남,43세,중상,승용,남,54세,상해없음
2018062800100082,2018년 6월 28일 06시,목요일,울산광역시 울주군 온산읍,사망사고,1,3,7,0,차대차 - 측면충돌,중앙선침범,젖음/습기,비,단일로 - 기타,승용,남,49세,사망,승합,남,58세,경상
2018062800100112,2018년 6월 28일 07시,목요일,울산광역시 울주군 언양읍,경상사고,0,0,1,0,차대차 - 측면충돌,차로위반,젖음/습기,비,단일로 - 기타,승용,남,30세,상해없음,이륜,남,44세,경상
2018062800100177,2018년 6월 28일 09시,목요일,울산광역시 울주군 범서읍,경상사고,0,0,1,1,차대차 - 기타,안전거리미확보,건조,맑음,단일로 - 기타,화물,남,60세,상해없음,승용,남,59세,부상신고
2018062800100309,2018년 6월 28일 14시,목요일,울산광역시 중구 북정동,경상사고,0,0,1,0,차대차 - 측면충돌,안전운전불이행,건조,맑음,교차로 - 교차로안,승용,남,66세,상해없음,승용,남,56세,경상
2018062800100310,2018년 6월 28일 14시,목요일,울산광역시 중구 학성동,중상사고,0,1,0,0,차대차 - 기타,안전운전불이행,젖음/습기,비,단일로 - 기타,승용,여,54세,상해없음,승용,남,62세,상해없음
2018062900100027,2018년 6월 29일 01시,금요일,울산광역시 울주군 삼남면,경상사고,0,0,1,0,차대차 - 정면충돌,안전운전불이행,건조,맑음,교차로 - 교차로안,승용,남,34세,상해없음,화물,남,42세,경상
2018062900100049,2018년 6월 29일 04시,금요일,울산광역시 동구 일산동,경상사고,0,0,1,0,차량단독 - 전도전복 - 전도,안전운전불이행,젖음/습기,비,단일로 - 기타,이륜,남,26세,경상,미분류,미분류,미분류,미분류
2018062900100088,2018년 6월 29일 07시,금요일,울산광역시 남구 삼산동,경상사고,0,0,2,0,차대차 - 추돌,교차로운행방법위반,젖음/습기,비,교차로 - 교차로부근,승용,남,80세,경상,이륜,남,39세,경상
2018062900100089,2018년 6월 29일 07시,금요일,울산광역시 동구 전하동,중상사고,0,1,1,0,차대차 - 추돌,안전운전불이행,젖음/습기,비,교차로 - 교차로부근,이륜,남,29세,경상,이륜,남,37세,중상
2018062900100280,2018년 6월 29일 13시,금요일,울산광역시 중구 북정동,경상사고,0,0,1,0,차대차 - 기타,안전운전불이행,건조,맑음,교차로 - 교차로안,승용,여,45세,상해없음,승용,남,34세,경상
2018062900100398,2018년 6월 29일 16시,금요일,울산광역시 중구 우정동,경상사고,0,0,1,0,차대사람 - 횡단중,보행자보호의무위반,건조,맑음,단일로 - 기타,이륜,남,75세,상해없음,보행자,여,63세,경상
2018062900100399,2018년 6월 29일 16시,금요일,울산광역시 남구 삼산동,경상사고,0,0,1,0,차대사람 - 길가장자리구역통행중,안전운전불이행,건조,맑음,단일로 - 기타,승용,여,57세,상해없음,보행자,여,21세,경상
2018062900100400,2018년 6월 29일 16시,금요일,울산광역시 울주군 범서읍,경상사고,0,0,1,0,차대사람 - 횡단중,안전운전불이행,건조,맑음,교차로 - 교차로안,승용,여,49세,상해없음,보행자,남,50세,경상
2018062900100440,2018년 6월 29일 17시,금요일,울산광역시 북구 연암동,경상사고,0,0,2,0,차대차 - 측면충돌,직진우회전진행방해,건조,맑음,교차로 - 교차로안,승용,남,62세,경상,승용,여,45세,경상
2018062900100441,2018년 6월 29일 17시,금요일,울산광역시 울주군 온양읍,중상사고,0,1,0,0,차대차 - 추돌,안전운전불이행,건조,맑음,단일로 - 기타,승용,남,48세,상해없음,원동기,남,18세,중상
2018062900100563,2018년 6월 29일 20시,금요일,울산광역시 남구 무거동,경상사고,0,0,1,0,차대차 - 추돌,안전운전불이행,건조,흐림,단일로 - 기타,승용,남,54세,상해없음,승용,여,31세,경상
2018062900100624,2018년 6월 29일 22시,금요일,울산광역시 북구 매곡동,경상사고,0,0,1,0,차대차 - 추돌,안전운전불이행,건조,맑음,단일로 - 기타,승용,남,37세,상해없음,승용,남,36세,경상
2018063000100019,2018년 6월 30일 00시,토요일,울산광역시 남구 달동,중상사고,0,1,0,0,차대사람 - 횡단중,안전운전불이행,건조,맑음,단일로 - 기타,승용,남,69세,상해없음,보행자,남,58세,중상
2018063000100044,2018년 6월 30일 01시,토요일,울산광역시 울주군 온양읍,경상사고,0,0,1,1,차대차 - 기타,신호위반,건조,맑음,교차로 - 교차로안,화물,여,62세,상해없음,승용,여,51세,부상신고
2018063000100092,2018년 6월 30일 06시,토요일,울산광역시 울주군 언양읍,중상사고,0,1,0,0,차대차 - 기타,직진우회전진행방해,건조,맑음,교차로 - 교차로안,승용,남,66세,상해없음,승합,남,43세,중상
2018063000100169,2018년 6월 30일 10시,토요일,울산광역시 남구 신정동,경상사고,0,0,1,0,차대차 - 기타,안전운전불이행,젖음/습기,비,기타 - 기타,기타불명,기타불명,미분류,기타불명,이륜,남,20세,경상
2018063000100170,2018년 6월 30일 10시,토요일,울산광역시 동구 방어동,중상사고,0,1,0,0,차대사람 - 기타,안전운전불이행,젖음/습기,비,기타 - 기타,승용,여,49세,상해없음,보행자,여,70세,중상
2018063000100300,2018년 6월 30일 14시,토요일,울산광역시 북구 진장동,경상사고,0,0,1,0,차대차 - 측면충돌,불법유턴,젖음/습기,비,단일로 - 기타,승용,남,67세,상해없음,승용,남,60세,경상
2018063000100328,2018년 6월 30일 15시,토요일,울산광역시 남구 옥동,경상사고,0,0,1,0,차대차 - 추돌,안전운전불이행,젖음/습기,비,단일로 - 기타,승용,남,67세,상해없음,승용,여,56세,상해없음
2018063000100507,2018년 6월 30일 21시,토요일,울산광역시 남구 달동,경상사고,0,0,5,0,차대차 - 측면충돌,안전거리미확보,젖음/습기,비,교차로 - 교차로부근,승용,남,62세,상해없음,승합,남,55세,상해없음
2018063000100525,2018년 6월 30일 22시,토요일,울산광역시 남구 달동,중상사고,0,1,0,0,차대차 - 측면충돌,신호위반,젖음/습기,비,교차로 - 교차로안,승용,여,25세,상해없음,이륜,남,17세,중상
2018070100100034,2018년 7월 1일 01시,일요일,울산광역시 남구 삼산동,경상사고,0,0,1,0,차대차 - 측면충돌,교차로운행방법위반,젖음/습기,비,교차로 - 교차로안,승용,남,62세,상해없음,승용,남,59세,경상
2018070100100062,2018년 7월 1일 03시,일요일,울산광역시 북구 화봉동,중상사고,0,1,2,0,차대차 - 추돌,안전운전불이행,젖음/습기,비,단일로 - 기타,승용,남,26세,상해없음,승용,남,61세,경상
2018070100100133,2018년 7월 1일 10시,일요일,울산광역시 울주군 범서읍,중상사고,0,1,0,0,차량단독 - 공작물충돌,안전운전불이행,젖음/습기,비,단일로 - 기타,승용,여,27세,중상,,,,
2018070100100318,2018년 7월 1일 18시,일요일,울산광역시 울주군 언양읍,중상사고,0,2,0,0,차대차 - 추돌,안전거리미확보,건조,맑음,단일로 - 기타,승용,남,60세,상해없음,승용,남,67세,중상
2018070100100394,2018년 7월 1일 20시,일요일,울산광역시 남구 상개동,중상사고,0,1,3,0,차대차 - 측면충돌,안전거리미확보,젖음/습기,흐림,단일로 - 기타,승용,남,28세,상해없음,승합,남,25세,경상
2018070100100466,2018년 7월 1일 22시,일요일,울산광역시 남구 삼산동,경상사고,0,0,3,0,차대차 - 측면충돌,중앙선침범,젖음/습기,흐림,교차로 - 교차로부근,승용,남,48세,상해없음,승용,여,42세,경상
2018070200100141,2018년 7월 2일 08시,월요일,울산광역시 북구 신천동,중상사고,0,1,1,0,차대차 - 측면충돌,안전거리미확보,건조,맑음,단일로 - 기타,승용,남,66세,경상,승용,여,42세,중상
2018070200100174,2018년 7월 2일 09시,월요일,울산광역시 울주군 상북면,사망사고,1,1,0,0,차대차 - 기타,중앙선침범,젖음/습기,비,단일로 - 기타,승용,남,26세,사망,화물,남,72세,중상
2018070200100223,2018년 7월 2일 11시,월요일,울산광역시 남구 여천동,경상사고,0,0,1,0,차량단독 - 기타,안전운전불이행,건조,맑음,교차로 - 교차로안,이륜,남,22세,경상,,,,
2018070200100281,2018년 7월 2일 13시,월요일,울산광역시 울주군 청량읍,경상사고,0,0,1,0,차대차 - 측면충돌,안전거리미확보,건조,맑음,단일로 - 기타,승용,남,28세,상해없음,승용,여,57세,경상
2018070200100375,2018년 7월 2일 16시,월요일,울산광역시 중구 복산동,경상사고,0,0,1,1,차대차 - 측면충돌,신호위반,건조,맑음,교차로 - 교차로안,승용,남,75세,부상신고,승용,여,40세,경상
2018070200100461,2018년 7월 2일 18시,월요일,울산광역시 남구 야음동,경상사고,0,0,1,0,차대사람 - 기타,안전운전불이행,건조,맑음,단일로 - 기타,승용,여,59세,상해없음,보행자,여,10세,경상
2018070200100543,2018년 7월 2일 20시,월요일,울산광역시 중구 태화동,경상사고,0,0,1,0,차대차 - 측면충돌,안전운전불이행,건조,맑음,단일로 - 기타,화물,남,76세,상해없음,자전거,남,51세,경상
2018070200100622,2018년 7월 2일 22시,월요일,울산광역시 북구 연암동,경상사고,0,0,2,0,차대차 - 측면충돌,신호위반,젖음/습기,비,교차로 - 교차로안,승합,남,58세,상해없음,화물,남,56세,경상
2018070200100637,2018년 7월 2일 23시,월요일,울산광역시 울주군 범서읍,경상사고,0,0,2,0,차대차 - 추돌,안전운전불이행,젖음/습기,비,단일로 - 기타,승용,남,36세,상해없음,승용,여,45세,경상
2018070200100661,2018년 7월 2일 23시,월요일,울산광역시 중구 태화동,부상신고사고,0,0,0,1,차대차 - 추돌,안전운전불이행,젖음/습기,비,교차로 - 교차로부근,이륜,남,28세,부상신고,화물,남,48세,상해없음
2018070300100087,2018년 7월 3일 07시,화요일,울산광역시 남구 야음동,경상사고,0,0,2,0,차대차 - 추돌,안전운전불이행,젖음/습기,비,단일로 - 기타,승용,남,28세,상해없음,승용,남,29세,경상
2018070300100088,2018년 7월 3일 07시,화요일,울산광역시 동구 서부동,경상사고,0,0,2,0,차대차 - 기타,안전운전불이행,젖음/습기,비,교차로 - 교차로안,이륜,남,23세,상해없음,이륜,남,27세,경상
2018070300100089,2018년 7월 3일 07시,화요일,울산광역시 울주군 온양읍,경상사고,0,0,1,0,차대차 - 기타,안전거리미확보,젖음/습기,비,단일로 - 기타,승용,남,51세,상해없음,승용,남,40세,경상
2018070300100128,2018년 7월 3일 08시,화요일,울산광역시 남구 여천동,경상사고,0,0,1,0,차대차 - 추돌,안전운전불이행,젖음/습기,비,단일로 - 기타,화물,남,39세,상해없음,승용,남,45세,경상
2018070300100160,2018년 7월 3일 09시,화요일,울산광역시 울주군 범서읍,경상사고,0,0,3,0,차대차 - 추돌,안전운전불이행,젖음/습기,비,교차로 - 교차로부근,승용,여,53세,경상,승용,여,39세,경상
2018070300100369,2018년 7월 3일 16시,화요일,울산광역시 남구 달동,경상사고,0,0,1,0,차대차 - 기타,안전운전불이행,젖음/습기,비,교차로 - 교차로부근,승용,남,28세,상해없음,승용,남,64세,경상
2018070300100411,2018년 7월 3일 17시,화요일,울산광역시 남구 삼산동,경상사고,0,0,2,0,차대차 - 측면충돌,중앙선침범,젖음/습기,비,교차로 - 교차로부근,승용,남,20세,상해없음,승용,남,36세,경상
2018070300100441,2018년 7월 3일 18시,화요일,울산광역시 중구 약사동,경상사고,0,0,1,0,차대차 - 측면충돌,교차로운행방법위반,젖음/습기,비,교차로 - 교차로안,화물,남,58세,상해없음,승용,여,42세,경상
2018070300100442,2018년 7월 3일 18시,화요일,울산광역시 북구 진장동,경상사고,0,0,2,0,차대차 - 추돌,안전운전불이행,젖음/습기,비,단일로 - 기타,승용,남,28세,상해없음,승용,여,34세,경상
2018070300100476,2018년 7월 3일 19시,화요일,울산광역시 중구 서동,경상사고,0,0,1,0,차대차 - 측면충돌,안전운전불이행,건조,맑음,교차로 - 교차로안,승용,남,30세,상해없음,승용,여,25세,경상
2018070300100535,2018년 7월 3일 21시,화요일,울산광역시 남구 신정동,중상사고,0,1,0,0,차대차 - 측면충돌,신호위반,젖음/습기,비,교차로 - 교차로안,승용,여,55세,상해없음,승용,여,38세,중상
2018070300100536,2018년 7월 3일 21시,화요일,울산광역시 남구 신정동,중상사고,0,1,2,0,차대차 - 정면충돌,중앙선침범,젖음/습기,비,교차로 - 교차로부근,승용,남,66세,상해없음,승용,여,48세,중상
2018070300100537,2018년 7월 3일 21시,화요일,울산광역시 남구 달동,중상사고,0,1,0,0,차대차 - 추돌,안전운전불이행,건조,맑음,단일로 - 기타,승용,남,47세,상해없음,승용,남,54세,중상
2018070300100538,2018년 7월 3일 21시,화요일,울산광역시 동구 서부동,경상사고,0,0,1,0,차대사람 - 보도통행중,안전운전불이행,젖음/습기,비,교차로 - 교차로안,승용,남,48세,상해없음,보행자,남,38세,경상
2018070300100539,2018년 7월 3일 21시,화요일,울산광역시 울주군 삼남면,경상사고,0,0,1,0,차대차 - 기타,교차로운행방법위반,젖음/습기,비,교차로 - 교차로안,승용,남,51세,상해없음,승용,여,27세,경상
2018070300100566,2018년 7월 3일 22시,화요일,울산광역시 남구 삼산동,경상사고,0,0,2,0,차대차 - 추돌,안전운전불이행,젖음/습기,비,교차로 - 교차로부근,승용,남,33세,상해없음,승용,남,42세,경상
2018070400100010,2018년 7월 4일 00시,수요일,울산광역시 남구 달동,경상사고,0,0,1,0,차대차 - 추돌,안전운전불이행,젖음/습기,비,교차로 - 교차로부근,승용,남,60세,상해없음,승용,남,40세,경상
2018070400100242,2018년 7월 4일 12시,수요일,울산광역시 울주군 온양읍,경상사고,0,0,1,0,차대사람 - 길가장자리구역통행중,안전운전불이행,건조,맑음,단일로 - 기타,승용,여,43세,상해없음,보행자,여,36세,경상
2018070400100265,2018년 7월 4일 13시,수요일,울산광역시 중구 북정동,경상사고,0,0,1,0,차대차 - 측면충돌,신호위반,건조,맑음,교차로 - 교차로안,승용,여,49세,상해없음,승합,남,68세,경상
2018070400100266,2018년 7월 4일 13시,수요일,울산광역시 북구 송정동,부상신고사고,0,0,0,1,차대사람 - 기타,안전운전불이행,건조,맑음,단일로 - 기타,자전거,남,49세,상해없음,보행자,남,56세,부상신고
2018070400100335,2018년 7월 4일 15시,수요일,울산광역시 남구 신정동,중상사고,0,1,0,0,차대차 - 측면충돌,안전운전불이행,건조,맑음,단일로 - 기타,이륜,남,74세,중상,승용,여,52세,상해없음
2018070400100374,2018년 7월 4일 16시,수요일,울산광역시 북구 명촌동,중상사고,0,1,0,0,차대사람 - 차도통행중,기타,건조,맑음,단일로 - 기타,자전거,남,70세,상해없음,보행자,여,64세,중상
2018070400100434,2018년 7월 4일 17시,수요일,울산광역시 남구 야음동,경상사고,0,0,1,0,차대차 - 측면충돌,안전거리미확보,건조,맑음,교차로 - 교차로부근,승용,남,48세,상해없음,이륜,남,67세,경상
2018070400100435,2018년 7월 4일 17시,수요일,울산광역시 울주군 범서읍,중상사고,0,1,0,0,차대차 - 측면충돌,안전운전불이행,건조,맑음,단일로 - 기타,승용,여,44세,상해없음,이륜,남,45세,중상
2018070400100476,2018년 7월 4일 18시,수요일,울산광역시 북구 효문동,중상사고,0,1,0,0,차대사람 - 보도통행중,보행자보호의무위반,건조,맑음,단일로 - 기타,승용,남,67세,상해없음,보행자,남,45세,중상
2018070400100477,2018년 7월 4일 18시,수요일,울산광역시 남구 달동,경상사고,0,0,2,0,차대차 - 추돌,안전운전불이행,건조,맑음,단일로 - 기타,승용,남,28세,상해없음,승용,남,57세,경상
2018070400100478,2018년 7월 4일 18시,수요일,울산광역시 동구 화정동,중상사고,0,1,0,0,차대차 - 추돌,안전운전불이행,건조,맑음,교차로 - 교차로부근,이륜,여,52세,중상,이륜,남,52세,상해없음
2018070400100536,2018년 7월 4일 20시,수요일,울산광역시 동구 전하동,경상사고,0,0,1,0,차대사람 - 기타,안전운전불이행,건조,맑음,단일로 - 기타,승용,남,52세,상해없음,보행자,여,56세,경상
2018070400100537,2018년 7월 4일 20시,수요일,울산광역시 울주군 범서읍,경상사고,0,0,6,0,차대차 - 추돌,안전거리미확보,건조,맑음,단일로 - 기타,승합,여,52세,상해없음,승용,남,71세,경상
2018070400100600,2018년 7월 4일 22시,수요일,울산광역시 울주군 온양읍,경상사고,0,0,1,0,차대차 - 기타,차로위반,건조,맑음,단일로 - 기타,이륜,남,25세,경상,승용,남,48세,상해없음
2018070500100033,2018년 7월 5일 03시,목요일,울산광역시 남구 무거동,중상사고,0,2,0,0,차대사람 - 횡단중,보행자보호의무위반,젖음/습기,비,교차로 - 교차로안,승용,남,39세,상해없음,보행자,남,32세,중상
2018070500100156,2018년 7월 5일 09시,목요일,울산광역시 남구 신정동,경상사고,0,0,1,0,차량단독 - 전도전복 - 전도,안전운전불이행,젖음/습기,비,교차로 - 교차로부근,화물,남,49세,경상,미분류,미분류,미분류,미분류
2018070500100310,2018년 7월 5일 14시,목요일,울산광역시 남구 삼산동,중상사고,0,1,0,0,차대사람 - 횡단중,보행자보호의무위반,건조,맑음,교차로 - 교차로안,승용,여,52세,상해없음,보행자,여,55세,중상
2018070500100532,2018년 7월 5일 20시,목요일,울산광역시 중구 반구동,경상사고,0,0,1,0,차대차 - 측면충돌,안전거리미확보,건조,맑음,교차로 - 교차로부근,이륜,남,27세,상해없음,승용,여,59세,경상
2018070500100533,2018년 7월 5일 20시,목요일,울산광역시 중구 성안동,경상사고,0,0,1,0,차대차 - 측면충돌,교차로운행방법위반,젖음/습기,비,교차로 - 교차로안,승용,남,48세,상해없음,이륜,남,41세,경상
2018070500100569,2018년 7월 5일 21시,목요일,울산광역시 북구 연암동,경상사고,0,0,2,0,차대차 - 추돌,안전거리미확보,젖음/습기,비,교차로 - 교차로부근,승용,남,55세,상해없음,승합,남,60세,경상
2018070500100599,2018년 7월 5일 22시,목요일,울산광역시 남구 야음동,경상사고,0,0,1,0,차대차 - 추돌,안전운전불이행,젖음/습기,비,교차로 - 교차로부근,승용,여,53세,상해없음,승용,여,28세,경상
2018070600100017,2018년 7월 6일 00시,금요일,울산광역시 북구 명촌동,부상신고사고,0,0,0,1,차량단독 - 공작물충돌,안전운전불이행,건조,맑음,단일로 - 기타,승용,여,50세,부상신고,,,,
2018070600100018,2018년 7월 6일 00시,금요일,울산광역시 중구 복산동,경상사고,0,0,1,0,차대차 - 측면충돌,안전운전불이행,젖음/습기,맑음,교차로 - 교차로안,승용,남,48세,상해없음,이륜,남,38세,경상
2018070600100019,2018년 7월 6일 00시,금요일,울산광역시 남구 옥동,사망사고,1,0,0,0,차대사람 - 횡단중,안전운전불이행,젖음/습기,비,단일로 - 기타,승용,남,44세,상해없음,보행자,남,29세,사망