사고번호,사고일시,요일,시군구,사고내용,사망자수,중상자수,경상자수,부상신고자수,사고유형,법규위반,노면상태,기상상태,도로형태,가해운전자 차종,가해운전자 성별,가해운전자 연령,가해운전자 상해정도,피해운전자 차종,피해운전자 성별,피해운전자 연령,피해운전자 상해정도
2018070600100061,2018년 7월 6일 05시,금요일,울산광역시 울주군 범서읍,경상사고,0,0,1,0,차대차 - 측면충돌,신호위반,건조,맑음,교차로 - 교차로안,승용,여,28세,상해없음,승용,남,54세,경상
2018070600100208,2018년 7월 6일 11시,금요일,울산광역시 울주군 온양읍,경상사고,0,0,1,0,차대차 - 추돌,안전운전불이행,젖음/습기,비,단일로 - 기타,승용,남,35세,상해없음,농기계,남,60세,경상
2018070600100263,2018년 7월 6일 13시,금요일,울산광역시 북구 호계동,중상사고,0,1,1,0,차대차 - 측면충돌,신호위반,젖음/습기,흐림,교차로 - 교차로안,승용,여,49세,경상,승용,남,69세,중상
2018070600100333,2018년 7월 6일 15시,금요일,울산광역시 울주군 언양읍,중상사고,0,1,0,0,차대차 - 측면충돌,직진우회전진행방해,젖음/습기,비,교차로 - 교차로안,승용,여,60세,중상,승용,여,39세,상해없음
2018070600100334,2018년 7월 6일 15시,금요일,울산광역시 울주군 범서읍,중상사고,0,1,0,0,차대차 - 추돌,차로위반,건조,맑음,단일로 - 기타,화물,남,65세,상해없음,승용,여,41세,중상
2018070600100427,2018년 7월 6일 17시,금요일,울산광역시 중구 태화동,경상사고,0,0,2,0,차대차 - 추돌,안전운전불이행,젖음/습기,비,단일로 - 기타,승용,여,46세,상해없음,승용,남,26세,경상
2018070600100528,2018년 7월 6일 20시,금요일,울산광역시 남구 야음동,경상사고,0,0,1,0,차대사람 - 기타,안전운전불이행,건조,맑음,교차로 - 교차로부근,화물,남,49세,상해없음,보행자,남,50세,경상
2018070600100608,2018년 7월 6일 23시,금요일,울산광역시 남구 무거동,경상사고,0,0,1,0,차대차 - 측면충돌,신호위반,건조,맑음,교차로 - 교차로안,화물,남,63세,상해없음,화물,남,53세,경상
2018070700100020,2018년 7월 7일 00시,토요일,울산광역시 남구 신정동,경상사고,0,0,1,0,차대차 - 추돌,안전운전불이행,건조,맑음,교차로 - 교차로안,승용,남,58세,상해없음,승용,남,57세,상해없음
2018070700100021,2018년 7월 7일 00시,토요일,울산광역시 북구 양정동,경상사고,0,0,1,0,차대차 - 측면충돌,안전운전불이행,젖음/습기,비,단일로 - 기타,이륜,남,60세,경상,승용,남,53세,상해없음
2018070700100045,2018년 7월 7일 01시,토요일,울산광역시 남구 두왕동,경상사고,0,0,2,0,차대차 - 정면충돌,중앙선침범,건조,맑음,교차로 - 교차로안,승용,여,25세,상해없음,승용,여,59세,경상
2018070700100280,2018년 7월 7일 12시,토요일,울산광역시 북구 중산동,경상사고,0,0,1,0,차대차 - 기타,안전운전불이행,건조,흐림,단일로 - 기타,승용,남,26세,상해없음,자전거,남,11세,경상
2018070700100389,2018년 7월 7일 15시,토요일,울산광역시 중구 반구동,경상사고,0,0,1,0,차대사람 - 횡단중,신호위반,건조,흐림,단일로 - 기타,원동기,남,44세,상해없음,보행자,남,66세,경상
2018070700100390,2018년 7월 7일 15시,토요일,울산광역시 동구 화정동,경상사고,0,0,1,0,차대사람 - 기타,안전운전불이행,건조,맑음,단일로 - 기타,이륜,남,18세,상해없음,보행자,여,26세,경상
2018070700100391,2018년 7월 7일 15시,토요일,울산광역시 동구 서부동,경상사고,0,0,1,0,차대차 - 측면충돌,안전운전불이행,건조,맑음,교차로 - 교차로부근,승용,여,34세,상해없음,승용,여,38세,경상
2018070700100392,2018년 7월 7일 15시,토요일,울산광역시 울주군 범서읍,경상사고,0,0,1,0,차대차 - 정면충돌,안전운전불이행,건조,맑음,단일로 - 기타,자전거,여,63세,경상,자전거,남,36세,상해없음
2018070700100417,2018년 7월 7일 16시,토요일,울산광역시 북구 신천동,중상사고,0,1,1,0,차대차 - 정면충돌,안전운전불이행,건조,맑음,교차로 - 교차로안,승용,남,65세,경상,승용,남,72세,중상
2018070700100418,2018년 7월 7일 16시,토요일,울산광역시 울주군 청량읍,부상신고사고,0,0,0,1,차대차 - 추돌,안전거리미확보,건조,맑음,단일로 - 기타,승용,여,28세,부상신고,승용,여,55세,상해없음
2018070700100458,2018년 7월 7일 17시,토요일,울산광역시 동구 방어동,중상사고,0,1,0,0,차대사람 - 기타,안전운전불이행,건조,맑음,단일로 - 기타,이륜,남,40세,상해없음,보행자,남,60세,중상
2018070700100505,2018년 7월 7일 18시,토요일,울산광역시 중구 성안동,경상사고,0,0,1,0,차대차 - 측면충돌,교차로운행방법위반,건조,맑음,교차로 - 교차로안,승용,여,41세,상해없음,승용,남,57세,경상
2018070700100506,2018년 7월 7일 18시,토요일,울산광역시 울주군 범서읍,경상사고,0,0,1,0,차대사람 - 기타,신호위반,건조,맑음,단일로 - 기타,승용,남,51세,상해없음,보행자,남,9세,경상
2018070700100599,2018년 7월 7일 21시,토요일,울산광역시 북구 시례동,중상사고,0,1,1,0,차대차 - 측면충돌,중앙선침범,건조,맑음,단일로 - 기타,자전거,남,77세,중상,승용,남,27세,경상
2018070700100648,2018년 7월 7일 23시,토요일,울산광역시 북구 양정동,경상사고,0,0,1,0,차대차 - 기타,중앙선침범,건조,흐림,단일로 - 기타,이륜,남,34세,경상,승용,여,28세,상해없음
2018070800100032,2018년 7월 8일 01시,일요일,울산광역시 남구 달동,사망사고,1,0,0,0,차대사람 - 횡단중,안전운전불이행,건조,맑음,교차로 - 교차로횡단보도내,화물,남,24세,상해없음,보행자,남,46세,사망
2018070800100219,2018년 7월 8일 14시,일요일,울산광역시 중구 성남동,부상신고사고,0,0,0,1,차대차 - 측면충돌,안전운전불이행,건조,맑음,단일로 - 기타,승용,남,27세,상해없음,승용,남,25세,부상신고
2018070800100247,2018년 7월 8일 15시,일요일,울산광역시 울주군 온산읍,중상사고,0,1,0,0,차량단독 - 전도전복 - 전도,안전운전불이행,건조,흐림,교차로 - 교차로부근,특수,남,54세,중상,미분류,미분류,미분류,미분류
2018070800100286,2018년 7월 8일 16시,일요일,울산광역시 남구 신정동,경상사고,0,0,1,0,차대사람 - 보도통행중,안전운전불이행,건조,맑음,단일로 - 기타,원동기,남,16세,상해없음,보행자,남,23세,경상
2018070800100380,2018년 7월 8일 19시,일요일,울산광역시 북구 달천동,중상사고,0,1,0,0,차량단독 - 공작물충돌,안전운전불이행,젖음/습기,비,단일로 - 기타,승용,남,54세,중상,,,,
2018070800100381,2018년 7월 8일 19시,일요일,울산광역시 남구 신정동,경상사고,0,0,1,0,차대차 - 기타,중앙선침범,건조,맑음,교차로 - 교차로부근,이륜,남,52세,경상,승용,남,58세,상해없음
2018070900100041,2018년 7월 9일 05시,월요일,울산광역시 중구 반구동,중상사고,0,1,0,0,차대차 - 측면충돌,교차로운행방법위반,젖음/습기,비,교차로 - 교차로안,이륜,남,23세,중상,화물,남,53세,상해없음
2018070900100071,2018년 7월 9일 07시,월요일,울산광역시 남구 신정동,중상사고,0,1,0,0,차대사람 - 횡단중,보행자보호의무위반,젖음/습기,비,단일로 - 기타,자전거,남,54세,상해없음,보행자,여,79세,중상
2018070900100102,2018년 7월 9일 08시,월요일,울산광역시 울주군 삼남면,경상사고,0,0,1,0,차대차 - 측면충돌,교차로운행방법위반,건조,맑음,교차로 - 교차로안,승용,남,61세,상해없음,승용,여,38세,경상
2018070900100201,2018년 7월 9일 12시,월요일,울산광역시 남구 삼산동,중상사고,0,1,0,0,차대사람 - 기타,보행자보호의무위반,건조,맑음,교차로 - 교차로횡단보도내,승용,여,51세,상해없음,보행자,여,37세,중상
2018070900100284,2018년 7월 9일 15시,월요일,울산광역시 중구 옥교동,중상사고,0,1,0,0,차량단독 - 기타,안전운전불이행,젖음/습기,비,단일로 - 기타,이륜,남,66세,중상,,,,
2018070900100319,2018년 7월 9일 16시,월요일,울산광역시 중구 남외동,중상사고,0,1,0,0,차대사람 - 횡단중,보행자보호의무위반,건조,맑음,교차로 - 교차로안,승용,남,70세,상해없음,보행자,여,57세,중상
2018070900100360,2018년 7월 9일 17시,월요일,울산광역시 울주군 범서읍,경상사고,0,0,2,0,차대차 - 측면충돌,신호위반,건조,맑음,교차로 - 교차로안,승용,여,49세,경상,화물,남,54세,경상
2018070900100432,2018년 7월 9일 19시,월요일,울산광역시 북구 당사동,중상사고,0,1,2,0,차대차 - 측면충돌,중앙선침범,건조,맑음,단일로 - 기타,화물,남,27세,상해없음,승용,남,34세,경상
2018071000100082,2018년 7월 10일 06시,화요일,울산광역시 남구 달동,경상사고,0,0,1,0,차대차 - 측면충돌,안전운전불이행,건조,흐림,교차로 - 교차로안,승용,남,60세,상해없음,승용,남,51세,경상
2018071000100104,2018년 7월 10일 07시,화요일,울산광역시 북구 중산동,중상사고,0,1,0,0,차대차 - 측면충돌,신호위반,건조,맑음,교차로 - 교차로안,이륜,남,42세,상해없음,승용,여,28세,중상
2018071000100183,2018년 7월 10일 10시,화요일,울산광역시 중구 성남동,중상사고,0,1,0,0,차대사람 - 횡단중,보행자보호의무위반,건조,맑음,교차로 - 교차로안,승용,남,53세,상해없음,보행자,여,68세,중상
2018071000100372,2018년 7월 10일 16시,화요일,울산광역시 울주군 상북면,경상사고,0,0,3,0,차대차 - 측면충돌,차로위반,건조,맑음,단일로 - 기타,승용,남,19세,상해없음,승용,남,23세,경상
2018071000100411,2018년 7월 10일 17시,화요일,울산광역시 동구 서부동,경상사고,0,0,1,0,차대차 - 기타,안전거리미확보,건조,맑음,교차로 - 교차로부근,승용,남,54세,상해없음,이륜,남,22세,경상
2018071000100412,2018년 7월 10일 17시,화요일,울산광역시 울주군 온양읍,경상사고,0,0,2,0,차대차 - 정면충돌,교차로운행방법위반,건조,맑음,교차로 - 교차로안,승용,여,49세,경상,승용,남,52세,경상
2018071000100486,2018년 7월 10일 19시,화요일,울산광역시 남구 신정동,경상사고,0,0,1,1,차대사람 - 기타,중앙선침범,건조,맑음,단일로 - 기타,이륜,남,19세,부상신고,보행자,여,18세,경상
2018071000100509,2018년 7월 10일 20시,화요일,울산광역시 중구 남외동,경상사고,0,0,2,0,차대차 - 측면충돌,신호위반,건조,맑음,교차로 - 교차로안,승용,여,37세,상해없음,승용,남,61세,경상
2018071000100541,2018년 7월 10일 21시,화요일,울산광역시 울주군 온산읍,중상사고,0,1,0,0,차대사람 - 횡단중,안전운전불이행,건조,흐림,단일로 - 기타,승용,남,30세,상해없음,보행자,여,83세,중상
2018071100100028,2018년 7월 11일 01시,수요일,울산광역시 북구 산하동,중상사고,0,1,0,0,차대차 - 기타,안전운전불이행,건조,맑음,단일로 - 기타,화물,남,57세,상해없음,승용,남,67세,중상
2018071100100180,2018년 7월 11일 09시,수요일,울산광역시 울주군 웅촌면,경상사고,0,0,1,0,차대차 - 측면충돌,교차로운행방법위반,건조,맑음,교차로 - 교차로안,이륜,남,71세,경상,화물,남,65세,상해없음
2018071100100207,2018년 7월 11일 10시,수요일,울산광역시 중구 다운동,중상사고,0,1,0,0,차대사람 - 차도통행중,안전운전불이행,건조,맑음,교차로 - 교차로안,승용,남,64세,상해없음,보행자,남,32세,중상
2018071100100232,2018년 7월 11일 11시,수요일,울산광역시 울주군 상북면,중상사고,0,1,0,0,차대차 - 측면충돌,안전운전불이행,건조,맑음,교차로 - 교차로안,화물,남,41세,상해없음,승용,여,50세,중상
2018071100100259,2018년 7월 11일 12시,수요일,울산광역시 남구 달동,경상사고,0,0,1,0,차대차 - 기타,교차로운행방법위반,건조,맑음,교차로 - 교차로안,승용,남,53세,상해없음,승용,남,25세,경상
2018071100100284,2018년 7월 11일 13시,수요일,울산광역시 동구 일산동,경상사고,0,0,1,0,차대차 - 측면충돌,직진우회전진행방해,건조,맑음,교차로 - 교차로안,승용,남,19세,상해없음,화물,남,61세,경상
2018071100100338,2018년 7월 11일 14시,수요일,울산광역시 남구 달동,경상사고,0,0,1,0,차대차 - 측면충돌,직진우회전진행방해,건조,맑음,교차로 - 교차로안,승용,남,50세,기타불명,승용,남,64세,경상
2018071100100365,2018년 7월 11일 15시,수요일,울산광역시 울주군 웅촌면,경상사고,0,0,1,0,차대차 - 기타,교차로운행방법위반,건조,맑음,교차로 - 교차로안,화물,남,52세,상해없음,화물,남,54세,경상
2018071100100610,2018년 7월 11일 22시,수요일,울산광역시 동구 일산동,경상사고,0,0,1,0,차대사람 - 횡단중,보행자보호의무위반,건조,맑음,교차로 - 교차로횡단보도내,기타불명,기타불명,미분류,기타불명,보행자,남,19세,경상
2018071100100611,2018년 7월 11일 22시,수요일,울산광역시 울주군 범서읍,중상사고,0,1,2,0,차대차 - 추돌,안전운전불이행,건조,맑음,단일로 - 기타,승용,남,35세,상해없음,승용,남,56세,경상
2018071200100137,2018년 7월 12일 08시,목요일,울산광역시 북구 호계동,경상사고,0,0,1,0,차대차 - 측면충돌,중앙선침범,건조,맑음,단일로 - 기타,승용,남,48세,상해없음,이륜,남,35세,경상
2018071200100138,2018년 7월 12일 08시,목요일,울산광역시 남구 삼산동,중상사고,0,1,0,0,차대차 - 추돌,안전운전불이행,건조,맑음,단일로 - 기타,승용,남,58세,상해없음,이륜,남,27세,중상
2018071200100287,2018년 7월 12일 13시,목요일,울산광역시 중구 우정동,경상사고,0,0,1,0,차대차 - 추돌,안전운전불이행,건조,맑음,단일로 - 기타,승용,남,69세,상해없음,승용,여,60세,경상
2018071200100326,2018년 7월 12일 14시,목요일,울산광역시 중구 북정동,경상사고,0,0,1,0,차대차 - 측면충돌,교차로운행방법위반,건조,맑음,교차로 - 교차로안,승용,여,59세,상해없음,승용,여,34세,경상
2018071200100360,2018년 7월 12일 15시,목요일,울산광역시 중구 복산동,경상사고,0,0,3,0,차대차 - 측면충돌,안전운전불이행,건조,맑음,교차로 - 교차로안,승용,여,52세,경상,승용,여,45세,경상
2018071200100393,2018년 7월 12일 16시,목요일,울산광역시 동구 방어동,경상사고,0,0,1,0,차대차 - 기타,기타,건조,맑음,교차로 - 교차로부근,승용,남,60세,상해없음,이륜,남,61세,경상
2018071200100435,2018년 7월 12일 17시,목요일,울산광역시 남구 신정동,중상사고,0,1,0,0,차대차 - 추돌,안전운전불이행,건조,맑음,단일로 - 기타,승용,여,56세,상해없음,승용,남,58세,중상
2018071200100586,2018년 7월 12일 22시,목요일,울산광역시 울주군 삼남면,경상사고,0,0,1,0,차대차 - 측면충돌,중앙선침범,건조,맑음,단일로 - 기타,이륜,남,47세,상해없음,이륜,남,37세,경상
2018071300100012,2018년 7월 13일 00시,금요일,울산광역시 남구 달동,경상사고,0,0,1,0,차대사람 - 기타,안전운전불이행,건조,맑음,교차로 - 교차로안,승용,남,60세,상해없음,보행자,남,53세,경상
2018071300100022,2018년 7월 13일 01시,금요일,울산광역시 남구 달동,경상사고,0,0,3,0,차대차 - 추돌,안전운전불이행,건조,맑음,단일로 - 기타,승용,여,39세,상해없음,승용,남,46세,경상
2018071300100039,2018년 7월 13일 03시,금요일,울산광역시 남구 선암동,경상사고,0,0,1,0,차량단독 - 공작물충돌,안전운전불이행,건조,맑음,단일로 - 기타,승용,남,35세,경상,,,,
2018071300100071,2018년 7월 13일 06시,금요일,울산광역시 북구 산하동,경상사고,0,0,2,0,차대차 - 측면충돌,직진우회전진행방해,건조,맑음,교차로 - 교차로안,승용,여,60세,경상,승용,여,32세,경상
2018071300100184,2018년 7월 13일 09시,금요일,울산광역시 동구 일산동,경상사고,0,0,1,0,차대사람 - 횡단중,보행자보호의무위반,건조,맑음,교차로 - 교차로횡단보도내,승용,여,52세,상해없음,보행자,여,81세,경상
2018071300100316,2018년 7월 13일 14시,금요일,울산광역시 북구 호계동,경상사고,0,0,1,0,차대차 - 측면충돌,직진우회전진행방해,건조,맑음,교차로 - 교차로안,승용,여,44세,상해없음,승용,남,36세,경상
2018071300100382,2018년 7월 13일 16시,금요일,울산광역시 북구 연암동,중상사고,0,1,1,0,차대차 - 측면충돌,불법유턴,건조,맑음,교차로 - 교차로안,이륜,남,56세,경상,승용,남,52세,상해없음
2018071300100383,2018년 7월 13일 16시,금요일,울산광역시 중구 반구동,부상신고사고,0,0,0,1,차대차 - 측면충돌,안전거리미확보,건조,맑음,단일로 - 기타,승용,여,58세,상해없음,승용,남,30세,부상신고
2018071300100497,2018년 7월 13일 18시,금요일,울산광역시 동구 방어동,경상사고,0,0,1,0,차대사람 - 보도통행중,보행자보호의무위반,기타,맑음,단일로 - 기타,승용,여,28세,상해없음,보행자,여,7세,경상
2018071300100498,2018년 7월 13일 18시,금요일,울산광역시 울주군 언양읍,경상사고,0,0,3,0,차대차 - 측면충돌,안전운전불이행,건조,맑음,단일로 - 기타,승용,남,65세,상해없음,승용,남,27세,경상
2018071300100632,2018년 7월 13일 22시,금요일,울산광역시 울주군 온양읍,경상사고,0,0,1,0,차대차 - 추돌,안전거리미확보,건조,맑음,교차로 - 교차로부근,승용,남,37세,상해없음,승용,남,44세,경상
2018071400100011,2018년 7월 14일 00시,토요일,울산광역시 북구 염포동,중상사고,0,1,2,0,차대차 - 측면충돌,신호위반,기타,맑음,교차로 - 교차로안,승용,남,43세,경상,승용,여,43세,중상
2018071400100052,2018년 7월 14일 03시,토요일,울산광역시 남구 달동,중상사고,0,1,1,0,차대차 - 추돌,안전운전불이행,건조,맑음,교차로 - 교차로부근,승용,남,29세,상해없음,승용,남,51세,경상
2018071400100191,2018년 7월 14일 10시,토요일,울산광역시 울주군 삼남면,경상사고,0,0,6,0,차대차 - 기타,교차로운행방법위반,건조,맑음,교차로 - 교차로안,승용,남,31세,경상,승용,여,61세,경상
2018071400100192,2018년 7월 14일 10시,토요일,울산광역시 울주군 온산읍,부상신고사고,0,0,0,1,차대차 - 기타,안전운전불이행,건조,맑음,단일로 - 기타,농기계,남,76세,부상신고,승용,남,53세,기타불명
2018071400100332,2018년 7월 14일 14시,토요일,울산광역시 중구 서동,중상사고,0,2,1,0,차대차 - 추돌,안전운전불이행,건조,맑음,단일로 - 교량,화물,남,55세,경상,승용,남,52세,중상
2018071400100423,2018년 7월 14일 16시,토요일,울산광역시 북구 화봉동,중상사고,0,1,0,0,차대사람 - 길가장자리구역통행중,안전운전불이행,건조,맑음,단일로 - 기타,승용,여,52세,상해없음,보행자,여,19세,중상
2018071400100471,2018년 7월 14일 17시,토요일,울산광역시 북구 산하동,중상사고,0,1,1,0,차대차 - 측면충돌,과속,건조,맑음,교차로 - 교차로안,승용,남,38세,상해없음,승용,남,35세,중상
2018071400100606,2018년 7월 14일 21시,토요일,울산광역시 울주군 범서읍,중상사고,0,1,2,0,차대차 - 측면충돌,중앙선침범,건조,맑음,단일로 - 기타,승용,여,32세,상해없음,승용,남,41세,경상
2018071400100651,2018년 7월 14일 23시,토요일,울산광역시 남구 삼산동,경상사고,0,0,2,0,차대차 - 측면충돌,안전운전불이행,건조,맑음,교차로 - 교차로부근,승용,남,29세,상해없음,승용,남,36세,경상
2018071400100652,2018년 7월 14일 23시,토요일,울산광역시 북구 신명동,중상사고,0,1,4,0,차대차 - 측면충돌,과속,건조,맑음,교차로 - 교차로안,승용,여,35세,경상,승용,남,44세,중상
2018071500100086,2018년 7월 15일 07시,일요일,울산광역시 중구 반구동,경상사고,0,0,2,0,차대차 - 측면충돌,안전운전불이행,건조,맑음,교차로 - 교차로안,화물,남,67세,상해없음,승용,남,25세,경상
2018071500100189,2018년 7월 15일 12시,일요일,울산광역시 남구 신정동,경상사고,0,0,1,0,차대차 - 추돌,안전운전불이행,건조,맑음,단일로 - 기타,승용,남,32세,상해없음,승용,남,33세,경상
2018071500100250,2018년 7월 15일 14시,일요일,울산광역시 남구 달동,경상사고,0,0,3,0,차대차 - 추돌,안전운전불이행,건조,맑음,교차로 - 교차로부근,이륜,남,41세,경상,승용,여,31세,경상
2018071500100308,2018년 7월 15일 16시,일요일,울산광역시 북구 산하동,중상사고,0,1,2,0,차대차 - 측면충돌,직진우회전진행방해,건조,맑음,교차로 - 교차로안,승합,남,39세,상해없음,승용,남,48세,상해없음
2018071500100441,2018년 7월 15일 21시,일요일,울산광역시 남구 야음동,경상사고,0,0,2,1,차대차 - 추돌,안전운전불이행,건조,맑음,단일로 - 기타,승용,남,46세,상해없음,승용,여,41세,경상
2018071500100461,2018년 7월 15일 22시,일요일,울산광역시 중구 북정동,경상사고,0,0,1,0,차대차 - 추돌,안전운전불이행,건조,맑음,교차로 - 교차로부근,기타불명,기타불명,미분류,기타불명,승용,남,25세,경상
2018071600100141,2018년 7월 16일 08시,월요일,울산광역시 남구 삼산동,중상사고,0,1,0,0,차대차 - 측면충돌,안전운전불이행,건조,맑음,교차로 - 교차로안,승용,여,54세,중상,특수,남,58세,상해없음
2018071600100142,2018년 7월 16일 08시,월요일,울산광역시 남구 무거동,중상사고,0,1,0,0,차대사람 - 횡단중,안전운전불이행,건조,흐림,단일로 - 기타,승용,남,48세,상해없음,보행자,여,65세,중상
2018071600100172,2018년 7월 16일 09시,월요일,울산광역시 중구 우정동,중상사고,0,1,0,0,차대사람 - 횡단중,신호위반,건조,맑음,교차로 - 교차로횡단보도내,승용,남,79세,상해없음,보행자,여,45세,중상
2018071600100173,2018년 7월 16일 09시,월요일,울산광역시 동구 화정동,중상사고,0,1,0,0,차대사람 - 기타,안전운전불이행,건조,맑음,교차로 - 교차로부근,화물,남,35세,상해없음,보행자,남,75세,중상
2018071600100174,2018년 7월 16일 09시,월요일,울산광역시 울주군 언양읍,중상사고,0,1,0,0,차대사람 - 횡단중,안전운전불이행,건조,맑음,교차로 - 교차로안,승용,여,38세,상해없음,보행자,남,9세,중상
2018071600100242,2018년 7월 16일 11시,월요일,울산광역시 중구 태화동,경상사고,0,0,1,0,차량단독 - 공작물충돌,안전운전불이행,건조,맑음,단일로 - 기타,승합,남,61세,상해없음,,,,
2018071600100376,2018년 7월 16일 15시,월요일,울산광역시 중구 반구동,부상신고사고,0,0,0,1,차대차 - 측면충돌,안전운전불이행,건조,맑음,단일로 - 기타,승용,여,48세,부상신고,승용,여,52세,기타불명
2018071600100515,2018년 7월 16일 18시,월요일,울산광역시 중구 학성동,경상사고,0,0,2,0,차대차 - 기타,교차로운행방법위반,건조,맑음,교차로 - 교차로안,승용,여,49세,상해없음,승용,여,41세,경상
2018071600100516,2018년 7월 16일 18시,월요일,울산광역시 남구 달동,경상사고,0,0,1,0,차대차 - 기타,안전운전불이행,건조,맑음,주차장 - 주차장,승용,남,27세,상해없음,승용,남,27세,경상
2018071600100517,2018년 7월 16일 18시,월요일,울산광역시 동구 화정동,경상사고,0,0,1,0,차대사람 - 횡단중,안전운전불이행,건조,맑음,교차로 - 교차로안,승용,남,78세,상해없음,보행자,여,16세,경상
2018071600100518,2018년 7월 16일 18시,월요일,울산광역시 울주군 두동면,경상사고,0,0,1,0,차대차 - 측면충돌,교차로운행방법위반,건조,맑음,교차로 - 교차로안,승용,남,44세,경상,승용,남,54세,상해없음
2018071600100549,2018년 7월 16일 19시,월요일,울산광역시 울주군 청량읍,중상사고,0,1,0,0,차대차 - 측면충돌,안전운전불이행,건조,맑음,단일로 - 기타,자전거,남,49세,중상,기타불명,기타불명,기타불명,기타불명
2018071600100606,2018년 7월 16일 21시,월요일,울산광역시 남구 상개동,경상사고,0,0,1,0,차대차 - 측면충돌,교차로운행방법위반,건조,맑음,교차로 - 교차로안,승용,남,64세,상해없음,승용,여,59세,경상
2018071600100626,2018년 7월 16일 22시,월요일,울산광역시 중구 반구동,경상사고,0,0,1,0,차대차 - 측면충돌,안전운전불이행,건조,맑음,교차로 - 교차로안,승용,남,24세,경상,승용,남,53세,상해없음
2018071700100101,2018년 7월 17일 07시,화요일,울산광역시 북구 천곡동,중상사고,0,2,0,1,차대차 - 정면충돌,중앙선침범,건조,맑음,단일로 - 기타,승용,여,27세,부상신고,화물,남,51세,중상
2018071700100102,2018년 7월 17일 07시,화요일,울산광역시 북구 화봉동,경상사고,0,0,1,0,차대차 - 측면충돌,불법유턴,건조,맑음,단일로 - 기타,승용,남,52세,상해없음,승용,남,54세,상해없음
2018071700100145,2018년 7월 17일 08시,화요일,울산광역시 남구 달동,경상사고,0,0,1,0,차대차 - 측면충돌,직진우회전진행방해,건조,맑음,교차로 - 교차로안,승용,여,32세,상해없음,승용,남,34세,경상
2018071700100146,2018년 7월 17일 08시,화요일,울산광역시 울주군 언양읍,중상사고,0,1,0,2,차대차 - 측면충돌,직진우회전진행방해,건조,맑음,교차로 - 교차로안,승용,여,47세,부상신고,승용,여,48세,중상
2018071700100186,2018년 7월 17일 09시,화요일,울산광역시 울주군 범서읍,경상사고,0,0,1,0,차대차 - 측면충돌,안전운전불이행,건조,맑음,교차로 - 교차로안,자전거,남,54세,경상,승용,남,60세,상해없음
2018071700100297,2018년 7월 17일 12시,화요일,울산광역시 남구 무거동,중상사고,0,1,1,0,차대차 - 측면충돌,안전거리미확보,건조,맑음,단일로 - 기타,이륜,남,81세,경상,승용,여,46세,상해없음
2018071700100504,2018년 7월 17일 17시,화요일,울산광역시 남구 야음동,경상사고,0,0,1,0,차대차 - 기타,차로위반,건조,맑음,단일로 - 기타,승용,남,64세,상해없음,승용,여,31세,경상
2018071700100646,2018년 7월 17일 21시,화요일,울산광역시 남구 달동,중상사고,0,1,0,0,차대차 - 측면충돌,신호위반,건조,맑음,교차로 - 교차로안,승용,여,56세,상해없음,이륜,남,21세,중상
2018071700100692,2018년 7월 17일 23시,화요일,울산광역시 중구 북정동,경상사고,0,0,2,0,차대차 - 추돌,안전거리미확보,건조,맑음,단일로 - 기타,승용,여,59세,상해없음,승용,여,50세,상해없음
2018071800100019,2018년 7월 18일 00시,수요일,울산광역시 남구 달동,경상사고,0,0,1,0,차대차 - 추돌,안전운전불이행,건조,맑음,교차로 - 교차로안,승용,남,38세,상해없음,승용,남,62세,경상
2018071800100103,2018년 7월 18일 07시,수요일,울산광역시 중구 남외동,중상사고,0,1,0,0,차대차 - 측면충돌,안전운전불이행,건조,맑음,단일로 - 기타,자전거,남,60세,중상,승합,남,69세,상해없음
2018071800100660,2018년 7월 18일 23시,수요일,울산광역시 중구 학성동,중상사고,0,1,0,0,차대차 - 측면충돌,안전운전불이행,건조,맑음,교차로 - 교차로안,승용,남,62세,상해없음,이륜,남,41세,중상
2018071900100370,2018년 7월 19일 14시,목요일,울산광역시 중구 복산동,경상사고,0,0,1,0,차대사람 - 기타,안전운전불이행,건조,맑음,단일로 - 기타,승합,남,50세,상해없음,보행자,남,65세,경상
2018071900100447,2018년 7월 19일 16시,목요일,울산광역시 남구 달동,중상사고,0,1,1,0,차대사람 - 횡단중,보행자보호의무위반,건조,맑음,교차로 - 교차로안,승용,여,48세,상해없음,보행자,여,8세,중상
2018071900100448,2018년 7월 19일 16시,목요일,울산광역시 울주군 온양읍,부상신고사고,0,0,0,1,차대차 - 기타,교차로운행방법위반,건조,맑음,교차로 - 교차로안,건설기계,남,74세,상해없음,승용,여,28세,부상신고
2018071900100508,2018년 7월 19일 17시,목요일,울산광역시 울주군 삼남면,경상사고,0,0,1,0,차대차 - 후진중충돌,안전운전불이행,건조,맑음,교차로 - 교차로안,승용,남,50세,상해없음,승용,남,59세,경상