사고번호,사고일시,요일,시군구,사고내용,사망자수,중상자수,경상자수,부상신고자수,사고유형,법규위반,노면상태,기상상태,도로형태,가해운전자 차종,가해운전자 성별,가해운전자 연령,가해운전자 상해정도,피해운전자 차종,피해운전자 성별,피해운전자 연령,피해운전자 상해정도
2018071900100601,2018년 7월 19일 19시,목요일,울산광역시 남구 신정동,중상사고,0,1,0,0,차대차 - 측면충돌,안전운전불이행,건조,맑음,교차로 - 교차로부근,승용,여,72세,상해없음,이륜,남,45세,중상
2018071900100699,2018년 7월 19일 22시,목요일,울산광역시 중구 반구동,경상사고,0,0,2,1,차대차 - 측면충돌,교차로운행방법위반,건조,맑음,교차로 - 교차로안,승용,남,54세,부상신고,승용,남,71세,경상
2018071900100700,2018년 7월 19일 22시,목요일,울산광역시 울주군 범서읍,중상사고,0,1,0,0,차대차 - 후진중충돌,안전운전불이행,건조,맑음,단일로 - 기타,승용,남,22세,상해없음,이륜,남,48세,중상
2018072000100077,2018년 7월 20일 06시,금요일,울산광역시 울주군 삼동면,중상사고,0,1,0,0,차량단독 - 전도전복 - 전도,안전운전불이행,건조,맑음,단일로 - 기타,이륜,남,59세,중상,미분류,미분류,미분류,미분류
2018072000100078,2018년 7월 20일 06시,금요일,울산광역시 울주군 삼남면,경상사고,0,0,1,0,차대차 - 측면충돌,안전거리미확보,건조,맑음,단일로 - 기타,승용,남,46세,상해없음,화물,남,35세,경상
2018072000100157,2018년 7월 20일 08시,금요일,울산광역시 남구 두왕동,경상사고,0,0,1,0,차량단독 - 전도전복 - 전도,안전운전불이행,건조,맑음,단일로 - 기타,이륜,남,50세,경상,미분류,미분류,미분류,미분류
2018072000100346,2018년 7월 20일 13시,금요일,울산광역시 남구 삼산동,경상사고,0,0,2,0,차대차 - 측면충돌,안전운전불이행,건조,맑음,교차로 - 교차로안,승용,남,31세,상해없음,승용,남,28세,경상
2018072000100385,2018년 7월 20일 14시,금요일,울산광역시 북구 효문동,중상사고,0,1,0,0,차대차 - 측면충돌,안전운전불이행,건조,맑음,단일로 - 기타,승용,남,44세,상해없음,자전거,남,56세,중상
2018072000100386,2018년 7월 20일 14시,금요일,울산광역시 울주군 온양읍,경상사고,0,0,1,0,차대차 - 측면충돌,차로위반,건조,맑음,교차로 - 교차로부근,승용,여,55세,상해없음,승용,남,45세,경상
2018072000100531,2018년 7월 20일 17시,금요일,울산광역시 남구 삼산동,경상사고,0,0,1,0,차대사람 - 기타,안전운전불이행,건조,맑음,단일로 - 기타,승용,남,27세,상해없음,보행자,여,17세,경상
2018072000100737,2018년 7월 20일 21시,금요일,울산광역시 중구 반구동,경상사고,0,0,1,0,차대차 - 측면충돌,교차로운행방법위반,건조,맑음,교차로 - 교차로안,승용,남,59세,상해없음,이륜,남,25세,경상
2018072000100738,2018년 7월 20일 21시,금요일,울산광역시 남구 삼산동,경상사고,0,0,1,0,차대차 - 기타,안전운전불이행,건조,맑음,단일로 - 기타,기타불명,기타불명,미분류,기타불명,승용,여,39세,경상
2018072000100750,2018년 7월 20일 22시,금요일,울산광역시 울주군 삼남면,경상사고,0,0,1,0,차대차 - 추돌,안전운전불이행,건조,맑음,단일로 - 기타,승용,남,47세,상해없음,승용,남,42세,경상
2018072000100767,2018년 7월 20일 22시,금요일,울산광역시 남구 달동,중상사고,0,1,0,0,차대차 - 측면충돌,안전운전불이행,건조,맑음,교차로 - 교차로안,승합,남,27세,상해없음,이륜,남,28세,중상
2018072000100768,2018년 7월 20일 22시,금요일,울산광역시 동구 화정동,경상사고,0,0,1,0,차대차 - 기타,안전운전불이행,건조,맑음,단일로 - 기타,승용,여,49세,경상,승용,남,30세,기타불명
2018072100100023,2018년 7월 21일 00시,토요일,울산광역시 남구 옥동,경상사고,0,0,4,0,차대차 - 측면충돌,신호위반,건조,맑음,교차로 - 교차로안,승용,여,51세,상해없음,승용,남,57세,경상
2018072100100024,2018년 7월 21일 00시,토요일,울산광역시 울주군 언양읍,중상사고,0,2,2,0,차대차 - 기타,교차로운행방법위반,건조,맑음,교차로 - 교차로안,승용,남,38세,중상,승용,남,50세,중상
2018072100100109,2018년 7월 21일 06시,토요일,울산광역시 울주군 온산읍,경상사고,0,0,1,0,차대차 - 추돌,교차로운행방법위반,건조,맑음,교차로 - 교차로안,화물,남,70세,상해없음,자전거,여,76세,경상
2018072100100203,2018년 7월 21일 10시,토요일,울산광역시 중구 남외동,부상신고사고,0,0,0,1,차대차 - 측면충돌,중앙선침범,건조,맑음,기타 - 기타,이륜,남,50세,부상신고,승용,여,40세,상해없음
2018072100100232,2018년 7월 21일 11시,토요일,울산광역시 남구 달동,중상사고,0,1,0,0,차대차 - 추돌,안전거리미확보,건조,맑음,단일로 - 기타,승용,여,55세,상해없음,화물,남,50세,상해없음
2018072100100316,2018년 7월 21일 13시,토요일,울산광역시 중구 학성동,중상사고,0,1,0,0,차대차 - 측면충돌,안전거리미확보,건조,맑음,단일로 - 교량,이륜,남,34세,중상,화물,남,65세,상해없음
2018072100100346,2018년 7월 21일 14시,토요일,울산광역시 울주군 언양읍,경상사고,0,0,1,0,차대차 - 후진중충돌,안전운전불이행,건조,맑음,단일로 - 기타,승용,여,51세,상해없음,승용,남,50세,경상
2018072100100611,2018년 7월 21일 22시,토요일,울산광역시 북구 효문동,중상사고,0,1,0,0,차대차 - 기타,중앙선침범,건조,맑음,단일로 - 기타,승용,여,51세,상해없음,이륜,남,50세,중상
2018072200100144,2018년 7월 22일 10시,일요일,울산광역시 동구 방어동,중상사고,0,1,0,0,차대차 - 기타,기타,건조,맑음,단일로 - 기타,승용,여,58세,상해없음,이륜,남,65세,중상
2018072200100171,2018년 7월 22일 11시,일요일,울산광역시 북구 중산동,중상사고,0,2,0,0,차대차 - 측면충돌,신호위반,건조,맑음,교차로 - 교차로안,승용,남,69세,상해없음,승용,남,44세,중상
2018072200100362,2018년 7월 22일 17시,일요일,울산광역시 남구 신정동,중상사고,0,2,1,0,차대차 - 기타,안전운전불이행,건조,맑음,단일로 - 기타,승용,남,66세,경상,승용,남,49세,중상
2018072300100020,2018년 7월 23일 01시,월요일,울산광역시 중구 복산동,중상사고,0,1,0,0,차대사람 - 횡단중,신호위반,건조,맑음,교차로 - 교차로횡단보도내,이륜,남,22세,상해없음,보행자,여,49세,중상
2018072300100021,2018년 7월 23일 01시,월요일,울산광역시 남구 달동,중상사고,0,1,0,0,차대차 - 측면충돌,안전운전불이행,건조,맑음,교차로 - 교차로안,승용,남,58세,상해없음,이륜,남,30세,중상
2018072300100032,2018년 7월 23일 03시,월요일,울산광역시 북구 시례동,부상신고사고,0,0,0,1,차량단독 - 공작물충돌,안전운전불이행,건조,맑음,단일로 - 기타,승용,남,53세,부상신고,,,,
2018072300100041,2018년 7월 23일 04시,월요일,울산광역시 남구 삼산동,중상사고,0,1,0,0,차대차 - 추돌,안전운전불이행,건조,맑음,교차로 - 교차로부근,승용,남,25세,상해없음,승용,여,54세,중상
2018072300100092,2018년 7월 23일 07시,월요일,울산광역시 북구 양정동,경상사고,0,0,1,0,차대차 - 측면충돌,신호위반,건조,맑음,교차로 - 교차로부근,이륜,남,40세,경상,승용,남,53세,상해없음
2018072300100130,2018년 7월 23일 08시,월요일,울산광역시 남구 신정동,중상사고,0,1,0,0,차대사람 - 횡단중,안전운전불이행,건조,맑음,교차로 - 교차로부근,승용,남,44세,상해없음,보행자,여,11세,중상
2018072300100405,2018년 7월 23일 16시,월요일,울산광역시 울주군 온양읍,중상사고,0,1,0,0,차대차 - 측면충돌,안전운전불이행,건조,맑음,교차로 - 교차로안,승용,여,57세,상해없음,승용,남,63세,중상
2018072300100452,2018년 7월 23일 17시,월요일,울산광역시 북구 진장동,경상사고,0,0,1,0,차대차 - 기타,안전운전불이행,건조,맑음,단일로 - 기타,이륜,남,36세,경상,화물,남,51세,상해없음
2018072300100453,2018년 7월 23일 17시,월요일,울산광역시 동구 동부동,경상사고,0,0,1,0,차대차 - 기타,신호위반,건조,맑음,교차로 - 교차로횡단보도내,이륜,남,34세,상해없음,자전거,남,63세,경상
2018072300100496,2018년 7월 23일 18시,월요일,울산광역시 중구 학산동,중상사고,0,1,0,0,차대차 - 측면충돌,신호위반,건조,맑음,교차로 - 교차로안,원동기,남,66세,중상,승용,남,58세,상해없음
2018072300100497,2018년 7월 23일 18시,월요일,울산광역시 중구 유곡동,중상사고,0,1,0,0,차대차 - 측면충돌,신호위반,건조,맑음,교차로 - 교차로안,승용,남,37세,상해없음,이륜,남,21세,중상
2018072300100563,2018년 7월 23일 20시,월요일,울산광역시 남구 야음동,경상사고,0,0,1,0,차대사람 - 기타,안전운전불이행,건조,맑음,교차로 - 교차로안,승합,남,52세,상해없음,보행자,남,57세,경상
2018072400100041,2018년 7월 24일 04시,화요일,울산광역시 중구 태화동,사망사고,1,1,0,0,차대사람 - 횡단중,보행자보호의무위반,건조,맑음,단일로 - 기타,승용,남,67세,상해없음,보행자,여,74세,중상
2018072400100373,2018년 7월 24일 14시,화요일,울산광역시 남구 두왕동,경상사고,0,0,1,0,차대차 - 추돌,안전거리미확보,건조,맑음,교차로 - 교차로부근,승합,남,55세,상해없음,승용,남,61세,경상
2018072400100405,2018년 7월 24일 15시,화요일,울산광역시 중구 복산동,부상신고사고,0,0,0,1,차대사람 - 기타,기타,건조,맑음,단일로 - 기타,승합,남,43세,상해없음,보행자,여,63세,부상신고
2018072400100540,2018년 7월 24일 18시,화요일,울산광역시 중구 학성동,경상사고,0,0,3,0,차대차 - 기타,안전운전불이행,건조,맑음,교차로 - 교차로안,승용,남,57세,상해없음,승합,남,58세,경상
2018072400100541,2018년 7월 24일 18시,화요일,울산광역시 남구 삼산동,중상사고,0,2,1,0,차대차 - 정면충돌,신호위반,건조,맑음,교차로 - 교차로안,승용,남,28세,경상,승용,남,55세,중상
2018072400100542,2018년 7월 24일 18시,화요일,울산광역시 남구 야음동,중상사고,0,1,0,0,차대사람 - 횡단중,보행자보호의무위반,건조,맑음,교차로 - 교차로부근,승용,여,60세,상해없음,보행자,남,63세,중상
2018072400100630,2018년 7월 24일 21시,화요일,울산광역시 중구 성안동,중상사고,0,1,0,0,차대차 - 추돌,안전운전불이행,건조,맑음,교차로 - 교차로안,승합,남,44세,상해없음,승용,여,35세,중상
2018072400100631,2018년 7월 24일 21시,화요일,울산광역시 북구 신천동,경상사고,0,0,1,0,차대사람 - 횡단중,안전운전불이행,건조,맑음,단일로 - 기타,승용,남,50세,상해없음,보행자,여,17세,경상
2018072400100680,2018년 7월 24일 23시,화요일,울산광역시 남구 상개동,경상사고,0,0,1,0,차대차 - 측면충돌,안전거리미확보,건조,맑음,단일로 - 기타,승용,여,45세,상해없음,승용,남,24세,경상
2018072500100063,2018년 7월 25일 05시,수요일,울산광역시 중구 유곡동,중상사고,0,1,0,0,차대차 - 측면충돌,안전운전불이행,건조,맑음,교차로 - 교차로안,승용,남,69세,중상,승용,여,61세,기타불명
2018072500100075,2018년 7월 25일 06시,수요일,울산광역시 동구 방어동,경상사고,0,0,1,0,차대차 - 측면충돌,직진우회전진행방해,건조,맑음,교차로 - 교차로안,이륜,남,35세,경상,승용,남,67세,상해없음
2018072500100096,2018년 7월 25일 07시,수요일,울산광역시 남구 달동,중상사고,0,1,0,0,차대사람 - 횡단중,안전운전불이행,건조,맑음,단일로 - 기타,승용,여,50세,상해없음,보행자,여,77세,중상
2018072500100233,2018년 7월 25일 11시,수요일,울산광역시 남구 삼산동,경상사고,0,0,1,0,차대차 - 기타,안전거리미확보,건조,맑음,단일로 - 기타,승용,남,58세,상해없음,승합,남,63세,상해없음
2018072500100296,2018년 7월 25일 13시,수요일,울산광역시 울주군 범서읍,중상사고,0,1,1,0,차량단독 - 기타,안전운전불이행,건조,맑음,단일로 - 기타,이륜,남,17세,경상,,,,
2018072500100308,2018년 7월 25일 14시,수요일,울산광역시 울주군 삼남면,경상사고,0,0,2,0,차대차 - 추돌,안전운전불이행,건조,맑음,단일로 - 기타,승용,남,58세,상해없음,승용,남,44세,경상
2018072500100399,2018년 7월 25일 16시,수요일,울산광역시 남구 신정동,중상사고,0,1,0,0,차대차 - 측면충돌,교차로운행방법위반,건조,맑음,교차로 - 교차로안,승합,남,59세,상해없음,자전거,남,16세,중상
2018072500100620,2018년 7월 25일 22시,수요일,울산광역시 동구 전하동,경상사고,0,0,1,0,차량단독 - 전도전복 - 전도,안전운전불이행,건조,맑음,단일로 - 기타,이륜,남,36세,경상,미분류,미분류,미분류,미분류
2018072500100652,2018년 7월 25일 23시,수요일,울산광역시 북구 매곡동,중상사고,0,1,0,0,차대사람 - 횡단중,안전운전불이행,건조,맑음,교차로 - 교차로횡단보도내,승용,남,46세,상해없음,보행자,남,44세,중상
2018072600100013,2018년 7월 26일 00시,목요일,울산광역시 중구 태화동,경상사고,0,0,1,0,차대차 - 측면충돌,안전운전불이행,건조,맑음,단일로 - 기타,승용,남,31세,상해없음,승용,남,42세,상해없음
2018072600100073,2018년 7월 26일 05시,목요일,울산광역시 남구 달동,경상사고,0,0,1,0,차대차 - 측면충돌,직진우회전진행방해,건조,맑음,교차로 - 교차로안,승용,남,27세,경상,승용,남,65세,상해없음
2018072600100145,2018년 7월 26일 08시,목요일,울산광역시 동구 전하동,중상사고,0,1,0,0,차대차 - 기타,직진우회전진행방해,건조,맑음,교차로 - 교차로안,승용,여,32세,상해없음,이륜,남,73세,중상
2018072600100239,2018년 7월 26일 11시,목요일,울산광역시 동구 일산동,경상사고,0,0,1,0,차대차 - 측면충돌,안전거리미확보,건조,맑음,단일로 - 기타,승용,남,40세,상해없음,이륜,남,35세,경상
2018072600100275,2018년 7월 26일 12시,목요일,울산광역시 북구 진장동,경상사고,0,0,1,0,차대차 - 측면충돌,불법유턴,건조,맑음,단일로 - 기타,승용,남,28세,상해없음,승용,남,30세,경상
2018072600100299,2018년 7월 26일 13시,목요일,울산광역시 중구 성남동,경상사고,0,0,1,0,차대사람 - 길가장자리구역통행중,안전운전불이행,건조,맑음,단일로 - 기타,승용,남,22세,상해없음,보행자,여,26세,경상
2018072600100300,2018년 7월 26일 13시,목요일,울산광역시 남구 신정동,중상사고,0,1,1,0,차대차 - 측면충돌,신호위반,건조,맑음,교차로 - 교차로부근,승용,여,20세,경상,이륜,남,37세,중상
2018072600100301,2018년 7월 26일 13시,목요일,울산광역시 동구 동부동,경상사고,0,0,1,0,차대사람 - 횡단중,안전운전불이행,건조,맑음,단일로 - 기타,이륜,남,50세,상해없음,보행자,여,71세,경상
2018072600100333,2018년 7월 26일 14시,목요일,울산광역시 북구 염포동,중상사고,0,2,5,0,차대차 - 추돌,안전운전불이행,건조,맑음,교차로 - 교차로부근,승용,여,58세,상해없음,승용,여,59세,중상
2018072600100438,2018년 7월 26일 17시,목요일,울산광역시 동구 방어동,경상사고,0,0,2,0,차대차 - 정면충돌,중앙선침범,건조,맑음,단일로 - 기타,승용,여,70세,경상,승합,남,56세,기타불명
2018072600100439,2018년 7월 26일 17시,목요일,울산광역시 동구 서부동,경상사고,0,0,1,0,차대차 - 추돌,안전운전불이행,건조,맑음,교차로 - 교차로안,승용,남,37세,상해없음,승합,남,29세,경상
2018072600100514,2018년 7월 26일 19시,목요일,울산광역시 남구 무거동,중상사고,0,1,1,0,차대차 - 기타,안전거리미확보,건조,맑음,교차로 - 교차로안,승용,남,58세,경상,승용,여,53세,중상
2018072600100544,2018년 7월 26일 20시,목요일,울산광역시 북구 화봉동,경상사고,0,0,2,0,차대차 - 측면충돌,안전운전불이행,건조,맑음,단일로 - 기타,승용,여,53세,상해없음,승용,남,41세,경상
2018072700100064,2018년 7월 27일 05시,금요일,울산광역시 울주군 삼남면,사망사고,1,0,0,0,차대차 - 측면충돌,교차로운행방법위반,건조,맑음,교차로 - 교차로안,승용,남,63세,상해없음,이륜,남,28세,사망
2018072700100140,2018년 7월 27일 08시,금요일,울산광역시 중구 교동,경상사고,0,0,1,0,차대차 - 기타,안전운전불이행,건조,맑음,교차로 - 교차로안,자전거,여,12세,경상,승용,남,29세,상해없음
2018072700100180,2018년 7월 27일 09시,금요일,울산광역시 남구 신정동,중상사고,0,1,0,0,차대사람 - 횡단중,보행자보호의무위반,건조,맑음,단일로 - 기타,승용,여,43세,상해없음,보행자,여,33세,중상
2018072700100181,2018년 7월 27일 09시,금요일,울산광역시 울주군 온양읍,중상사고,0,1,0,0,차대차 - 추돌,안전운전불이행,건조,맑음,단일로 - 기타,승용,여,48세,상해없음,승용,남,54세,상해없음
2018072700100221,2018년 7월 27일 10시,금요일,울산광역시 중구 성안동,경상사고,0,0,1,0,차대차 - 기타,교차로운행방법위반,건조,맑음,교차로 - 교차로안,승용,남,54세,상해없음,승용,남,29세,상해없음
2018072700100222,2018년 7월 27일 10시,금요일,울산광역시 북구 연암동,경상사고,0,0,1,0,차대차 - 정면충돌,안전운전불이행,건조,맑음,단일로 - 기타,승용,남,29세,상해없음,자전거,남,61세,경상
2018072700100253,2018년 7월 27일 11시,금요일,울산광역시 동구 전하동,경상사고,0,0,1,0,차대차 - 측면충돌,교차로운행방법위반,건조,맑음,교차로 - 교차로안,승용,여,38세,상해없음,이륜,남,36세,경상
2018072700100254,2018년 7월 27일 11시,금요일,울산광역시 동구 전하동,경상사고,0,0,3,0,차대차 - 측면충돌,안전운전불이행,건조,맑음,단일로 - 기타,승용,여,60세,경상,승용,여,54세,경상
2018072700100279,2018년 7월 27일 12시,금요일,울산광역시 중구 성남동,경상사고,0,0,2,0,차대차 - 측면충돌,신호위반,건조,맑음,교차로 - 교차로안,승용,남,71세,상해없음,승용,여,33세,경상
2018072700100358,2018년 7월 27일 14시,금요일,울산광역시 울주군 온산읍,중상사고,0,1,0,0,차대차 - 측면충돌,교차로운행방법위반,건조,맑음,교차로 - 교차로안,이륜,남,20세,중상,승용,남,55세,상해없음
2018072700100359,2018년 7월 27일 14시,금요일,울산광역시 울주군 온양읍,경상사고,0,0,1,0,차대차 - 측면충돌,교차로운행방법위반,건조,맑음,교차로 - 교차로안,승용,남,29세,상해없음,화물,남,25세,경상
2018072700100542,2018년 7월 27일 18시,금요일,울산광역시 남구 달동,경상사고,0,0,1,0,차대차 - 측면충돌,교차로운행방법위반,건조,맑음,교차로 - 교차로안,승용,여,52세,상해없음,이륜,남,42세,경상
2018072700100543,2018년 7월 27일 18시,금요일,울산광역시 울주군 삼남면,부상신고사고,0,0,0,1,차대차 - 기타,안전거리미확보,건조,맑음,단일로 - 기타,승용,남,54세,상해없음,승합,남,61세,상해없음
2018072700100704,2018년 7월 27일 22시,금요일,울산광역시 남구 신정동,경상사고,0,0,1,0,차대차 - 추돌,안전운전불이행,건조,맑음,단일로 - 기타,승용,남,55세,기타불명,승용,여,39세,경상
2018072700100705,2018년 7월 27일 22시,금요일,울산광역시 남구 달동,중상사고,0,1,0,0,차대사람 - 횡단중,안전운전불이행,건조,맑음,교차로 - 교차로안,승용,남,32세,상해없음,보행자,여,37세,중상
2018072700100732,2018년 7월 27일 23시,금요일,울산광역시 남구 무거동,중상사고,0,1,0,0,차대차 - 기타,안전운전불이행,건조,맑음,교차로 - 교차로안,화물,남,63세,상해없음,화물,남,39세,기타불명
2018072700100733,2018년 7월 27일 23시,금요일,울산광역시 남구 달동,경상사고,0,0,1,0,차대차 - 측면충돌,안전운전불이행,건조,맑음,교차로 - 교차로안,승용,남,22세,상해없음,승용,남,22세,경상
2018072800100088,2018년 7월 28일 05시,토요일,울산광역시 중구 남외동,중상사고,0,1,0,0,차대차 - 측면충돌,신호위반,건조,맑음,교차로 - 교차로안,승용,남,22세,상해없음,승용,남,32세,중상
2018072800100121,2018년 7월 28일 07시,토요일,울산광역시 남구 삼산동,중상사고,0,2,0,0,차대차 - 측면충돌,신호위반,건조,맑음,교차로 - 교차로안,화물,남,18세,상해없음,승용,남,48세,중상
2018072800100140,2018년 7월 28일 08시,토요일,울산광역시 남구 신정동,부상신고사고,0,0,0,1,차대차 - 기타,차로위반,건조,맑음,단일로 - 기타,승용,남,56세,상해없음,승합,남,52세,상해없음
2018072800100199,2018년 7월 28일 10시,토요일,울산광역시 남구 신정동,경상사고,0,0,1,0,차대차 - 측면충돌,안전거리미확보,건조,맑음,단일로 - 기타,이륜,남,53세,경상,승용,남,26세,상해없음
2018072800100437,2018년 7월 28일 17시,토요일,울산광역시 울주군 범서읍,경상사고,0,0,1,0,차대차 - 추돌,안전운전불이행,건조,맑음,단일로 - 기타,자전거,남,14세,경상,승용,여,27세,상해없음
2018072800100468,2018년 7월 28일 18시,토요일,울산광역시 울주군 상북면,경상사고,0,0,3,0,차대차 - 측면충돌,차로위반,건조,맑음,단일로 - 기타,승용,남,70세,상해없음,승용,여,43세,경상
2018072800100519,2018년 7월 28일 20시,토요일,울산광역시 중구 태화동,경상사고,0,0,1,0,차대차 - 측면충돌,안전거리미확보,건조,맑음,단일로 - 교량,승용,남,64세,상해없음,승용,남,42세,경상
2018072800100520,2018년 7월 28일 20시,토요일,울산광역시 동구 화정동,경상사고,0,0,1,0,차대차 - 측면충돌,안전운전불이행,건조,맑음,단일로 - 기타,이륜,남,21세,경상,승용,여,48세,상해없음
2018072800100579,2018년 7월 28일 22시,토요일,울산광역시 중구 성안동,중상사고,0,1,0,0,차대사람 - 보도통행중,안전운전불이행,건조,맑음,교차로 - 교차로안,승용,남,27세,상해없음,보행자,여,27세,중상
2018072800100602,2018년 7월 28일 23시,토요일,울산광역시 울주군 범서읍,중상사고,0,2,1,1,차대차 - 기타,안전거리미확보,건조,맑음,단일로 - 기타,승용,여,26세,상해없음,승용,남,53세,중상
2018072900100030,2018년 7월 29일 01시,일요일,울산광역시 울주군 청량읍,경상사고,0,0,3,0,차대차 - 측면충돌,안전운전불이행,건조,맑음,교차로 - 교차로부근,승용,남,67세,상해없음,승용,남,56세,경상
2018072900100102,2018년 7월 29일 08시,일요일,울산광역시 울주군 언양읍,경상사고,0,0,1,0,차대차 - 추돌,안전거리미확보,건조,맑음,단일로 - 기타,승용,남,35세,상해없음,승용,남,62세,경상
2018072900100131,2018년 7월 29일 10시,일요일,울산광역시 울주군 언양읍,경상사고,0,0,2,0,차대차 - 추돌,안전운전불이행,건조,맑음,단일로 - 기타,승용,남,63세,상해없음,승용,남,31세,경상
2018072900100254,2018년 7월 29일 14시,일요일,울산광역시 동구 주전동,경상사고,0,0,1,0,차대사람 - 차도통행중,안전운전불이행,건조,맑음,단일로 - 기타,승용,남,53세,상해없음,보행자,남,51세,경상
2018072900100316,2018년 7월 29일 16시,일요일,울산광역시 울주군 상북면,경상사고,0,0,1,0,차대사람 - 길가장자리구역통행중,안전운전불이행,건조,맑음,단일로 - 기타,승용,남,30세,상해없음,보행자,남,23세,경상
2018072900100385,2018년 7월 29일 18시,일요일,울산광역시 중구 우정동,중상사고,0,1,0,0,차대사람 - 차도통행중,안전운전불이행,건조,맑음,교차로 - 교차로안,승용,남,33세,상해없음,보행자,여,65세,중상
2018072900100386,2018년 7월 29일 18시,일요일,울산광역시 남구 신정동,중상사고,0,1,0,0,차대차 - 기타,신호위반,건조,맑음,단일로 - 기타,승용,남,49세,상해없음,이륜,남,61세,중상
2018072900100412,2018년 7월 29일 19시,일요일,울산광역시 중구 남외동,중상사고,0,1,0,1,차대차 - 추돌,안전운전불이행,건조,맑음,교차로 - 교차로안,이륜,남,58세,부상신고,승용,남,60세,중상
2018072900100448,2018년 7월 29일 20시,일요일,울산광역시 중구 다운동,중상사고,0,1,0,0,차대차 - 추돌,안전운전불이행,건조,맑음,단일로 - 기타,승용,남,43세,상해없음,승용,남,55세,중상
2018072900100487,2018년 7월 29일 22시,일요일,울산광역시 울주군 온양읍,경상사고,0,0,1,0,차량단독 - 전도전복 - 전도,안전운전불이행,젖음/습기,비,단일로 - 기타,이륜,여,51세,경상,미분류,미분류,미분류,미분류
2018072900100504,2018년 7월 29일 23시,일요일,울산광역시 북구 호계동,경상사고,0,0,3,0,차대차 - 후진중충돌,안전운전불이행,기타,맑음,단일로 - 기타,승용,남,51세,상해없음,승용,남,22세,경상
2018072900100505,2018년 7월 29일 23시,일요일,울산광역시 울주군 삼남면,중상사고,0,1,1,0,차대차 - 측면충돌,직진우회전진행방해,건조,맑음,교차로 - 교차로안,승용,남,64세,상해없음,승용,여,49세,경상
2018073000100038,2018년 7월 30일 04시,월요일,울산광역시 남구 삼산동,중상사고,0,2,2,0,차대차 - 측면충돌,신호위반,건조,맑음,교차로 - 교차로안,승용,남,60세,경상,승용,여,50세,중상
2018073000100366,2018년 7월 30일 14시,월요일,울산광역시 남구 신정동,중상사고,0,1,0,0,차대사람 - 횡단중,보행자보호의무위반,건조,맑음,교차로 - 교차로안,승용,남,35세,상해없음,보행자,여,14세,중상
2018073000100441,2018년 7월 30일 16시,월요일,울산광역시 동구 방어동,중상사고,0,1,3,0,차대차 - 측면충돌,기타,건조,맑음,교차로 - 교차로안,승용,남,21세,경상,승용,여,28세,중상
2018073000100488,2018년 7월 30일 17시,월요일,울산광역시 남구 삼산동,경상사고,0,0,1,0,차대차 - 측면충돌,교차로운행방법위반,건조,맑음,교차로 - 교차로안,승용,남,47세,상해없음,승용,남,47세,경상
2018073000100537,2018년 7월 30일 18시,월요일,울산광역시 동구 일산동,경상사고,0,0,2,0,차대차 - 기타,안전운전불이행,건조,맑음,단일로 - 기타,승용,남,66세,상해없음,승용,여,49세,경상
2018073000100599,2018년 7월 30일 20시,월요일,울산광역시 북구 효문동,중상사고,0,1,0,0,차량단독 - 전도전복 - 전도,안전운전불이행,건조,맑음,단일로 - 기타,이륜,남,53세,중상,미분류,미분류,미분류,미분류
2018073000100600,2018년 7월 30일 20시,월요일,울산광역시 울주군 범서읍,중상사고,0,1,0,0,차대차 - 정면충돌,안전운전불이행,건조,맑음,기타 - 기타,자전거,남,30세,중상,화물,남,48세,상해없음
2018073000100635,2018년 7월 30일 21시,월요일,울산광역시 남구 삼산동,경상사고,0,0,1,0,차대차 - 측면충돌,중앙선침범,건조,맑음,단일로 - 기타,승용,남,50세,상해없음,승용,남,36세,경상
2018073100100068,2018년 7월 31일 06시,화요일,울산광역시 북구 염포동,경상사고,0,0,1,0,차대차 - 측면충돌,신호위반,건조,맑음,교차로 - 교차로안,승용,남,70세,상해없음,승용,남,59세,경상
2018073100100267,2018년 7월 31일 12시,화요일,울산광역시 남구 여천동,경상사고,0,0,1,0,차대차 - 기타,안전운전불이행,건조,맑음,교차로 - 교차로부근,이륜,남,59세,경상,화물,남,52세,상해없음
2018073100100373,2018년 7월 31일 15시,화요일,울산광역시 중구 태화동,경상사고,0,0,4,1,차대차 - 추돌,안전거리미확보,건조,맑음,단일로 - 기타,화물,여,52세,경상,승용,남,36세,부상신고
2018073100100616,2018년 7월 31일 22시,화요일,울산광역시 울주군 언양읍,경상사고,0,0,1,1,차대차 - 추돌,안전운전불이행,건조,맑음,단일로 - 기타,승용,여,27세,상해없음,승합,남,56세,부상신고
2018080100100114,2018년 8월 1일 07시,수요일,울산광역시 남구 무거동,경상사고,0,0,2,0,차대차 - 추돌,안전운전불이행,건조,맑음,교차로 - 교차로안,승용,여,28세,상해없음,승용,여,55세,경상