사고번호,사고일시,요일,시군구,사고내용,사망자수,중상자수,경상자수,부상신고자수,사고유형,법규위반,노면상태,기상상태,도로형태,가해운전자 차종,가해운전자 성별,가해운전자 연령,가해운전자 상해정도,피해운전자 차종,피해운전자 성별,피해운전자 연령,피해운전자 상해정도
2018080100100147,2018년 8월 1일 08시,수요일,울산광역시 북구 연암동,경상사고,0,0,1,0,차대차 - 측면충돌,신호위반,건조,맑음,교차로 - 교차로안,승용,남,61세,상해없음,승용,여,33세,경상
2018080100100148,2018년 8월 1일 08시,수요일,울산광역시 동구 일산동,중상사고,0,1,0,0,차대차 - 측면충돌,안전운전불이행,기타,맑음,교차로 - 교차로안,승용,남,48세,상해없음,이륜,남,63세,중상
2018080100100383,2018년 8월 1일 15시,수요일,울산광역시 북구 호계동,경상사고,0,0,1,0,차대차 - 측면충돌,안전운전불이행,건조,맑음,교차로 - 교차로안,승용,여,43세,상해없음,승용,남,26세,경상
2018080100100529,2018년 8월 1일 18시,수요일,울산광역시 울주군 언양읍,경상사고,0,0,1,0,차대차 - 기타,교차로운행방법위반,건조,맑음,교차로 - 교차로안,승용,남,44세,상해없음,자전거,남,22세,경상
2018080100100553,2018년 8월 1일 19시,수요일,울산광역시 남구 삼산동,경상사고,0,0,1,0,차대사람 - 차도통행중,안전운전불이행,건조,맑음,단일로 - 기타,승용,여,31세,상해없음,보행자,남,64세,경상
2018080100100586,2018년 8월 1일 20시,수요일,울산광역시 울주군 언양읍,사망사고,1,0,0,0,차대사람 - 횡단중,안전운전불이행,건조,맑음,단일로 - 기타,화물,남,74세,상해없음,보행자,여,67세,사망
2018080100100620,2018년 8월 1일 21시,수요일,울산광역시 동구 일산동,중상사고,0,1,0,0,차대사람 - 차도통행중,안전운전불이행,건조,맑음,교차로 - 교차로부근,승용,남,48세,상해없음,보행자,남,17세,중상
2018080100100655,2018년 8월 1일 22시,수요일,울산광역시 동구 전하동,경상사고,0,0,3,0,차대차 - 추돌,안전운전불이행,건조,맑음,교차로 - 교차로부근,승용,남,27세,상해없음,승용,남,47세,경상
2018080200100012,2018년 8월 2일 00시,목요일,울산광역시 남구 삼산동,중상사고,0,2,0,0,차대차 - 측면충돌,신호위반,건조,맑음,교차로 - 교차로안,원동기,남,25세,중상,승용,남,68세,상해없음
2018080200100048,2018년 8월 2일 03시,목요일,울산광역시 북구 창평동,경상사고,0,0,1,0,차대차 - 추돌,안전운전불이행,건조,맑음,교차로 - 교차로부근,승용,남,55세,상해없음,화물,남,57세,경상
2018080200100158,2018년 8월 2일 08시,목요일,울산광역시 북구 매곡동,중상사고,0,1,0,0,차대차 - 기타,신호위반,건조,맑음,교차로 - 교차로안,승용,남,49세,상해없음,이륜,남,67세,중상
2018080200100170,2018년 8월 2일 09시,목요일,울산광역시 울주군 두서면,경상사고,0,0,1,0,차대차 - 추돌,안전거리미확보,건조,맑음,단일로 - 기타,화물,남,33세,상해없음,화물,남,28세,경상
2018080200100224,2018년 8월 2일 10시,목요일,울산광역시 울주군 범서읍,중상사고,0,2,0,1,차대차 - 측면충돌,신호위반,건조,맑음,교차로 - 교차로횡단보도내,이륜,남,16세,부상신고,이륜,남,73세,중상
2018080200100246,2018년 8월 2일 11시,목요일,울산광역시 중구 태화동,경상사고,0,0,2,0,차대차 - 기타,안전거리미확보,건조,맑음,단일로 - 기타,승용,남,83세,상해없음,승용,남,50세,경상
2018080200100382,2018년 8월 2일 15시,목요일,울산광역시 북구 연암동,중상사고,0,1,6,0,차대차 - 추돌,안전운전불이행,건조,맑음,단일로 - 기타,승용,남,40세,경상,화물,남,59세,경상
2018080200100500,2018년 8월 2일 18시,목요일,울산광역시 북구 가대동,사망사고,1,0,0,0,차량단독 - 공작물충돌,안전운전불이행,건조,맑음,단일로 - 기타,이륜,남,59세,사망,,,,
2018080200100588,2018년 8월 2일 21시,목요일,울산광역시 남구 부곡동,경상사고,0,0,1,0,차량단독 - 공작물충돌,안전운전불이행,건조,맑음,단일로 - 기타,승용,남,55세,경상,,,,
2018080300100038,2018년 8월 3일 02시,금요일,울산광역시 북구 천곡동,경상사고,0,0,2,0,차량단독 - 전도전복 - 전도,안전운전불이행,건조,맑음,단일로 - 기타,이륜,남,19세,경상,미분류,미분류,미분류,미분류
2018080300100064,2018년 8월 3일 05시,금요일,울산광역시 중구 학산동,중상사고,0,1,0,0,차대사람 - 기타,안전운전불이행,건조,맑음,교차로 - 교차로안,승용,여,30세,상해없음,보행자,여,60세,중상
2018080300100153,2018년 8월 3일 09시,금요일,울산광역시 남구 삼산동,경상사고,0,0,1,0,차대사람 - 차도통행중,안전운전불이행,건조,맑음,단일로 - 기타,승용,남,47세,상해없음,보행자,여,29세,경상
2018080300100285,2018년 8월 3일 13시,금요일,울산광역시 북구 중산동,경상사고,0,0,3,0,차대차 - 추돌,안전운전불이행,건조,맑음,교차로 - 교차로부근,화물,남,48세,상해없음,승용,남,55세,경상
2018080300100479,2018년 8월 3일 18시,금요일,울산광역시 울주군 언양읍,경상사고,0,0,1,0,차대차 - 추돌,안전운전불이행,건조,맑음,단일로 - 기타,화물,남,48세,상해없음,승용,여,40세,경상
2018080300100513,2018년 8월 3일 19시,금요일,울산광역시 북구 진장동,경상사고,0,0,2,0,차대차 - 측면충돌,안전운전불이행,건조,맑음,교차로 - 교차로부근,승용,남,67세,상해없음,승용,여,34세,경상
2018080300100612,2018년 8월 3일 22시,금요일,울산광역시 동구 일산동,경상사고,0,0,1,0,차대사람 - 기타,안전운전불이행,건조,맑음,단일로 - 기타,승용,남,55세,상해없음,보행자,여,69세,경상
2018080400100036,2018년 8월 4일 01시,토요일,울산광역시 남구 신정동,경상사고,0,0,1,0,차대차 - 측면충돌,안전운전불이행,건조,맑음,교차로 - 교차로부근,승용,남,53세,상해없음,승용,남,34세,경상
2018080400100066,2018년 8월 4일 03시,토요일,울산광역시 동구 방어동,경상사고,0,0,1,0,차량단독 - 전도전복 - 전도,안전운전불이행,건조,맑음,단일로 - 기타,이륜,남,16세,경상,미분류,미분류,미분류,미분류
2018080400100094,2018년 8월 4일 05시,토요일,울산광역시 동구 화정동,경상사고,0,0,1,0,차대차 - 측면충돌,직진우회전진행방해,건조,맑음,교차로 - 교차로안,승용,남,24세,상해없음,승용,여,58세,경상
2018080400100095,2018년 8월 4일 05시,토요일,울산광역시 북구 양정동,경상사고,0,0,1,0,차대차 - 기타,불법유턴,건조,맑음,교차로 - 교차로부근,자전거,남,71세,상해없음,승합,남,48세,상해없음
2018080400100122,2018년 8월 4일 07시,토요일,울산광역시 중구 학성동,경상사고,0,0,1,0,차대차 - 측면충돌,직진우회전진행방해,건조,맑음,교차로 - 교차로안,승용,남,56세,상해없음,화물,남,45세,경상
2018080400100309,2018년 8월 4일 14시,토요일,울산광역시 울주군 온양읍,경상사고,0,0,1,0,차대차 - 후진중충돌,교차로운행방법위반,건조,맑음,교차로 - 교차로안,화물,남,53세,상해없음,승용,남,52세,상해없음
2018080400100363,2018년 8월 4일 16시,토요일,울산광역시 울주군 상북면,경상사고,0,0,1,0,차대사람 - 차도통행중,안전운전불이행,건조,맑음,단일로 - 기타,승용,남,23세,상해없음,보행자,남,26세,경상
2018080400100395,2018년 8월 4일 17시,토요일,울산광역시 북구 창평동,중상사고,0,1,0,0,차대차 - 측면충돌,안전운전불이행,건조,맑음,단일로 - 기타,사륜오토바이(ATV),여,58세,중상,승용,남,75세,상해없음
2018080500100081,2018년 8월 5일 06시,일요일,울산광역시 남구 무거동,사망사고,1,0,0,0,차대차 - 추돌,안전운전불이행,건조,맑음,단일로 - 기타,승용,남,30세,상해없음,자전거,남,71세,사망
2018080500100168,2018년 8월 5일 11시,일요일,울산광역시 중구 반구동,경상사고,0,0,3,0,차대차 - 추돌,안전거리미확보,건조,맑음,교차로 - 교차로부근,승용,여,34세,경상,승용,여,50세,경상
2018080500100257,2018년 8월 5일 14시,일요일,울산광역시 울주군 서생면,부상신고사고,0,0,0,1,차대차 - 기타,안전운전불이행,건조,맑음,교차로 - 교차로부근,이륜,남,23세,부상신고,승용,여,62세,상해없음
2018080500100314,2018년 8월 5일 16시,일요일,울산광역시 동구 서부동,중상사고,0,1,0,0,차대차 - 측면충돌,중앙선침범,건조,맑음,단일로 - 기타,이륜,남,72세,중상,승용,남,40세,상해없음
2018080500100480,2018년 8월 5일 22시,일요일,울산광역시 남구 삼산동,경상사고,0,0,3,0,차대차 - 기타,신호위반,건조,맑음,교차로 - 교차로안,이륜,남,38세,경상,승합,남,55세,상해없음
2018080600100095,2018년 8월 6일 08시,월요일,울산광역시 북구 연암동,경상사고,0,0,1,0,차대차 - 측면충돌,안전거리미확보,건조,맑음,단일로 - 기타,화물,여,47세,상해없음,승용,남,36세,경상
2018080600100096,2018년 8월 6일 08시,월요일,울산광역시 남구 무거동,중상사고,0,1,0,0,차대차 - 기타,안전운전불이행,건조,맑음,교차로 - 교차로안,승용,여,50세,상해없음,자전거,여,52세,중상
2018080600100097,2018년 8월 6일 08시,월요일,울산광역시 남구 신정동,경상사고,0,0,4,1,차대차 - 추돌,안전운전불이행,건조,맑음,교차로 - 교차로부근,승용,여,38세,상해없음,승용,남,39세,경상
2018080600100159,2018년 8월 6일 10시,월요일,울산광역시 남구 야음동,중상사고,0,1,0,0,차대사람 - 기타,안전운전불이행,건조,맑음,교차로 - 교차로안,화물,남,67세,상해없음,보행자,남,80세,중상
2018080600100203,2018년 8월 6일 11시,월요일,울산광역시 울주군 삼남면,경상사고,0,0,2,0,차대차 - 측면충돌,안전거리미확보,건조,맑음,단일로 - 기타,화물,남,51세,상해없음,승용,남,52세,경상
2018080600100204,2018년 8월 6일 11시,월요일,울산광역시 울주군 범서읍,경상사고,0,0,1,1,차대차 - 측면충돌,직진우회전진행방해,건조,맑음,교차로 - 교차로안,승용,남,64세,부상신고,승용,남,62세,경상
2018080600100205,2018년 8월 6일 11시,월요일,울산광역시 울주군 청량읍,경상사고,0,0,1,0,차대차 - 측면충돌,안전운전불이행,건조,맑음,단일로 - 기타,승용,남,58세,상해없음,승용,남,54세,경상
2018080600100291,2018년 8월 6일 14시,월요일,울산광역시 동구 일산동,중상사고,0,1,0,0,차대사람 - 기타,안전운전불이행,건조,맑음,단일로 - 기타,기타불명,기타불명,미분류,기타불명,보행자,여,75세,중상
2018080600100292,2018년 8월 6일 14시,월요일,울산광역시 울주군 상북면,경상사고,0,0,2,0,차대차 - 정면충돌,안전운전불이행,건조,맑음,단일로 - 기타,승용,여,57세,경상,화물,남,65세,경상
2018080600100327,2018년 8월 6일 15시,월요일,울산광역시 동구 화정동,경상사고,0,0,1,0,차대차 - 기타,안전운전불이행,건조,맑음,기타 - 기타,승용,여,36세,상해없음,이륜,남,29세,경상
2018080600100464,2018년 8월 6일 18시,월요일,울산광역시 남구 삼산동,경상사고,0,0,1,0,차대사람 - 기타,안전운전불이행,건조,맑음,교차로 - 교차로부근,승용,남,40세,상해없음,보행자,여,60세,경상
2018080600100518,2018년 8월 6일 20시,월요일,울산광역시 동구 화정동,경상사고,0,0,2,0,차량단독 - 기타,안전운전불이행,젖음/습기,비,단일로 - 기타,승용,남,60세,상해없음,,,,
2018080600100544,2018년 8월 6일 21시,월요일,울산광역시 울주군 범서읍,경상사고,0,0,1,0,차대차 - 추돌,안전거리미확보,젖음/습기,흐림,교차로 - 교차로부근,승용,남,35세,상해없음,승용,남,30세,경상
2018080700100013,2018년 8월 7일 00시,화요일,울산광역시 남구 삼산동,중상사고,0,1,0,0,차대차 - 측면충돌,안전운전불이행,건조,흐림,단일로 - 기타,승용,남,60세,상해없음,승용,남,49세,중상
2018080700100048,2018년 8월 7일 04시,화요일,울산광역시 남구 달동,경상사고,0,0,1,0,차대차 - 측면충돌,교차로운행방법위반,건조,맑음,교차로 - 교차로안,승용,남,26세,상해없음,승용,남,22세,경상
2018080700100061,2018년 8월 7일 06시,화요일,울산광역시 북구 매곡동,중상사고,0,1,0,0,차대사람 - 차도통행중,안전운전불이행,건조,맑음,교차로 - 교차로안,승용,남,25세,상해없음,보행자,여,82세,중상
2018080700100062,2018년 8월 7일 06시,화요일,울산광역시 울주군 온산읍,경상사고,0,0,1,0,차대사람 - 길가장자리구역통행중,안전운전불이행,건조,흐림,교차로 - 교차로안,승용,남,29세,상해없음,보행자,남,54세,경상
2018080700100114,2018년 8월 7일 08시,화요일,울산광역시 남구 매암동,중상사고,0,1,0,0,차대사람 - 횡단중,안전운전불이행,건조,맑음,교차로 - 교차로안,승용,남,46세,상해없음,보행자,남,25세,중상
2018080700100177,2018년 8월 7일 10시,화요일,울산광역시 남구 옥동,중상사고,0,1,0,0,차대사람 - 길가장자리구역통행중,안전운전불이행,건조,맑음,단일로 - 기타,승용,여,55세,상해없음,보행자,여,75세,중상
2018080700100178,2018년 8월 7일 10시,화요일,울산광역시 울주군 온산읍,경상사고,0,0,1,0,차대차 - 측면충돌,중앙선침범,건조,맑음,단일로 - 기타,승용,남,52세,상해없음,화물,남,35세,경상
2018080700100312,2018년 8월 7일 14시,화요일,울산광역시 울주군 서생면,부상신고사고,0,0,0,1,차대차 - 기타,교차로운행방법위반,건조,맑음,교차로 - 교차로안,승용,여,62세,상해없음,승용,남,58세,상해없음
2018080700100385,2018년 8월 7일 16시,화요일,울산광역시 북구 명촌동,경상사고,0,0,1,0,차대차 - 추돌,안전거리미확보,건조,맑음,단일로 - 기타,승용,남,66세,상해없음,승용,여,64세,경상
2018080700100424,2018년 8월 7일 17시,화요일,울산광역시 중구 동동,중상사고,0,1,0,0,차대사람 - 차도통행중,안전운전불이행,건조,맑음,교차로 - 교차로안,화물,남,31세,상해없음,보행자,남,6세,중상
2018080700100425,2018년 8월 7일 17시,화요일,울산광역시 남구 신정동,경상사고,0,0,1,0,차대사람 - 기타,안전운전불이행,건조,맑음,단일로 - 기타,승용,여,47세,상해없음,보행자,남,13세,경상
2018080700100426,2018년 8월 7일 17시,화요일,울산광역시 동구 방어동,경상사고,0,0,1,0,차대차 - 측면충돌,신호위반,건조,맑음,교차로 - 교차로안,승용,남,75세,상해없음,승용,여,33세,경상
2018080700100471,2018년 8월 7일 18시,화요일,울산광역시 중구 다운동,경상사고,0,0,1,0,차대차 - 정면충돌,안전운전불이행,건조,맑음,교차로 - 교차로안,승용,여,62세,상해없음,승용,남,58세,경상
2018080700100472,2018년 8월 7일 18시,화요일,울산광역시 중구 서동,중상사고,0,1,0,0,차대사람 - 횡단중,안전운전불이행,건조,맑음,교차로 - 교차로횡단보도내,승용,여,35세,상해없음,보행자,여,80세,중상
2018080700100500,2018년 8월 7일 19시,화요일,울산광역시 동구 일산동,중상사고,0,1,0,0,차대차 - 기타,직진우회전진행방해,건조,맑음,단일로 - 기타,승용,여,64세,상해없음,이륜,남,41세,중상
2018080700100549,2018년 8월 7일 21시,화요일,울산광역시 중구 반구동,경상사고,0,0,1,0,차대차 - 추돌,안전운전불이행,건조,맑음,교차로 - 교차로부근,화물,남,52세,상해없음,승용,남,32세,경상
2018080700100550,2018년 8월 7일 21시,화요일,울산광역시 북구 호계동,경상사고,0,0,1,0,차대차 - 측면충돌,중앙선침범,건조,맑음,단일로 - 기타,이륜,남,47세,경상,승용,여,57세,상해없음
2018080700100551,2018년 8월 7일 21시,화요일,울산광역시 중구 다운동,경상사고,0,0,1,0,차대사람 - 기타,기타,건조,맑음,단일로 - 기타,승합,남,56세,상해없음,보행자,여,72세,경상
2018080700100552,2018년 8월 7일 21시,화요일,울산광역시 남구 달동,경상사고,0,0,1,0,차대사람 - 기타,안전운전불이행,건조,맑음,교차로 - 교차로안,승용,남,55세,상해없음,보행자,남,42세,경상
2018080700100553,2018년 8월 7일 21시,화요일,울산광역시 울주군 온양읍,중상사고,0,1,0,0,차량단독 - 공작물충돌,안전운전불이행,건조,맑음,단일로 - 기타,승용,남,25세,상해없음,,,,
2018080700100554,2018년 8월 7일 21시,화요일,울산광역시 울주군 언양읍,중상사고,0,1,0,0,차대차 - 추돌,안전운전불이행,건조,맑음,교차로 - 교차로부근,승용,남,17세,상해없음,승용,여,55세,기타불명
2018080700100577,2018년 8월 7일 22시,화요일,울산광역시 북구 산하동,경상사고,0,0,1,0,차대차 - 측면충돌,직진우회전진행방해,건조,맑음,교차로 - 교차로안,승용,남,23세,상해없음,승용,여,56세,경상
2018080800100026,2018년 8월 8일 02시,수요일,울산광역시 중구 성남동,경상사고,0,0,1,0,차대사람 - 기타,안전운전불이행,건조,맑음,단일로 - 기타,승용,남,33세,상해없음,보행자,여,28세,경상
2018080800100027,2018년 8월 8일 02시,수요일,울산광역시 남구 신정동,중상사고,0,1,0,0,차대사람 - 차도통행중,안전운전불이행,건조,맑음,단일로 - 기타,승용,여,51세,상해없음,보행자,여,7세,중상
2018080800100080,2018년 8월 8일 07시,수요일,울산광역시 울주군 온산읍,중상사고,0,1,2,0,차대차 - 측면충돌,중앙선침범,건조,맑음,단일로 - 기타,승용,남,82세,상해없음,승용,남,33세,경상
2018080800100123,2018년 8월 8일 08시,수요일,울산광역시 북구 시례동,중상사고,0,1,0,0,차대차 - 기타,중앙선침범,건조,맑음,교차로 - 교차로부근,화물,남,70세,상해없음,승용,여,45세,중상
2018080800100156,2018년 8월 8일 09시,수요일,울산광역시 남구 신정동,부상신고사고,0,0,0,1,차대차 - 기타,안전운전불이행,건조,맑음,기타 - 기타,승용,여,34세,상해없음,자전거,남,58세,부상신고
2018080800100157,2018년 8월 8일 09시,수요일,울산광역시 동구 방어동,중상사고,0,1,0,0,차대차 - 측면충돌,직진우회전진행방해,건조,맑음,교차로 - 교차로안,화물,남,77세,상해없음,이륜,남,78세,중상
2018080800100213,2018년 8월 8일 11시,수요일,울산광역시 중구 성안동,중상사고,0,1,1,1,차대차 - 측면충돌,교차로운행방법위반,건조,맑음,교차로 - 교차로안,특수,남,43세,부상신고,승용,남,66세,경상
2018080800100244,2018년 8월 8일 12시,수요일,울산광역시 남구 삼산동,경상사고,0,0,1,0,차대차 - 기타,안전거리미확보,건조,맑음,단일로 - 기타,승합,남,51세,상해없음,승용,남,63세,상해없음
2018080800100268,2018년 8월 8일 13시,수요일,울산광역시 남구 삼산동,경상사고,0,0,2,0,차대차 - 기타,직진우회전진행방해,건조,맑음,교차로 - 교차로안,승용,여,58세,경상,승용,여,46세,경상
2018080800100368,2018년 8월 8일 16시,수요일,울산광역시 중구 반구동,중상사고,0,1,0,0,차대차 - 측면충돌,안전운전불이행,건조,맑음,단일로 - 기타,승용,여,59세,상해없음,이륜,여,38세,중상
2018080800100411,2018년 8월 8일 17시,수요일,울산광역시 북구 화봉동,경상사고,0,0,2,0,차대차 - 정면충돌,안전운전불이행,건조,맑음,교차로 - 교차로안,승용,남,42세,경상,화물,남,47세,경상
2018080800100482,2018년 8월 8일 19시,수요일,울산광역시 중구 복산동,경상사고,0,0,1,0,차대차 - 측면충돌,안전운전불이행,건조,맑음,단일로 - 기타,승용,남,41세,상해없음,자전거,남,62세,경상
2018080800100510,2018년 8월 8일 20시,수요일,울산광역시 중구 성남동,경상사고,0,0,1,0,차대사람 - 차도통행중,안전운전불이행,건조,맑음,단일로 - 기타,화물,남,39세,상해없음,보행자,여,23세,경상
2018080800100553,2018년 8월 8일 22시,수요일,울산광역시 북구 중산동,중상사고,0,1,1,0,차대차 - 측면충돌,안전운전불이행,건조,맑음,단일로 - 기타,승용,여,50세,상해없음,이륜,남,19세,중상
2018080800100554,2018년 8월 8일 22시,수요일,울산광역시 북구 염포동,경상사고,0,0,2,0,차대차 - 측면충돌,신호위반,건조,흐림,교차로 - 교차로안,이륜,남,26세,상해없음,승용,남,23세,경상
2018080900100028,2018년 8월 9일 01시,목요일,울산광역시 남구 삼산동,중상사고,0,1,0,0,차대사람 - 횡단중,보행자보호의무위반,건조,맑음,교차로 - 교차로안,승용,남,46세,기타불명,보행자,남,33세,중상
2018080900100076,2018년 8월 9일 06시,목요일,울산광역시 북구 명촌동,부상신고사고,0,0,0,1,차대차 - 기타,안전거리미확보,건조,맑음,단일로 - 기타,이륜,남,46세,부상신고,승용,남,58세,상해없음
2018080900100328,2018년 8월 9일 14시,목요일,울산광역시 남구 신정동,경상사고,0,0,2,0,차대차 - 측면충돌,안전거리미확보,건조,맑음,교차로 - 교차로안,승용,남,80세,상해없음,승용,남,37세,경상
2018080900100496,2018년 8월 9일 18시,목요일,울산광역시 동구 화정동,경상사고,0,0,1,0,차대차 - 기타,안전운전불이행,건조,맑음,단일로 - 터널,화물,남,62세,상해없음,승용,여,29세,경상
2018080900100535,2018년 8월 9일 19시,목요일,울산광역시 울주군 상북면,중상사고,0,1,0,0,차대사람 - 횡단중,과속,건조,맑음,교차로 - 교차로안,승용,남,29세,상해없음,보행자,여,53세,중상
2018080900100602,2018년 8월 9일 22시,목요일,울산광역시 남구 삼산동,경상사고,0,0,3,0,차대차 - 측면충돌,중앙선침범,건조,맑음,단일로 - 기타,승용,남,37세,상해없음,승용,여,39세,경상
2018080900100603,2018년 8월 9일 22시,목요일,울산광역시 울주군 삼남면,경상사고,0,0,1,0,차대차 - 정면충돌,안전운전불이행,건조,맑음,단일로 - 기타,자전거,남,49세,경상,승용,남,60세,상해없음
2018081000100025,2018년 8월 10일 01시,금요일,울산광역시 중구 학성동,경상사고,0,0,2,0,차대차 - 추돌,안전운전불이행,건조,맑음,교차로 - 교차로부근,화물,남,27세,상해없음,승용,여,25세,경상
2018081000100048,2018년 8월 10일 04시,금요일,울산광역시 중구 태화동,중상사고,0,1,0,0,차대사람 - 기타,안전운전불이행,건조,흐림,단일로 - 기타,승용,남,42세,상해없음,보행자,여,78세,중상
2018081000100157,2018년 8월 10일 09시,금요일,울산광역시 북구 호계동,경상사고,0,0,1,1,차대차 - 측면충돌,안전운전불이행,젖음/습기,비,교차로 - 교차로안,승용,남,56세,부상신고,승합,남,44세,경상
2018081000100260,2018년 8월 10일 12시,금요일,울산광역시 남구 삼산동,중상사고,0,1,0,0,차대차 - 측면충돌,안전운전불이행,건조,맑음,단일로 - 기타,승용,남,59세,상해없음,승용,남,40세,중상
2018081000100332,2018년 8월 10일 14시,금요일,울산광역시 북구 상안동,중상사고,0,1,0,0,차대사람 - 횡단중,안전운전불이행,건조,맑음,교차로 - 교차로횡단보도내,승용,남,61세,상해없음,보행자,남,15세,중상
2018081000100333,2018년 8월 10일 14시,금요일,울산광역시 울주군 삼남면,경상사고,0,0,1,0,차대차 - 측면충돌,안전거리미확보,건조,맑음,단일로 - 기타,승용,남,77세,상해없음,승용,여,67세,경상
2018081000100334,2018년 8월 10일 14시,금요일,울산광역시 울주군 언양읍,사망사고,1,0,1,0,차대차 - 추돌,안전운전불이행,건조,맑음,단일로 - 기타,자전거,남,53세,경상,자전거,여,52세,사망
2018081000100369,2018년 8월 10일 15시,금요일,울산광역시 중구 우정동,경상사고,0,0,1,0,차대차 - 기타,안전거리미확보,건조,맑음,단일로 - 기타,승용,여,28세,상해없음,이륜,여,62세,경상
2018081000100370,2018년 8월 10일 15시,금요일,울산광역시 북구 연암동,부상신고사고,0,0,0,1,차대차 - 측면충돌,안전운전불이행,건조,맑음,단일로 - 기타,자전거,남,71세,부상신고,승용,여,46세,상해없음
2018081000100509,2018년 8월 10일 18시,금요일,울산광역시 북구 호계동,중상사고,0,1,0,0,차대차 - 측면충돌,신호위반,건조,맑음,교차로 - 교차로안,승용,여,53세,상해없음,승용,여,29세,중상
2018081000100668,2018년 8월 10일 23시,금요일,울산광역시 남구 무거동,중상사고,0,1,0,0,차대차 - 측면충돌,안전운전불이행,건조,맑음,단일로 - 기타,이륜,남,31세,중상,승용,남,27세,상해없음
2018081100100039,2018년 8월 11일 01시,토요일,울산광역시 중구 북정동,경상사고,0,0,1,0,차대차 - 측면충돌,안전운전불이행,건조,맑음,교차로 - 교차로부근,승용,남,61세,상해없음,승용,남,39세,상해없음
2018081100100040,2018년 8월 11일 01시,토요일,울산광역시 동구 방어동,경상사고,0,0,1,0,차대사람 - 기타,안전운전불이행,건조,맑음,단일로 - 기타,승용,남,29세,상해없음,보행자,남,22세,경상
2018081100100076,2018년 8월 11일 05시,토요일,울산광역시 북구 송정동,부상신고사고,0,0,0,1,차량단독 - 공작물충돌,안전운전불이행,건조,맑음,단일로 - 기타,화물,남,53세,부상신고,,,,
2018081100100133,2018년 8월 11일 08시,토요일,울산광역시 북구 연암동,경상사고,0,0,3,0,차대차 - 측면충돌,중앙선침범,건조,맑음,단일로 - 기타,승용,남,27세,상해없음,승용,남,30세,경상
2018081100100134,2018년 8월 11일 08시,토요일,울산광역시 남구 야음동,경상사고,0,0,1,1,차대차 - 기타,신호위반,건조,맑음,교차로 - 교차로안,승용,여,61세,상해없음,승용,남,63세,경상
2018081100100291,2018년 8월 11일 13시,토요일,울산광역시 남구 무거동,경상사고,0,0,1,0,차대차 - 측면충돌,중앙선침범,건조,맑음,교차로 - 교차로부근,승용,여,55세,상해없음,승용,남,51세,경상
2018081100100330,2018년 8월 11일 14시,토요일,울산광역시 북구 대안동,사망사고,1,0,0,0,차량단독 - 기타,안전운전불이행,건조,맑음,단일로 - 기타,사륜오토바이(ATV),남,73세,사망,,,,
2018081100100331,2018년 8월 11일 14시,토요일,울산광역시 울주군 범서읍,중상사고,0,2,4,0,차대차 - 정면충돌,중앙선침범,건조,맑음,단일로 - 기타,승용,남,64세,중상,승합,남,51세,중상
2018081100100332,2018년 8월 11일 14시,토요일,울산광역시 울주군 온산읍,경상사고,0,0,1,0,차대차 - 측면충돌,교차로운행방법위반,건조,맑음,교차로 - 교차로안,승용,남,37세,상해없음,승용,여,53세,경상
2018081100100400,2018년 8월 11일 16시,토요일,울산광역시 남구 무거동,경상사고,0,0,1,0,차대차 - 측면충돌,신호위반,젖음/습기,비,교차로 - 교차로안,이륜,남,63세,경상,승용,남,26세,상해없음
2018081100100496,2018년 8월 11일 19시,토요일,울산광역시 남구 무거동,경상사고,0,0,3,1,차대차 - 추돌,안전거리미확보,건조,맑음,단일로 - 기타,승합,여,41세,상해없음,승용,남,38세,경상
2018081100100517,2018년 8월 11일 20시,토요일,울산광역시 남구 무거동,경상사고,0,0,1,0,차대차 - 측면충돌,안전운전불이행,건조,맑음,단일로 - 기타,이륜,남,25세,경상,승용,남,37세,상해없음
2018081100100579,2018년 8월 11일 23시,토요일,울산광역시 남구 달동,경상사고,0,0,1,0,차대사람 - 차도통행중,안전운전불이행,건조,맑음,교차로 - 교차로부근,기타불명,기타불명,미분류,기타불명,보행자,여,23세,경상
2018081200100027,2018년 8월 12일 01시,일요일,울산광역시 중구 다운동,경상사고,0,0,1,0,차대차 - 기타,안전운전불이행,건조,맑음,교차로 - 교차로안,승용,남,42세,상해없음,자전거,남,67세,경상
2018081200100157,2018년 8월 12일 11시,일요일,울산광역시 울주군 웅촌면,중상사고,0,2,0,4,차대차 - 추돌,안전거리미확보,건조,맑음,교차로 - 교차로부근,승용,남,28세,상해없음,승용,남,36세,중상
2018081200100178,2018년 8월 12일 12시,일요일,울산광역시 북구 진장동,중상사고,0,5,5,0,차대차 - 기타,안전운전불이행,건조,맑음,단일로 - 기타,화물,남,48세,상해없음,승용,남,27세,경상
2018081200100215,2018년 8월 12일 13시,일요일,울산광역시 울주군 청량읍,중상사고,0,1,3,0,차대차 - 측면충돌,중앙선침범,건조,맑음,단일로 - 기타,승용,여,58세,상해없음,승용,남,52세,중상