사고번호,사고일시,요일,시군구,사고내용,사망자수,중상자수,경상자수,부상신고자수,사고유형,법규위반,노면상태,기상상태,도로형태,가해운전자 차종,가해운전자 성별,가해운전자 연령,가해운전자 상해정도,피해운전자 차종,피해운전자 성별,피해운전자 연령,피해운전자 상해정도
2018090400100618,2018년 9월 4일 23시,화요일,울산광역시 울주군 삼남면,부상신고사고,0,0,0,1,차대차 - 측면충돌,교차로운행방법위반,건조,맑음,교차로 - 교차로안,승용,남,75세,상해없음,승용,남,54세,부상신고
2018090500100100,2018년 9월 5일 07시,수요일,울산광역시 남구 여천동,경상사고,0,0,1,0,차대차 - 추돌,교차로운행방법위반,건조,맑음,교차로 - 교차로안,화물,남,62세,상해없음,자전거,남,21세,경상
2018090500100101,2018년 9월 5일 07시,수요일,울산광역시 울주군 범서읍,경상사고,0,0,1,0,차대차 - 측면충돌,안전운전불이행,건조,맑음,단일로 - 기타,승용,남,41세,상해없음,승용,남,33세,경상
2018090500100157,2018년 9월 5일 08시,수요일,울산광역시 북구 달천동,중상사고,0,1,0,0,차대차 - 추돌,안전운전불이행,건조,맑음,단일로 - 기타,승용,남,29세,상해없음,승용,여,55세,중상
2018090500100240,2018년 9월 5일 11시,수요일,울산광역시 울주군 언양읍,사망사고,1,0,0,0,차대차 - 추돌,안전운전불이행,건조,맑음,단일로 - 기타,화물,남,66세,사망,화물,남,49세,상해없음
2018090500100282,2018년 9월 5일 12시,수요일,울산광역시 남구 삼산동,중상사고,0,1,0,0,차대사람 - 횡단중,안전운전불이행,건조,맑음,교차로 - 교차로안,화물,남,55세,상해없음,보행자,여,36세,중상
2018090500100283,2018년 9월 5일 12시,수요일,울산광역시 울주군 언양읍,경상사고,0,0,5,0,차대차 - 추돌,안전운전불이행,건조,맑음,단일로 - 기타,화물,남,51세,상해없음,이륜,남,48세,경상
2018090500100284,2018년 9월 5일 12시,수요일,울산광역시 울주군 서생면,중상사고,0,2,1,2,차대차 - 측면충돌,안전운전불이행,건조,맑음,단일로 - 기타,화물,남,72세,상해없음,승용,남,83세,중상
2018090500100309,2018년 9월 5일 13시,수요일,울산광역시 남구 야음동,중상사고,0,1,0,0,차대사람 - 기타,안전운전불이행,건조,맑음,교차로 - 교차로안,승용,남,49세,상해없음,보행자,남,9세,중상
2018090500100310,2018년 9월 5일 13시,수요일,울산광역시 남구 신정동,중상사고,0,1,0,0,차대차 - 측면충돌,안전운전불이행,건조,맑음,단일로 - 기타,승용,남,67세,상해없음,승용,남,45세,중상
2018090500100344,2018년 9월 5일 14시,수요일,울산광역시 남구 무거동,중상사고,0,1,0,0,차대사람 - 기타,안전운전불이행,건조,맑음,교차로 - 교차로부근,기타불명,기타불명,미분류,기타불명,보행자,남,11세,중상
2018090500100384,2018년 9월 5일 15시,수요일,울산광역시 중구 성안동,경상사고,0,0,1,0,차대차 - 측면충돌,교차로운행방법위반,건조,맑음,교차로 - 교차로안,승용,남,54세,상해없음,승용,여,27세,경상
2018090500100419,2018년 9월 5일 16시,수요일,울산광역시 울주군 삼남면,경상사고,0,0,1,0,차대차 - 측면충돌,안전운전불이행,건조,맑음,단일로 - 기타,승용,남,62세,상해없음,승용,남,40세,경상
2018090500100481,2018년 9월 5일 17시,수요일,울산광역시 북구 무룡동,경상사고,0,0,1,0,차대차 - 추돌,안전거리미확보,건조,맑음,교차로 - 교차로부근,승용,남,26세,상해없음,승용,남,27세,경상
2018090500100482,2018년 9월 5일 17시,수요일,울산광역시 동구 방어동,경상사고,0,0,1,0,차대차 - 기타,안전운전불이행,건조,맑음,단일로 - 기타,승용,남,25세,상해없음,이륜,남,35세,경상
2018090500100483,2018년 9월 5일 17시,수요일,울산광역시 울주군 언양읍,부상신고사고,0,0,0,1,차대사람 - 길가장자리구역통행중,안전운전불이행,건조,맑음,단일로 - 기타,승용,여,34세,상해없음,보행자,남,17세,부상신고
2018090500100572,2018년 9월 5일 19시,수요일,울산광역시 남구 무거동,경상사고,0,0,1,0,차대차 - 추돌,안전운전불이행,건조,맑음,단일로 - 기타,승용,여,25세,상해없음,승용,남,62세,경상
2018090500100573,2018년 9월 5일 19시,수요일,울산광역시 동구 서부동,경상사고,0,0,1,0,차대차 - 기타,안전거리미확보,건조,맑음,단일로 - 기타,승용,남,40세,상해없음,이륜,남,37세,경상
2018090500100641,2018년 9월 5일 21시,수요일,울산광역시 울주군 삼남면,경상사고,0,0,1,0,차대사람 - 길가장자리구역통행중,안전운전불이행,건조,맑음,단일로 - 기타,승합,남,31세,상해없음,보행자,남,68세,경상
2018090600100032,2018년 9월 6일 03시,목요일,울산광역시 남구 삼산동,경상사고,0,0,3,0,차대차 - 추돌,안전운전불이행,건조,맑음,교차로 - 교차로부근,승용,남,30세,상해없음,승용,남,65세,경상
2018090600100089,2018년 9월 6일 07시,목요일,울산광역시 중구 태화동,경상사고,0,0,1,0,차대차 - 측면충돌,안전운전불이행,건조,맑음,교차로 - 교차로안,승합,남,54세,상해없음,자전거,남,68세,경상
2018090600100125,2018년 9월 6일 09시,목요일,울산광역시 울주군 삼남면,중상사고,0,1,0,0,차대차 - 추돌,안전운전불이행,건조,맑음,단일로 - 기타,화물,남,58세,상해없음,화물,여,54세,중상
2018090600100284,2018년 9월 6일 14시,목요일,울산광역시 남구 무거동,중상사고,0,1,1,0,차대차 - 추돌,안전운전불이행,건조,맑음,단일로 - 기타,화물,남,58세,상해없음,승용,여,37세,중상
2018090600100342,2018년 9월 6일 16시,목요일,울산광역시 남구 달동,경상사고,0,0,1,0,차대사람 - 기타,안전운전불이행,건조,흐림,교차로 - 교차로부근,기타불명,기타불명,미분류,기타불명,보행자,남,38세,경상
2018090600100428,2018년 9월 6일 18시,목요일,울산광역시 남구 삼산동,중상사고,0,1,0,0,차대차 - 측면충돌,안전운전불이행,건조,맑음,단일로 - 기타,승용,남,28세,상해없음,자전거,남,13세,중상
2018090600100468,2018년 9월 6일 19시,목요일,울산광역시 동구 전하동,중상사고,0,1,0,0,차대차 - 측면충돌,교차로운행방법위반,건조,맑음,교차로 - 교차로안,승용,여,37세,상해없음,이륜,남,36세,중상
2018090600100469,2018년 9월 6일 19시,목요일,울산광역시 울주군 범서읍,경상사고,0,0,1,0,차대차 - 기타,신호위반,건조,맑음,교차로 - 교차로안,이륜,남,16세,경상,승용,남,48세,상해없음
2018090600100580,2018년 9월 6일 23시,목요일,울산광역시 남구 야음동,중상사고,0,1,0,0,차대차 - 정면충돌,안전운전불이행,건조,맑음,단일로 - 기타,승용,남,45세,상해없음,승용,여,53세,중상
2018090600100581,2018년 9월 6일 23시,목요일,울산광역시 남구 야음동,경상사고,0,0,2,0,차대차 - 기타,신호위반,건조,맑음,교차로 - 교차로안,승용,남,43세,상해없음,승용,남,44세,경상
2018090600100582,2018년 9월 6일 23시,목요일,울산광역시 동구 화정동,중상사고,0,1,2,0,차대차 - 측면충돌,중앙선침범,건조,맑음,단일로 - 터널,화물,남,22세,경상,승용,남,50세,경상
2018090700100077,2018년 9월 7일 05시,금요일,울산광역시 남구 달동,사망사고,1,0,0,0,차대사람 - 횡단중,안전운전불이행,젖음/습기,비,단일로 - 기타,승용,남,50세,상해없음,보행자,남,51세,사망
2018090700100078,2018년 9월 7일 05시,금요일,울산광역시 남구 무거동,중상사고,0,1,0,0,차대사람 - 기타,안전운전불이행,젖음/습기,비,단일로 - 기타,승용,남,55세,상해없음,보행자,여,80세,중상
2018090700100169,2018년 9월 7일 08시,금요일,울산광역시 북구 무룡동,중상사고,0,1,0,0,차량단독 - 공작물충돌,안전운전불이행,젖음/습기,비,단일로 - 기타,승용,남,69세,중상,,,,
2018090700100247,2018년 9월 7일 10시,금요일,울산광역시 중구 태화동,경상사고,0,0,1,0,차대차 - 측면충돌,중앙선침범,건조,맑음,단일로 - 기타,승용,남,24세,상해없음,승용,남,37세,상해없음
2018090700100458,2018년 9월 7일 16시,금요일,울산광역시 중구 동동,경상사고,0,0,1,0,차대사람 - 횡단중,안전운전불이행,건조,맑음,단일로 - 기타,승용,여,45세,상해없음,보행자,남,3세,경상
2018090700100459,2018년 9월 7일 16시,금요일,울산광역시 북구 화봉동,부상신고사고,0,0,0,1,차대차 - 측면충돌,중앙선침범,건조,맑음,단일로 - 기타,이륜,남,18세,부상신고,승용,남,54세,상해없음
2018090700100628,2018년 9월 7일 20시,금요일,울산광역시 북구 신천동,경상사고,0,0,1,0,차대차 - 측면충돌,안전운전불이행,건조,맑음,교차로 - 교차로안,승용,여,55세,상해없음,승합,남,63세,경상
2018090700100711,2018년 9월 7일 23시,금요일,울산광역시 북구 진장동,중상사고,0,1,0,0,차대사람 - 차도통행중,안전운전불이행,건조,맑음,단일로 - 기타,승용,남,37세,상해없음,보행자,여,51세,중상
2018090800100024,2018년 9월 8일 00시,토요일,울산광역시 남구 달동,중상사고,0,1,0,0,차대사람 - 기타,안전운전불이행,건조,맑음,기타 - 기타,승용,남,38세,상해없음,보행자,남,34세,중상
2018090800100046,2018년 9월 8일 01시,토요일,울산광역시 남구 달동,경상사고,0,0,1,0,차대사람 - 기타,안전운전불이행,건조,맑음,교차로 - 교차로부근,승용,남,26세,상해없음,보행자,여,25세,경상
2018090800100099,2018년 9월 8일 05시,토요일,울산광역시 울주군 온양읍,부상신고사고,0,0,0,1,차대사람 - 길가장자리구역통행중,안전운전불이행,건조,맑음,기타 - 기타,승용,여,35세,상해없음,보행자,여,78세,부상신고
2018090800100135,2018년 9월 8일 07시,토요일,울산광역시 남구 신정동,경상사고,0,0,1,0,차대차 - 측면충돌,직진우회전진행방해,건조,맑음,교차로 - 교차로안,승용,남,26세,상해없음,승용,남,46세,경상
2018090800100157,2018년 9월 8일 08시,토요일,울산광역시 남구 달동,경상사고,0,0,1,0,차대차 - 측면충돌,교차로운행방법위반,건조,맑음,교차로 - 교차로안,승용,남,37세,상해없음,이륜,남,37세,경상
2018090800100262,2018년 9월 8일 11시,토요일,울산광역시 북구 연암동,경상사고,0,0,1,0,차대차 - 추돌,안전운전불이행,건조,맑음,교차로 - 교차로부근,승용,남,26세,상해없음,승용,남,74세,경상
2018090800100383,2018년 9월 8일 14시,토요일,울산광역시 중구 우정동,중상사고,0,1,0,0,차대차 - 측면충돌,교차로운행방법위반,건조,맑음,교차로 - 교차로안,원동기,남,63세,중상,승용,여,47세,상해없음
2018090800100531,2018년 9월 8일 18시,토요일,울산광역시 북구 신천동,중상사고,0,1,0,0,차대사람 - 차도통행중,안전운전불이행,건조,맑음,단일로 - 기타,승용,남,63세,상해없음,보행자,여,41세,중상
2018090800100570,2018년 9월 8일 19시,토요일,울산광역시 중구 유곡동,중상사고,0,1,0,0,차대차 - 측면충돌,불법유턴,건조,맑음,교차로 - 교차로부근,자전거,남,16세,중상,승용,여,52세,상해없음
2018090800100571,2018년 9월 8일 19시,토요일,울산광역시 중구 다운동,중상사고,0,2,2,0,차대차 - 측면충돌,안전거리미확보,건조,맑음,단일로 - 기타,승용,남,62세,상해없음,승용,남,32세,경상
2018090800100670,2018년 9월 8일 23시,토요일,울산광역시 울주군 웅촌면,중상사고,0,1,0,0,차대사람 - 차도통행중,안전운전불이행,건조,맑음,단일로 - 기타,승용,남,55세,상해없음,보행자,남,19세,중상
2018090900100014,2018년 9월 9일 00시,일요일,울산광역시 동구 화정동,경상사고,0,0,1,0,차대차 - 기타,중앙선침범,건조,맑음,단일로 - 기타,개인형이동수단(PM),남,19세,경상,이륜,남,18세,상해없음
2018090900100033,2018년 9월 9일 01시,일요일,울산광역시 남구 달동,경상사고,0,0,3,0,차대차 - 측면충돌,안전운전불이행,건조,맑음,단일로 - 기타,승용,남,27세,상해없음,승용,남,67세,경상
2018090900100048,2018년 9월 9일 02시,일요일,울산광역시 남구 무거동,중상사고,0,1,0,0,차대차 - 추돌,안전운전불이행,건조,맑음,교차로 - 교차로부근,승용,남,47세,상해없음,승용,남,44세,중상
2018090900100118,2018년 9월 9일 08시,일요일,울산광역시 중구 서동,경상사고,0,0,1,0,차대차 - 측면충돌,안전운전불이행,건조,맑음,교차로 - 교차로안,승용,남,56세,상해없음,승용,남,29세,경상
2018090900100135,2018년 9월 9일 09시,일요일,울산광역시 중구 성남동,경상사고,0,0,1,0,차대차 - 기타,신호위반,건조,맑음,교차로 - 교차로안,승용,남,69세,상해없음,승합,남,50세,상해없음
2018090900100504,2018년 9월 9일 21시,일요일,울산광역시 북구 매곡동,중상사고,0,1,0,0,차대차 - 기타,교차로운행방법위반,젖음/습기,비,교차로 - 교차로안,승용,남,70세,상해없음,원동기,남,45세,중상
2018091000100065,2018년 9월 10일 06시,월요일,울산광역시 중구 성안동,경상사고,0,0,1,0,차대차 - 측면충돌,안전운전불이행,건조,맑음,단일로 - 기타,승합,여,56세,경상,화물,남,34세,상해없음
2018091000100220,2018년 9월 10일 09시,월요일,울산광역시 남구 달동,중상사고,0,1,0,0,차대사람 - 횡단중,교차로운행방법위반,건조,맑음,교차로 - 교차로안,승용,남,77세,상해없음,보행자,여,59세,중상
2018091000100254,2018년 9월 10일 10시,월요일,울산광역시 울주군 청량읍,중상사고,0,2,1,0,차대차 - 추돌,안전거리미확보,건조,맑음,단일로 - 기타,승용,남,69세,기타불명,승용,여,53세,중상
2018091000100282,2018년 9월 10일 11시,월요일,울산광역시 북구 호계동,경상사고,0,0,1,0,차대차 - 후진중충돌,안전운전불이행,건조,맑음,교차로 - 교차로안,승용,여,51세,상해없음,승용,남,33세,경상
2018091000100283,2018년 9월 10일 11시,월요일,울산광역시 북구 어물동,경상사고,0,0,1,0,차대차 - 기타,안전운전불이행,건조,맑음,단일로 - 기타,이륜,남,28세,경상,건설기계,남,44세,상해없음
2018091000100321,2018년 9월 10일 12시,월요일,울산광역시 울주군 범서읍,경상사고,0,0,2,1,차대차 - 측면충돌,안전운전불이행,건조,맑음,기타 - 기타,승용,남,47세,상해없음,승용,남,31세,부상신고
2018091000100482,2018년 9월 10일 16시,월요일,울산광역시 남구 부곡동,중상사고,0,4,2,0,차대차 - 추돌,안전운전불이행,건조,맑음,단일로 - 기타,건설기계,남,66세,상해없음,승합,남,41세,중상
2018091000100483,2018년 9월 10일 16시,월요일,울산광역시 울주군 언양읍,경상사고,0,0,2,0,차대차 - 측면충돌,안전운전불이행,건조,맑음,단일로 - 기타,승합,남,44세,상해없음,승용,여,55세,경상
2018091000100583,2018년 9월 10일 18시,월요일,울산광역시 동구 전하동,중상사고,0,1,0,0,차대사람 - 기타,안전운전불이행,건조,맑음,단일로 - 기타,원동기,남,26세,상해없음,보행자,여,4세,중상
2018091000100666,2018년 9월 10일 20시,월요일,울산광역시 북구 명촌동,경상사고,0,0,1,1,차대차 - 측면충돌,교차로운행방법위반,건조,맑음,교차로 - 교차로안,이륜,남,36세,부상신고,이륜,남,21세,경상
2018091000100667,2018년 9월 10일 20시,월요일,울산광역시 북구 산하동,경상사고,0,0,1,0,차대차 - 측면충돌,안전거리미확보,건조,맑음,교차로 - 교차로부근,화물,남,75세,상해없음,승합,남,45세,경상
2018091000100668,2018년 9월 10일 20시,월요일,울산광역시 동구 서부동,중상사고,0,1,0,0,차대차 - 측면충돌,신호위반,건조,맑음,단일로 - 기타,이륜,남,37세,중상,건설기계,남,61세,상해없음
2018091100100124,2018년 9월 11일 08시,화요일,울산광역시 동구 전하동,경상사고,0,0,1,0,차대사람 - 차도통행중,안전운전불이행,건조,맑음,교차로 - 교차로안,승용,여,29세,상해없음,보행자,여,13세,경상
2018091100100230,2018년 9월 11일 11시,화요일,울산광역시 남구 여천동,사망사고,1,0,1,0,차대차 - 추돌,안전운전불이행,건조,맑음,교차로 - 교차로부근,화물,남,76세,사망,화물,남,61세,경상
2018091100100231,2018년 9월 11일 11시,화요일,울산광역시 남구 무거동,경상사고,0,0,2,1,차대차 - 측면충돌,차로위반,건조,맑음,교차로 - 교차로부근,승용,여,64세,경상,화물,남,44세,상해없음
2018091100100380,2018년 9월 11일 16시,화요일,울산광역시 북구 천곡동,경상사고,0,0,2,0,차대차 - 측면충돌,중앙선침범,건조,맑음,단일로 - 기타,승용,여,49세,상해없음,승용,여,40세,경상
2018091100100381,2018년 9월 11일 16시,화요일,울산광역시 울주군 언양읍,중상사고,0,1,0,0,차대사람 - 횡단중,안전운전불이행,건조,흐림,교차로 - 교차로부근,화물,남,77세,상해없음,보행자,여,62세,중상
2018091100100382,2018년 9월 11일 16시,화요일,울산광역시 울주군 삼남면,부상신고사고,0,0,0,1,차대차 - 추돌,안전운전불이행,건조,맑음,단일로 - 기타,승합,남,46세,상해없음,이륜,남,42세,부상신고
2018091100100458,2018년 9월 11일 18시,화요일,울산광역시 동구 서부동,중상사고,0,1,0,0,차대사람 - 횡단중,안전운전불이행,건조,맑음,교차로 - 교차로횡단보도내,승합,남,60세,상해없음,보행자,남,70세,중상
2018091100100472,2018년 9월 11일 19시,화요일,울산광역시 울주군 범서읍,중상사고,0,2,3,0,차대차 - 추돌,안전거리미확보,건조,맑음,단일로 - 기타,화물,남,63세,상해없음,승용,남,69세,경상
2018091100100557,2018년 9월 11일 21시,화요일,울산광역시 중구 남외동,부상신고사고,0,0,0,1,차대차 - 측면충돌,안전운전불이행,건조,맑음,단일로 - 기타,승용,남,47세,부상신고,화물,남,58세,기타불명
2018091100100603,2018년 9월 11일 23시,화요일,울산광역시 남구 신정동,경상사고,0,0,1,0,차대차 - 측면충돌,안전거리미확보,건조,맑음,교차로 - 교차로안,승용,여,45세,상해없음,승용,남,34세,경상
2018091200100014,2018년 9월 12일 00시,수요일,울산광역시 중구 성남동,중상사고,0,2,1,1,차대차 - 측면충돌,신호위반,건조,맑음,교차로 - 교차로안,이륜,남,15세,부상신고,승용,여,31세,경상
2018091200100107,2018년 9월 12일 07시,수요일,울산광역시 동구 전하동,중상사고,0,1,0,0,차대차 - 기타,안전운전불이행,건조,맑음,단일로 - 터널,이륜,남,35세,상해없음,이륜,남,35세,중상
2018091200100206,2018년 9월 12일 09시,수요일,울산광역시 중구 복산동,경상사고,0,0,1,0,차대차 - 측면충돌,기타,건조,맑음,교차로 - 교차로안,승용,남,63세,상해없음,승용,여,38세,경상
2018091200100207,2018년 9월 12일 09시,수요일,울산광역시 남구 신정동,경상사고,0,0,1,2,차대차 - 측면충돌,차로위반,건조,맑음,교차로 - 교차로안,승용,여,51세,상해없음,승용,남,19세,경상
2018091200100208,2018년 9월 12일 09시,수요일,울산광역시 남구 신정동,경상사고,0,0,1,0,차대사람 - 기타,기타,건조,맑음,단일로 - 기타,승용,남,56세,상해없음,보행자,남,72세,경상
2018091200100674,2018년 9월 12일 20시,수요일,울산광역시 북구 매곡동,중상사고,0,1,0,0,차대차 - 측면충돌,안전운전불이행,건조,맑음,교차로 - 교차로안,승용,여,48세,상해없음,이륜,남,27세,중상
2018091200100749,2018년 9월 12일 23시,수요일,울산광역시 남구 삼산동,경상사고,0,0,4,0,차대차 - 추돌,안전거리미확보,건조,맑음,교차로 - 교차로안,승용,여,42세,상해없음,승용,남,61세,경상
2018091200100750,2018년 9월 12일 23시,수요일,울산광역시 동구 방어동,경상사고,0,0,1,0,차대차 - 기타,안전운전불이행,건조,맑음,교차로 - 교차로안,승합,남,40세,상해없음,이륜,남,30세,경상
2018091300100045,2018년 9월 13일 03시,목요일,울산광역시 남구 신정동,경상사고,0,0,1,0,차대차 - 후진중충돌,안전운전불이행,건조,맑음,교차로 - 교차로안,승용,남,19세,상해없음,자전거,남,78세,경상
2018091300100067,2018년 9월 13일 05시,목요일,울산광역시 중구 학성동,중상사고,0,1,0,1,차대차 - 측면충돌,신호위반,건조,맑음,교차로 - 교차로안,승용,남,67세,부상신고,승용,남,73세,중상
2018091300100201,2018년 9월 13일 10시,목요일,울산광역시 동구 전하동,중상사고,0,1,0,0,차대차 - 측면충돌,안전운전불이행,건조,맑음,단일로 - 기타,승용,남,57세,상해없음,승용,여,32세,중상
2018091300100202,2018년 9월 13일 10시,목요일,울산광역시 울주군 삼남면,경상사고,0,0,3,3,차대차 - 추돌,안전거리미확보,젖음/습기,맑음,단일로 - 기타,화물,남,57세,경상,승용,남,46세,부상신고
2018091300100203,2018년 9월 13일 10시,목요일,울산광역시 울주군 범서읍,중상사고,0,1,1,0,차대차 - 추돌,안전운전불이행,젖음/습기,비,교차로 - 교차로부근,승용,남,39세,경상,승용,남,54세,중상
2018091300100268,2018년 9월 13일 12시,목요일,울산광역시 남구 신정동,중상사고,0,1,0,0,차량단독 - 기타,안전운전불이행,젖음/습기,비,단일로 - 기타,승합,남,59세,상해없음,,,,
2018091300100269,2018년 9월 13일 12시,목요일,울산광역시 울주군 온산읍,부상신고사고,0,0,0,1,차대차 - 기타,교차로운행방법위반,젖음/습기,비,교차로 - 교차로안,승용,남,60세,상해없음,이륜,남,28세,부상신고
2018091300100299,2018년 9월 13일 13시,목요일,울산광역시 북구 연암동,경상사고,0,0,1,0,차대차 - 추돌,안전운전불이행,건조,맑음,교차로 - 교차로부근,승용,남,57세,상해없음,승용,여,34세,경상
2018091300100418,2018년 9월 13일 16시,목요일,울산광역시 중구 남외동,경상사고,0,0,2,0,차대사람 - 길가장자리구역통행중,안전운전불이행,젖음/습기,비,단일로 - 기타,화물,남,26세,경상,보행자,여,73세,경상
2018091300100419,2018년 9월 13일 16시,목요일,울산광역시 울주군 웅촌면,중상사고,0,1,0,0,차대차 - 후진중충돌,안전운전불이행,건조,맑음,교차로 - 교차로안,화물,남,63세,상해없음,화물,여,61세,중상
2018091300100676,2018년 9월 13일 22시,목요일,울산광역시 남구 선암동,경상사고,0,0,1,0,차대차 - 측면충돌,차로위반,건조,맑음,단일로 - 기타,승용,남,59세,상해없음,승용,여,48세,경상
2018091300100677,2018년 9월 13일 22시,목요일,울산광역시 남구 삼산동,중상사고,0,1,1,0,차대차 - 정면충돌,신호위반,건조,맑음,교차로 - 교차로안,승용,남,28세,경상,승용,남,59세,중상
2018091300100679,2018년 9월 13일 22시,목요일,울산광역시 남구 신정동,경상사고,0,0,1,0,차대차 - 기타,안전운전불이행,건조,맑음,교차로 - 교차로안,기타불명,기타불명,미분류,기타불명,이륜,남,31세,경상
2018091300100680,2018년 9월 13일 22시,목요일,울산광역시 동구 방어동,경상사고,0,0,1,0,차대차 - 추돌,안전운전불이행,젖음/습기,비,교차로 - 교차로부근,승용,남,59세,상해없음,승용,남,64세,경상
2018091400100018,2018년 9월 14일 00시,금요일,울산광역시 남구 신정동,중상사고,0,1,0,0,차대사람 - 횡단중,안전운전불이행,건조,맑음,단일로 - 기타,승합,남,66세,상해없음,보행자,남,54세,중상
2018091400100125,2018년 9월 14일 07시,금요일,울산광역시 남구 신정동,중상사고,0,1,0,0,차대차 - 측면충돌,안전운전불이행,건조,맑음,교차로 - 교차로안,자전거,남,80세,중상,승용,여,67세,상해없음
2018091400100212,2018년 9월 14일 09시,금요일,울산광역시 남구 무거동,경상사고,0,0,1,0,차대차 - 측면충돌,신호위반,젖음/습기,비,교차로 - 교차로안,승용,남,37세,상해없음,승용,여,42세,경상
2018091400100239,2018년 9월 14일 10시,금요일,울산광역시 중구 태화동,중상사고,0,1,0,0,차대사람 - 횡단중,신호위반,젖음/습기,비,교차로 - 교차로횡단보도내,승용,남,80세,상해없음,보행자,여,63세,중상
2018091400100300,2018년 9월 14일 12시,금요일,울산광역시 중구 태화동,경상사고,0,0,1,0,차대차 - 측면충돌,안전운전불이행,젖음/습기,비,단일로 - 기타,승용,남,69세,상해없음,승용,여,31세,상해없음
2018091400100301,2018년 9월 14일 12시,금요일,울산광역시 울주군 언양읍,경상사고,0,0,1,0,차대차 - 측면충돌,중앙선침범,젖음/습기,비,단일로 - 기타,승용,남,48세,상해없음,승용,여,64세,경상
2018091400100373,2018년 9월 14일 14시,금요일,울산광역시 울주군 온산읍,경상사고,0,0,1,0,차대차 - 기타,교차로운행방법위반,젖음/습기,비,교차로 - 교차로부근,건설기계,남,37세,상해없음,승용,남,33세,경상
2018091400100483,2018년 9월 14일 17시,금요일,울산광역시 동구 화정동,경상사고,0,0,1,0,차량단독 - 기타,안전운전불이행,젖음/습기,비,교차로 - 교차로횡단보도내,이륜,남,38세,경상,,,,
2018091400100531,2018년 9월 14일 18시,금요일,울산광역시 울주군 온양읍,경상사고,0,0,1,0,차대차 - 추돌,안전운전불이행,젖음/습기,비,단일로 - 기타,승용,남,29세,상해없음,승용,여,24세,경상
2018091400100596,2018년 9월 14일 19시,금요일,울산광역시 남구 야음동,경상사고,0,0,1,0,차량단독 - 기타,안전운전불이행,젖음/습기,맑음,단일로 - 기타,승합,남,39세,상해없음,,,,
2018091400100724,2018년 9월 14일 22시,금요일,울산광역시 북구 창평동,경상사고,0,0,1,0,차대차 - 기타,안전운전불이행,젖음/습기,비,단일로 - 기타,승용,남,46세,상해없음,승용,남,47세,경상
2018091500100035,2018년 9월 15일 01시,토요일,울산광역시 중구 남외동,경상사고,0,0,2,0,차대차 - 측면충돌,교차로운행방법위반,건조,맑음,교차로 - 교차로안,승용,여,42세,경상,승용,남,27세,경상
2018091500100053,2018년 9월 15일 02시,토요일,울산광역시 남구 달동,경상사고,0,0,1,0,차대사람 - 기타,안전운전불이행,젖음/습기,흐림,교차로 - 교차로안,승용,여,28세,상해없음,보행자,남,21세,경상
2018091500100054,2018년 9월 15일 02시,토요일,울산광역시 울주군 청량읍,경상사고,0,0,1,0,차대차 - 추돌,안전거리미확보,젖음/습기,흐림,교차로 - 교차로부근,승용,남,50세,상해없음,승용,남,28세,경상
2018091500100055,2018년 9월 15일 02시,토요일,울산광역시 울주군 웅촌면,경상사고,0,0,1,0,차량단독 - 기타,안전운전불이행,젖음/습기,흐림,기타 - 기타,승용,여,44세,경상,,,,
2018091500100130,2018년 9월 15일 07시,토요일,울산광역시 북구 중산동,부상신고사고,0,0,0,1,차대차 - 기타,신호위반,건조,흐림,교차로 - 교차로안,이륜,남,33세,부상신고,승용,남,42세,상해없음
2018091500100151,2018년 9월 15일 08시,토요일,울산광역시 울주군 삼남면,경상사고,0,0,1,0,차대차 - 측면충돌,신호위반,젖음/습기,비,교차로 - 교차로안,승용,남,59세,상해없음,승용,남,41세,경상
2018091500100221,2018년 9월 15일 10시,토요일,울산광역시 중구 성안동,경상사고,0,0,1,1,차대차 - 기타,교차로운행방법위반,건조,맑음,교차로 - 교차로안,승용,여,58세,부상신고,승용,여,38세,상해없음
2018091500100476,2018년 9월 15일 17시,토요일,울산광역시 남구 신정동,중상사고,0,2,1,0,차대차 - 기타,신호위반,건조,맑음,교차로 - 교차로안,승용,남,27세,기타불명,승용,남,33세,경상
2018091500100477,2018년 9월 15일 17시,토요일,울산광역시 남구 무거동,중상사고,0,1,0,0,차대사람 - 횡단중,보행자보호의무위반,젖음/습기,비,교차로 - 교차로안,승용,남,29세,기타불명,보행자,여,55세,중상
2018091500100478,2018년 9월 15일 17시,토요일,울산광역시 남구 야음동,중상사고,0,1,1,0,차대차 - 측면충돌,신호위반,건조,맑음,교차로 - 교차로안,승용,남,42세,경상,화물,남,47세,중상
2018091500100479,2018년 9월 15일 17시,토요일,울산광역시 남구 무거동,중상사고,0,2,0,0,차대차 - 정면충돌,중앙선침범,건조,맑음,단일로 - 기타,승용,남,27세,상해없음,승용,남,51세,중상