사고번호,사고일시,요일,시군구,사고내용,사망자수,중상자수,경상자수,부상신고자수,사고유형,법규위반,노면상태,기상상태,도로형태,가해운전자 차종,가해운전자 성별,가해운전자 연령,가해운전자 상해정도,피해운전자 차종,피해운전자 성별,피해운전자 연령,피해운전자 상해정도
2018091500100480,2018년 9월 15일 17시,토요일,울산광역시 남구 삼산동,경상사고,0,0,1,0,차대차 - 측면충돌,안전운전불이행,건조,맑음,교차로 - 교차로부근,승용,남,63세,상해없음,승용,남,29세,경상
2018091500100605,2018년 9월 15일 21시,토요일,울산광역시 울주군 온양읍,부상신고사고,0,0,0,1,차대차 - 측면충돌,안전거리미확보,건조,맑음,단일로 - 기타,승용,남,26세,상해없음,승용,남,65세,상해없음
2018091500100633,2018년 9월 15일 22시,토요일,울산광역시 남구 무거동,경상사고,0,0,1,0,차대사람 - 횡단중,안전운전불이행,건조,맑음,교차로 - 교차로안,승용,여,27세,상해없음,보행자,여,19세,경상
2018091600100100,2018년 9월 16일 06시,일요일,울산광역시 북구 매곡동,부상신고사고,0,0,0,1,차대차 - 기타,안전운전불이행,건조,맑음,단일로 - 기타,승용,남,23세,부상신고,승용,남,28세,기타불명
2018091600100116,2018년 9월 16일 07시,일요일,울산광역시 남구 신정동,중상사고,0,1,0,0,차대차 - 측면충돌,안전운전불이행,건조,맑음,단일로 - 기타,승용,남,60세,상해없음,자전거,여,63세,중상
2018091600100117,2018년 9월 16일 07시,일요일,울산광역시 울주군 상북면,중상사고,0,1,1,0,차대차 - 추돌,안전운전불이행,건조,맑음,단일로 - 기타,승용,남,67세,경상,승용,남,52세,중상
2018091600100199,2018년 9월 16일 11시,일요일,울산광역시 울주군 온양읍,중상사고,0,1,1,0,차대차 - 측면충돌,교차로운행방법위반,건조,맑음,교차로 - 교차로안,승용,남,44세,상해없음,승용,여,58세,중상
2018091600100286,2018년 9월 16일 14시,일요일,울산광역시 중구 태화동,중상사고,0,1,0,0,차량단독 - 기타,안전운전불이행,건조,맑음,기타 - 기타,개인형이동수단(PM),여,15세,중상,,,,
2018091600100423,2018년 9월 16일 18시,일요일,울산광역시 울주군 청량읍,경상사고,0,0,1,0,차대사람 - 횡단중,안전운전불이행,건조,흐림,교차로 - 교차로안,승용,남,52세,상해없음,보행자,남,51세,경상
2018091600100478,2018년 9월 16일 20시,일요일,울산광역시 동구 서부동,경상사고,0,0,1,0,차대차 - 기타,안전운전불이행,젖음/습기,비,교차로 - 교차로안,기타불명,기타불명,미분류,기타불명,이륜,남,31세,경상
2018091600100518,2018년 9월 16일 22시,일요일,울산광역시 울주군 온양읍,중상사고,0,1,0,0,차대차 - 후진중충돌,불법유턴,건조,맑음,단일로 - 기타,승용,남,38세,상해없음,승용,남,31세,중상
2018091600100531,2018년 9월 16일 23시,일요일,울산광역시 남구 달동,경상사고,0,0,1,0,차대사람 - 차도통행중,안전운전불이행,건조,맑음,단일로 - 기타,승용,남,25세,상해없음,보행자,남,23세,경상
2018091700100061,2018년 9월 17일 06시,월요일,울산광역시 울주군 온산읍,경상사고,0,0,1,0,차대차 - 추돌,안전운전불이행,건조,맑음,교차로 - 교차로부근,승용,남,31세,상해없음,승용,남,49세,경상
2018091700100092,2018년 9월 17일 07시,월요일,울산광역시 중구 학성동,경상사고,0,0,1,0,차대사람 - 길가장자리구역통행중,안전운전불이행,건조,맑음,단일로 - 기타,화물,남,69세,상해없음,보행자,여,50세,경상
2018091700100093,2018년 9월 17일 07시,월요일,울산광역시 동구 일산동,경상사고,0,0,2,0,차대차 - 측면충돌,안전운전불이행,건조,흐림,단일로 - 터널,승용,남,62세,상해없음,승용,여,43세,경상
2018091700100206,2018년 9월 17일 10시,월요일,울산광역시 중구 서동,중상사고,0,1,2,3,차대차 - 측면충돌,교차로운행방법위반,건조,맑음,교차로 - 교차로안,승용,여,28세,부상신고,승용,여,55세,중상
2018091700100326,2018년 9월 17일 14시,월요일,울산광역시 울주군 두동면,중상사고,0,1,0,0,차대차 - 기타,기타,건조,맑음,교차로 - 교차로부근,화물,남,62세,상해없음,이륜,남,75세,중상
2018091700100370,2018년 9월 17일 15시,월요일,울산광역시 중구 남외동,경상사고,0,0,1,0,차대차 - 기타,안전운전불이행,건조,맑음,교차로 - 교차로안,승용,여,45세,상해없음,화물,남,51세,경상
2018091700100371,2018년 9월 17일 15시,월요일,울산광역시 북구 상안동,중상사고,0,1,0,0,차대차 - 정면충돌,안전운전불이행,건조,맑음,단일로 - 기타,승용,남,38세,상해없음,이륜,남,80세,중상
2018091700100467,2018년 9월 17일 17시,월요일,울산광역시 남구 여천동,중상사고,0,1,0,0,차대차 - 측면충돌,불법유턴,건조,맑음,교차로 - 교차로안,개인형이동수단(PM),남,41세,중상,승용,남,49세,상해없음
2018091700100597,2018년 9월 17일 20시,월요일,울산광역시 중구 학성동,경상사고,0,0,1,0,차량단독 - 기타,안전운전불이행,건조,맑음,단일로 - 기타,승합,남,51세,상해없음,,,,
2018091700100657,2018년 9월 17일 22시,월요일,울산광역시 중구 서동,중상사고,0,1,1,0,차대차 - 측면충돌,안전운전불이행,건조,맑음,교차로 - 교차로부근,승용,남,48세,상해없음,승용,여,37세,중상
2018091800100013,2018년 9월 18일 00시,화요일,울산광역시 북구 진장동,경상사고,0,0,2,0,차대차 - 측면충돌,안전운전불이행,건조,맑음,교차로 - 교차로안,승용,여,45세,상해없음,승용,남,58세,경상
2018091800100070,2018년 9월 18일 06시,화요일,울산광역시 울주군 청량읍,경상사고,0,0,1,0,차대차 - 추돌,안전거리미확보,건조,흐림,단일로 - 기타,승합,남,52세,상해없음,화물,남,47세,경상
2018091800100100,2018년 9월 18일 07시,화요일,울산광역시 중구 복산동,경상사고,0,0,1,0,차대차 - 추돌,안전운전불이행,건조,맑음,교차로 - 교차로안,승용,남,26세,상해없음,승용,남,43세,경상
2018091800100101,2018년 9월 18일 07시,화요일,울산광역시 중구 성남동,경상사고,0,0,1,0,차대차 - 측면충돌,안전운전불이행,건조,맑음,단일로 - 기타,승용,남,35세,상해없음,승용,여,24세,경상
2018091800100102,2018년 9월 18일 07시,화요일,울산광역시 남구 삼산동,경상사고,0,0,1,0,차대사람 - 횡단중,보행자보호의무위반,건조,맑음,교차로 - 교차로횡단보도내,승용,여,23세,상해없음,보행자,여,46세,경상
2018091800100154,2018년 9월 18일 08시,화요일,울산광역시 북구 화봉동,경상사고,0,0,4,0,차대차 - 측면충돌,교차로운행방법위반,건조,맑음,교차로 - 교차로안,승용,여,57세,상해없음,승용,남,71세,경상
2018091800100202,2018년 9월 18일 09시,화요일,울산광역시 북구 상안동,중상사고,0,3,0,1,차대차 - 추돌,안전거리미확보,건조,맑음,단일로 - 기타,승용,남,53세,중상,승용,남,57세,중상
2018091800100366,2018년 9월 18일 14시,화요일,울산광역시 동구 방어동,중상사고,0,1,1,0,차대차 - 기타,안전운전불이행,건조,맑음,교차로 - 교차로안,승용,여,44세,상해없음,이륜,남,44세,중상
2018091800100411,2018년 9월 18일 15시,화요일,울산광역시 동구 서부동,경상사고,0,0,1,0,차대차 - 기타,안전운전불이행,건조,맑음,단일로 - 기타,승용,남,58세,상해없음,자전거,남,37세,경상
2018091800100662,2018년 9월 18일 21시,화요일,울산광역시 남구 야음동,경상사고,0,0,5,0,차대차 - 정면충돌,신호위반,건조,맑음,교차로 - 교차로안,승용,남,42세,상해없음,승용,남,56세,경상
2018091900100029,2018년 9월 19일 02시,수요일,울산광역시 북구 천곡동,부상신고사고,0,0,0,1,차량단독 - 공작물충돌,안전운전불이행,건조,맑음,단일로 - 기타,승용,남,24세,부상신고,,,,
2018091900100038,2018년 9월 19일 03시,수요일,울산광역시 남구 무거동,사망사고,1,0,0,0,차량단독 - 공작물충돌,안전운전불이행,건조,맑음,단일로 - 기타,이륜,남,30세,사망,,,,
2018091900100039,2018년 9월 19일 03시,수요일,울산광역시 울주군 웅촌면,중상사고,0,1,0,0,차량단독 - 전도전복 - 전도,안전운전불이행,건조,맑음,단일로 - 기타,이륜,남,28세,중상,미분류,미분류,미분류,미분류
2018091900100047,2018년 9월 19일 04시,수요일,울산광역시 울주군 언양읍,중상사고,0,1,0,0,차량단독 - 기타,안전운전불이행,건조,맑음,단일로 - 기타,승용,여,36세,중상,,,,
2018091900100274,2018년 9월 19일 12시,수요일,울산광역시 북구 진장동,경상사고,0,0,1,0,차대차 - 정면충돌,신호위반,건조,맑음,교차로 - 교차로안,승용,여,51세,상해없음,화물,남,62세,경상
2018091900100374,2018년 9월 19일 15시,수요일,울산광역시 남구 삼산동,중상사고,0,1,0,1,차대차 - 측면충돌,신호위반,건조,맑음,단일로 - 기타,승용,남,49세,상해없음,화물,남,42세,중상
2018091900100375,2018년 9월 19일 15시,수요일,울산광역시 동구 일산동,중상사고,0,1,0,0,차대차 - 측면충돌,신호위반,건조,맑음,교차로 - 교차로횡단보도내,자전거,남,57세,중상,승용,여,36세,상해없음
2018091900100411,2018년 9월 19일 16시,수요일,울산광역시 중구 성안동,중상사고,0,1,0,0,차대사람 - 횡단중,안전운전불이행,건조,맑음,교차로 - 교차로안,승합,여,51세,상해없음,보행자,남,48세,중상
2018091900100453,2018년 9월 19일 17시,수요일,울산광역시 남구 삼산동,경상사고,0,0,1,0,차대차 - 측면충돌,교차로운행방법위반,젖음/습기,비,교차로 - 교차로안,승용,남,63세,상해없음,이륜,남,29세,경상
2018091900100454,2018년 9월 19일 17시,수요일,울산광역시 울주군 온양읍,중상사고,0,1,1,1,차대차 - 추돌,안전거리미확보,건조,흐림,단일로 - 기타,승용,남,60세,상해없음,승용,남,58세,부상신고
2018091900100637,2018년 9월 19일 21시,수요일,울산광역시 남구 신정동,중상사고,0,1,0,0,차대차 - 측면충돌,안전운전불이행,젖음/습기,비,단일로 - 기타,승용,여,50세,상해없음,승용,여,42세,중상
2018091900100672,2018년 9월 19일 22시,수요일,울산광역시 남구 삼산동,경상사고,0,0,1,0,차대사람 - 횡단중,보행자보호의무위반,건조,맑음,교차로 - 교차로횡단보도내,승용,남,53세,상해없음,보행자,남,33세,경상
2018091900100695,2018년 9월 19일 23시,수요일,울산광역시 남구 무거동,중상사고,0,1,0,0,차대차 - 측면충돌,안전운전불이행,젖음/습기,비,단일로 - 기타,승용,남,52세,상해없음,승용,남,59세,중상
2018092000100051,2018년 9월 20일 03시,목요일,울산광역시 중구 유곡동,부상신고사고,0,0,0,1,차량단독 - 공작물충돌,안전운전불이행,젖음/습기,비,교차로 - 교차로안,승용,여,41세,부상신고,,,,
2018092000100071,2018년 9월 20일 05시,목요일,울산광역시 울주군 온산읍,중상사고,0,1,0,0,차대사람 - 길가장자리구역통행중,안전운전불이행,젖음/습기,비,단일로 - 기타,승용,남,60세,상해없음,보행자,남,54세,중상
2018092000100263,2018년 9월 20일 11시,목요일,울산광역시 남구 신정동,중상사고,0,1,1,0,차대차 - 정면충돌,중앙선침범,젖음/습기,비,단일로 - 기타,승합,남,59세,상해없음,화물,남,47세,경상
2018092000100367,2018년 9월 20일 14시,목요일,울산광역시 중구 태화동,경상사고,0,0,4,0,차대차 - 추돌,안전거리미확보,건조,맑음,교차로 - 교차로안,승용,여,44세,경상,승용,남,68세,경상
2018092000100368,2018년 9월 20일 14시,목요일,울산광역시 북구 염포동,중상사고,0,1,0,0,차대차 - 기타,안전운전불이행,건조,맑음,교차로 - 교차로안,화물,남,64세,상해없음,원동기,남,36세,중상
2018092000100450,2018년 9월 20일 16시,목요일,울산광역시 중구 학성동,부상신고사고,0,0,0,1,차대차 - 측면충돌,직진우회전진행방해,건조,맑음,교차로 - 교차로안,이륜,남,67세,부상신고,화물,남,50세,상해없음
2018092000100620,2018년 9월 20일 19시,목요일,울산광역시 북구 진장동,경상사고,0,0,1,0,차대차 - 측면충돌,안전거리미확보,건조,맑음,단일로 - 기타,승용,남,31세,상해없음,원동기,여,46세,경상
2018092000100667,2018년 9월 20일 20시,목요일,울산광역시 울주군 언양읍,경상사고,0,0,1,0,차량단독 - 기타,안전운전불이행,건조,맑음,교차로 - 교차로안,승합,남,53세,상해없음,,,,
2018092000100729,2018년 9월 20일 22시,목요일,울산광역시 남구 신정동,경상사고,0,0,1,0,차대차 - 기타,안전운전불이행,건조,맑음,교차로 - 교차로안,기타불명,기타불명,미분류,기타불명,승용,남,27세,경상
2018092100100023,2018년 9월 21일 00시,금요일,울산광역시 북구 연암동,경상사고,0,0,2,0,차대차 - 기타,중앙선침범,건조,맑음,단일로 - 기타,승용,여,56세,상해없음,승용,여,53세,경상
2018092100100133,2018년 9월 21일 07시,금요일,울산광역시 북구 연암동,경상사고,0,0,1,0,차대차 - 기타,안전거리미확보,건조,맑음,단일로 - 기타,승용,남,21세,상해없음,이륜,남,47세,경상
2018092100100179,2018년 9월 21일 08시,금요일,울산광역시 중구 태화동,경상사고,0,0,1,0,차대차 - 측면충돌,중앙선침범,젖음/습기,비,단일로 - 기타,승합,남,75세,상해없음,승용,여,66세,경상
2018092100100225,2018년 9월 21일 09시,금요일,울산광역시 남구 신정동,중상사고,0,1,3,0,차대차 - 측면충돌,교차로운행방법위반,젖음/습기,비,교차로 - 교차로안,승용,여,55세,상해없음,화물,남,35세,경상
2018092100100392,2018년 9월 21일 14시,금요일,울산광역시 울주군 범서읍,경상사고,0,0,1,0,차대차 - 측면충돌,안전거리미확보,건조,맑음,단일로 - 기타,승용,남,51세,상해없음,승용,여,52세,경상
2018092100100428,2018년 9월 21일 14시,금요일,울산광역시 남구 무거동,경상사고,0,0,1,0,차대차 - 측면충돌,교차로운행방법위반,젖음/습기,비,교차로 - 교차로안,승용,남,57세,상해없음,승용,여,54세,경상
2018092100100429,2018년 9월 21일 14시,금요일,울산광역시 울주군 범서읍,경상사고,0,0,1,1,차대차 - 추돌,안전거리미확보,젖음/습기,비,교차로 - 교차로안,승용,남,29세,상해없음,화물,남,29세,부상신고
2018092100100542,2018년 9월 21일 16시,금요일,울산광역시 남구 여천동,경상사고,0,0,1,0,차대차 - 측면충돌,차로위반,젖음/습기,비,단일로 - 기타,승용,남,61세,상해없음,승용,남,46세,경상
2018092100100543,2018년 9월 21일 16시,금요일,울산광역시 울주군 언양읍,경상사고,0,0,1,0,차대차 - 측면충돌,신호위반,건조,맑음,교차로 - 교차로안,사륜오토바이(ATV),남,80세,경상,화물,남,52세,상해없음
2018092100100595,2018년 9월 21일 17시,금요일,울산광역시 동구 동부동,경상사고,0,0,1,0,차대사람 - 보도통행중,보행자보호의무위반,젖음/습기,비,교차로 - 교차로안,승용,여,31세,상해없음,보행자,여,67세,경상
2018092100100647,2018년 9월 21일 18시,금요일,울산광역시 북구 염포동,중상사고,0,1,1,0,차대차 - 추돌,안전운전불이행,젖음/습기,비,단일로 - 기타,원동기,남,29세,중상,승용,여,59세,경상
2018092100100648,2018년 9월 21일 18시,금요일,울산광역시 북구 산하동,중상사고,0,1,0,0,차대차 - 기타,교차로운행방법위반,건조,맑음,교차로 - 교차로안,승용,남,31세,상해없음,이륜,남,60세,중상
2018092100100661,2018년 9월 21일 19시,금요일,울산광역시 울주군 언양읍,경상사고,0,0,2,0,차대차 - 추돌,안전운전불이행,젖음/습기,맑음,단일로 - 기타,화물,남,25세,상해없음,승용,남,46세,경상
2018092100100754,2018년 9월 21일 20시,금요일,울산광역시 울주군 삼동면,사망사고,1,0,0,0,차대차 - 추돌,안전운전불이행,젖음/습기,비,단일로 - 기타,승용,남,34세,상해없음,농기계,남,61세,사망
2018092100100828,2018년 9월 21일 22시,금요일,울산광역시 남구 신정동,경상사고,0,0,1,0,차대차 - 기타,안전운전불이행,건조,흐림,단일로 - 기타,이륜,남,34세,경상,승용,여,45세,상해없음
2018092100100862,2018년 9월 21일 23시,금요일,울산광역시 북구 진장동,경상사고,0,0,2,0,차대차 - 추돌,안전운전불이행,건조,맑음,단일로 - 기타,승용,남,39세,상해없음,승용,여,24세,경상
2018092200100024,2018년 9월 22일 00시,토요일,울산광역시 남구 삼산동,경상사고,0,0,2,0,차대차 - 정면충돌,중앙선침범,건조,흐림,단일로 - 기타,승용,남,25세,상해없음,승용,남,21세,경상
2018092200100025,2018년 9월 22일 00시,토요일,울산광역시 울주군 범서읍,중상사고,0,3,0,1,차대차 - 기타,신호위반,건조,흐림,교차로 - 교차로안,승용,남,50세,부상신고,승용,남,56세,중상
2018092200100042,2018년 9월 22일 01시,토요일,울산광역시 북구 호계동,경상사고,0,0,2,0,차대차 - 추돌,과속,건조,맑음,단일로 - 기타,승용,남,53세,경상,승용,남,46세,경상
2018092200100102,2018년 9월 22일 05시,토요일,울산광역시 중구 학성동,경상사고,0,0,3,0,차대차 - 측면충돌,교차로운행방법위반,건조,맑음,교차로 - 교차로부근,승용,남,68세,상해없음,원동기,남,18세,경상
2018092200100176,2018년 9월 22일 09시,토요일,울산광역시 남구 신정동,중상사고,0,1,0,0,차대사람 - 기타,안전운전불이행,건조,맑음,단일로 - 기타,승용,남,29세,상해없음,보행자,여,66세,중상
2018092200100257,2018년 9월 22일 11시,토요일,울산광역시 울주군 온산읍,경상사고,0,0,1,0,차대차 - 추돌,차로위반,건조,맑음,교차로 - 교차로부근,승용,남,37세,상해없음,승합,남,60세,경상
2018092200100297,2018년 9월 22일 12시,토요일,울산광역시 중구 반구동,경상사고,0,0,1,2,차대차 - 기타,안전거리미확보,건조,맑음,단일로 - 교량,승용,여,46세,부상신고,승용,남,32세,경상
2018092200100298,2018년 9월 22일 12시,토요일,울산광역시 북구 진장동,부상신고사고,0,0,0,1,차대차 - 측면충돌,안전거리미확보,건조,맑음,교차로 - 교차로부근,승용,남,55세,기타불명,승용,여,54세,부상신고
2018092200100340,2018년 9월 22일 13시,토요일,울산광역시 북구 연암동,경상사고,0,0,1,0,차대사람 - 기타,불법유턴,건조,맑음,교차로 - 교차로안,승용,여,41세,상해없음,보행자,남,39세,경상
2018092200100380,2018년 9월 22일 14시,토요일,울산광역시 북구 진장동,경상사고,0,0,1,0,차대차 - 측면충돌,안전운전불이행,건조,맑음,교차로 - 교차로안,화물,남,48세,상해없음,화물,남,32세,경상
2018092200100474,2018년 9월 22일 16시,토요일,울산광역시 북구 연암동,경상사고,0,0,1,0,차대차 - 기타,안전운전불이행,건조,맑음,교차로 - 교차로부근,승용,여,55세,상해없음,자전거,남,55세,경상
2018092200100566,2018년 9월 22일 18시,토요일,울산광역시 중구 남외동,경상사고,0,0,1,0,차대차 - 기타,안전운전불이행,건조,맑음,단일로 - 기타,자전거,남,11세,경상,승용,여,36세,상해없음
2018092200100652,2018년 9월 22일 20시,토요일,울산광역시 남구 삼산동,중상사고,0,1,1,0,차대차 - 측면충돌,신호위반,건조,맑음,교차로 - 교차로안,이륜,남,19세,중상,승용,여,52세,경상
2018092200100727,2018년 9월 22일 23시,토요일,울산광역시 남구 신정동,중상사고,0,1,0,0,차대차 - 추돌,안전운전불이행,건조,맑음,단일로 - 기타,승용,남,48세,상해없음,승합,기타불명,미분류,기타불명
2018092200100728,2018년 9월 22일 23시,토요일,울산광역시 동구 전하동,중상사고,0,1,0,0,차대차 - 추돌,안전운전불이행,건조,맑음,교차로 - 교차로안,이륜,남,72세,중상,이륜,남,56세,상해없음
2018092300100022,2018년 9월 23일 01시,일요일,울산광역시 남구 삼산동,중상사고,0,3,1,0,차대차 - 측면충돌,신호위반,건조,맑음,교차로 - 교차로안,승용,남,21세,기타불명,승용,남,30세,중상
2018092300100035,2018년 9월 23일 03시,일요일,울산광역시 울주군 범서읍,경상사고,0,0,1,0,차대차 - 측면충돌,안전운전불이행,건조,맑음,단일로 - 기타,승용,남,18세,상해없음,승용,남,49세,경상
2018092300100076,2018년 9월 23일 06시,일요일,울산광역시 동구 서부동,경상사고,0,0,1,0,차대차 - 측면충돌,안전운전불이행,건조,맑음,교차로 - 교차로안,승용,여,42세,상해없음,승용,남,53세,경상
2018092300100102,2018년 9월 23일 09시,일요일,울산광역시 중구 학성동,부상신고사고,0,0,0,1,차대사람 - 기타,기타,건조,맑음,기타 - 기타,기타불명,기타불명,미분류,기타불명,보행자,여,70세,부상신고
2018092300100103,2018년 9월 23일 09시,일요일,울산광역시 동구 동부동,경상사고,0,0,1,0,차대사람 - 기타,안전운전불이행,건조,맑음,기타 - 기타,승용,남,61세,상해없음,보행자,남,36세,경상
2018092300100104,2018년 9월 23일 09시,일요일,울산광역시 울주군 삼남면,경상사고,0,0,4,0,차대차 - 측면충돌,불법유턴,건조,맑음,교차로 - 교차로부근,승용,남,33세,상해없음,승용,남,39세,경상
2018092300100123,2018년 9월 23일 10시,일요일,울산광역시 중구 우정동,경상사고,0,0,1,0,차대차 - 측면충돌,차로위반,건조,맑음,단일로 - 기타,승용,남,55세,상해없음,승합,남,50세,경상
2018092300100133,2018년 9월 23일 11시,일요일,울산광역시 울주군 온양읍,중상사고,0,1,1,0,차대차 - 기타,안전거리미확보,건조,맑음,단일로 - 기타,승용,남,57세,중상,특수,남,49세,상해없음
2018092300100192,2018년 9월 23일 13시,일요일,울산광역시 중구 우정동,경상사고,0,0,1,0,차대사람 - 길가장자리구역통행중,안전운전불이행,건조,맑음,단일로 - 기타,승용,남,45세,상해없음,보행자,남,52세,경상
2018092300100193,2018년 9월 23일 13시,일요일,울산광역시 남구 여천동,경상사고,0,0,3,0,차대차 - 추돌,안전운전불이행,건조,맑음,단일로 - 기타,승용,남,63세,상해없음,승용,남,41세,경상
2018092300100297,2018년 9월 23일 16시,일요일,울산광역시 중구 복산동,경상사고,0,0,1,0,차대차 - 측면충돌,기타,건조,맑음,단일로 - 기타,이륜,남,17세,경상,승용,남,36세,상해없음
2018092400100018,2018년 9월 24일 01시,월요일,울산광역시 북구 중산동,경상사고,0,0,2,0,차대차 - 측면충돌,안전거리미확보,건조,맑음,단일로 - 기타,화물,남,73세,상해없음,승용,남,50세,경상
2018092400100248,2018년 9월 24일 15시,월요일,울산광역시 동구 전하동,경상사고,0,0,1,0,차대사람 - 기타,안전운전불이행,건조,맑음,단일로 - 기타,이륜,남,60세,상해없음,보행자,남,7세,경상
2018092400100381,2018년 9월 24일 20시,월요일,울산광역시 중구 옥교동,중상사고,0,1,0,0,차대사람 - 횡단중,안전운전불이행,건조,맑음,단일로 - 기타,승용,남,50세,상해없음,보행자,남,9세,중상
2018092400100382,2018년 9월 24일 20시,월요일,울산광역시 울주군 청량읍,경상사고,0,0,1,0,차대차 - 측면충돌,안전거리미확보,건조,맑음,단일로 - 고가도로위,승용,여,56세,상해없음,승합,남,24세,경상
2018092500100039,2018년 9월 25일 05시,화요일,울산광역시 북구 양정동,중상사고,0,2,0,0,차량단독 - 기타,안전운전불이행,건조,맑음,단일로 - 기타,승용,남,51세,상해없음,,,,
2018092500100093,2018년 9월 25일 09시,화요일,울산광역시 중구 남외동,부상신고사고,0,0,0,1,차대차 - 측면충돌,안전운전불이행,건조,맑음,단일로 - 기타,이륜,남,32세,부상신고,승용,남,78세,상해없음
2018092500100140,2018년 9월 25일 11시,화요일,울산광역시 울주군 서생면,중상사고,0,2,1,0,차대차 - 측면충돌,중앙선침범,건조,맑음,단일로 - 기타,승용,남,39세,상해없음,승용,남,60세,중상
2018092500100195,2018년 9월 25일 13시,화요일,울산광역시 동구 전하동,경상사고,0,0,2,0,차대차 - 추돌,안전운전불이행,건조,맑음,교차로 - 교차로부근,승용,남,30세,상해없음,승용,남,63세,경상
2018092500100225,2018년 9월 25일 14시,화요일,울산광역시 울주군 서생면,중상사고,0,1,0,0,차대사람 - 차도통행중,안전운전불이행,건조,맑음,단일로 - 기타,승용,남,58세,상해없음,보행자,남,9세,중상
2018092500100253,2018년 9월 25일 15시,화요일,울산광역시 동구 방어동,중상사고,0,1,0,0,차대차 - 측면충돌,직진우회전진행방해,건조,맑음,교차로 - 교차로안,승합,남,51세,상해없음,이륜,남,46세,중상
2018092500100295,2018년 9월 25일 16시,화요일,울산광역시 남구 신정동,중상사고,0,1,0,0,차대차 - 측면충돌,교차로운행방법위반,건조,맑음,교차로 - 교차로안,승용,여,43세,중상,승용,남,45세,상해없음
2018092500100357,2018년 9월 25일 18시,화요일,울산광역시 남구 무거동,경상사고,0,0,4,0,차대차 - 추돌,안전운전불이행,젖음/습기,비,교차로 - 교차로부근,승용,남,56세,상해없음,승용,남,56세,경상
2018092500100394,2018년 9월 25일 19시,화요일,울산광역시 중구 반구동,중상사고,0,1,0,0,차대사람 - 기타,안전운전불이행,건조,맑음,단일로 - 기타,기타불명,기타불명,미분류,기타불명,보행자,여,38세,중상
2018092500100471,2018년 9월 25일 22시,화요일,울산광역시 남구 달동,중상사고,0,1,0,0,차대사람 - 기타,안전운전불이행,젖음/습기,비,교차로 - 교차로안,승용,여,55세,상해없음,보행자,여,50세,중상
2018092600100046,2018년 9월 26일 02시,수요일,울산광역시 중구 남외동,중상사고,0,1,0,0,차대사람 - 횡단중,안전운전불이행,건조,흐림,교차로 - 교차로안,승용,남,49세,상해없음,보행자,남,61세,중상
2018092600100056,2018년 9월 26일 04시,수요일,울산광역시 남구 신정동,경상사고,0,0,4,0,차대차 - 추돌,안전운전불이행,젖음/습기,비,교차로 - 교차로부근,승용,남,52세,상해없음,승용,남,37세,경상
2018092600100101,2018년 9월 26일 09시,수요일,울산광역시 울주군 청량읍,중상사고,0,1,10,0,차대차 - 추돌,안전운전불이행,건조,맑음,교차로 - 교차로부근,화물,남,62세,상해없음,승용,여,36세,경상
2018092600100198,2018년 9월 26일 13시,수요일,울산광역시 남구 달동,경상사고,0,0,1,0,차대차 - 측면충돌,중앙선침범,건조,맑음,교차로 - 교차로부근,승용,여,31세,상해없음,승용,남,38세,경상
2018092600100251,2018년 9월 26일 15시,수요일,울산광역시 남구 무거동,중상사고,0,1,4,0,차대차 - 정면충돌,중앙선침범,건조,맑음,단일로 - 기타,승용,남,75세,중상,승용,남,32세,경상
2018092600100252,2018년 9월 26일 15시,수요일,울산광역시 동구 화정동,경상사고,0,0,2,0,차대차 - 측면충돌,중앙선침범,건조,맑음,단일로 - 기타,원동기,여,64세,경상,이륜,남,51세,경상
2018092600100263,2018년 9월 26일 16시,수요일,울산광역시 울주군 청량읍,부상신고사고,0,0,0,1,차대차 - 추돌,안전운전불이행,건조,맑음,단일로 - 교량,승용,남,25세,상해없음,승용,여,27세,부상신고
2018092600100279,2018년 9월 26일 16시,수요일,울산광역시 남구 달동,중상사고,0,1,1,0,차대사람 - 횡단중,안전운전불이행,젖음/습기,비,교차로 - 교차로횡단보도내,승용,남,29세,상해없음,보행자,여,18세,경상
2018092600100280,2018년 9월 26일 16시,수요일,울산광역시 울주군 온양읍,경상사고,0,0,2,0,차량단독 - 도로외이탈 - 추락,안전운전불이행,건조,맑음,단일로 - 교량,화물,남,61세,경상,,,,
2018092600100406,2018년 9월 26일 20시,수요일,울산광역시 남구 삼산동,중상사고,0,1,0,0,차대차 - 정면충돌,중앙선침범,건조,맑음,단일로 - 기타,승용,남,32세,상해없음,이륜,남,26세,중상
2018092600100434,2018년 9월 26일 21시,수요일,울산광역시 북구 연암동,경상사고,0,0,2,0,차대차 - 측면충돌,안전거리미확보,건조,맑음,단일로 - 기타,승용,남,27세,상해없음,승용,남,37세,경상