사고번호,사고일시,요일,시군구,사고내용,사망자수,중상자수,경상자수,부상신고자수,사고유형,법규위반,노면상태,기상상태,도로형태,가해운전자 차종,가해운전자 성별,가해운전자 연령,가해운전자 상해정도,피해운전자 차종,피해운전자 성별,피해운전자 연령,피해운전자 상해정도
2018092700100009,2018년 9월 27일 01시,목요일,울산광역시 남구 두왕동,중상사고,0,2,0,0,차대차 - 측면충돌,신호위반,건조,맑음,교차로 - 교차로안,승용,남,30세,상해없음,승용,남,19세,중상
2018092700100015,2018년 9월 27일 03시,목요일,울산광역시 동구 전하동,경상사고,0,0,3,0,차대차 - 기타,교차로운행방법위반,건조,맑음,교차로 - 교차로안,승용,남,24세,상해없음,승용,남,33세,경상
2018092700100124,2018년 9월 27일 08시,목요일,울산광역시 남구 삼산동,경상사고,0,0,1,0,차대사람 - 횡단중,불법유턴,건조,맑음,기타 - 기타,승합,남,40세,상해없음,보행자,여,47세,경상
2018092700100223,2018년 9월 27일 11시,목요일,울산광역시 울주군 삼남면,부상신고사고,0,0,0,1,차대사람 - 길가장자리구역통행중,안전운전불이행,건조,맑음,단일로 - 기타,기타불명,기타불명,미분류,기타불명,보행자,여,85세,부상신고
2018092700100257,2018년 9월 27일 12시,목요일,울산광역시 남구 달동,경상사고,0,0,1,0,차대차 - 측면충돌,교차로운행방법위반,건조,맑음,교차로 - 교차로안,승용,남,62세,상해없음,승용,남,56세,경상
2018092700100293,2018년 9월 27일 13시,목요일,울산광역시 중구 복산동,경상사고,0,0,1,0,차대사람 - 기타,안전운전불이행,건조,맑음,단일로 - 기타,자전거,남,75세,상해없음,보행자,여,64세,경상
2018092700100294,2018년 9월 27일 13시,목요일,울산광역시 남구 달동,경상사고,0,0,3,0,차대차 - 기타,안전운전불이행,건조,맑음,단일로 - 기타,승용,남,33세,상해없음,승용,남,25세,경상
2018092700100337,2018년 9월 27일 14시,목요일,울산광역시 중구 약사동,중상사고,0,2,0,0,차대차 - 측면충돌,교차로운행방법위반,건조,맑음,교차로 - 교차로안,승용,여,53세,기타불명,승용,남,64세,중상
2018092700100338,2018년 9월 27일 14시,목요일,울산광역시 동구 화정동,경상사고,0,0,1,0,차대차 - 측면충돌,안전운전불이행,건조,맑음,교차로 - 교차로안,이륜,남,45세,경상,화물,남,45세,상해없음
2018092700100377,2018년 9월 27일 15시,목요일,울산광역시 북구 염포동,경상사고,0,0,1,0,차대차 - 정면충돌,중앙선침범,건조,맑음,교차로 - 교차로부근,승용,여,42세,상해없음,화물,남,65세,경상
2018092700100473,2018년 9월 27일 17시,목요일,울산광역시 동구 서부동,경상사고,0,0,1,0,차대차 - 측면충돌,안전운전불이행,건조,맑음,단일로 - 기타,이륜,남,60세,상해없음,승용,여,25세,경상
2018092700100474,2018년 9월 27일 17시,목요일,울산광역시 울주군 언양읍,경상사고,0,0,1,0,차대사람 - 횡단중,보행자보호의무위반,건조,맑음,교차로 - 교차로안,승용,남,56세,상해없음,보행자,여,28세,경상
2018092700100621,2018년 9월 27일 21시,목요일,울산광역시 남구 두왕동,경상사고,0,0,1,0,차대차 - 추돌,안전운전불이행,건조,맑음,교차로 - 교차로부근,승용,남,58세,상해없음,승용,여,32세,경상
2018092800100017,2018년 9월 28일 01시,금요일,울산광역시 남구 달동,중상사고,0,1,0,0,차대차 - 추돌,안전운전불이행,건조,맑음,교차로 - 교차로부근,승용,여,52세,상해없음,승용,남,28세,중상
2018092800100108,2018년 9월 28일 08시,금요일,울산광역시 북구 중산동,중상사고,0,1,0,0,차대사람 - 횡단중,안전운전불이행,건조,맑음,단일로 - 기타,승용,여,55세,상해없음,보행자,여,75세,중상
2018092800100312,2018년 9월 28일 15시,금요일,울산광역시 남구 여천동,경상사고,0,0,1,0,차대차 - 추돌,안전운전불이행,건조,맑음,교차로 - 교차로부근,화물,남,33세,상해없음,승용,남,45세,경상
2018092800100388,2018년 9월 28일 17시,금요일,울산광역시 중구 태화동,경상사고,0,0,1,0,차대차 - 측면충돌,신호위반,건조,맑음,교차로 - 교차로안,승용,남,57세,상해없음,승용,여,39세,경상
2018092800100424,2018년 9월 28일 18시,금요일,울산광역시 중구 옥교동,경상사고,0,0,2,0,차대차 - 측면충돌,중앙선침범,건조,맑음,단일로 - 교량,화물,남,57세,상해없음,승용,남,61세,경상
2018092800100453,2018년 9월 28일 19시,금요일,울산광역시 남구 삼산동,경상사고,0,0,1,0,차대사람 - 횡단중,보행자보호의무위반,건조,맑음,교차로 - 교차로횡단보도내,기타불명,기타불명,미분류,기타불명,보행자,여,18세,경상
2018092800100515,2018년 9월 28일 21시,금요일,울산광역시 남구 무거동,부상신고사고,0,0,0,1,차대차 - 측면충돌,중앙선침범,건조,맑음,단일로 - 기타,자전거,남,33세,상해없음,승합,남,36세,부상신고
2018092900100024,2018년 9월 29일 00시,토요일,울산광역시 북구 진장동,경상사고,0,0,1,0,차대사람 - 길가장자리구역통행중,안전운전불이행,건조,맑음,단일로 - 기타,승용,남,31세,상해없음,보행자,여,46세,경상
2018092900100025,2018년 9월 29일 00시,토요일,울산광역시 남구 삼산동,경상사고,0,0,2,0,차대차 - 추돌,안전운전불이행,건조,맑음,교차로 - 교차로부근,승용,남,62세,기타불명,승용,남,32세,경상
2018092900100026,2018년 9월 29일 00시,토요일,울산광역시 남구 신정동,경상사고,0,0,2,0,차대차 - 측면충돌,신호위반,건조,맑음,교차로 - 교차로안,승용,남,51세,상해없음,승용,남,47세,경상
2018092900100167,2018년 9월 29일 09시,토요일,울산광역시 북구 천곡동,경상사고,0,0,1,0,차대사람 - 횡단중,보행자보호의무위반,건조,맑음,교차로 - 교차로횡단보도내,승용,여,59세,상해없음,보행자,여,48세,경상
2018092900100168,2018년 9월 29일 09시,토요일,울산광역시 울주군 삼남면,중상사고,0,1,0,0,차대차 - 기타,차로위반,젖음/습기,비,교차로 - 교차로부근,화물,남,44세,상해없음,승용,남,35세,중상
2018092900100370,2018년 9월 29일 15시,토요일,울산광역시 남구 달동,중상사고,0,2,0,0,차대차 - 추돌,안전운전불이행,젖음/습기,비,단일로 - 기타,승용,남,55세,상해없음,승용,여,28세,중상
2018092900100483,2018년 9월 29일 18시,토요일,울산광역시 중구 약사동,경상사고,0,0,1,0,차대차 - 측면충돌,신호위반,건조,맑음,교차로 - 교차로안,승용,남,22세,상해없음,이륜,남,29세,경상
2018092900100523,2018년 9월 29일 19시,토요일,울산광역시 중구 학성동,경상사고,0,0,2,0,차대차 - 측면충돌,신호위반,건조,맑음,교차로 - 교차로안,승용,남,62세,상해없음,승용,여,46세,경상
2018092900100548,2018년 9월 29일 20시,토요일,울산광역시 동구 방어동,경상사고,0,0,1,0,차대차 - 기타,안전운전불이행,젖음/습기,비,교차로 - 교차로안,승용,남,67세,상해없음,자전거,남,22세,경상
2018092900100584,2018년 9월 29일 21시,토요일,울산광역시 남구 달동,경상사고,0,0,5,0,차대차 - 추돌,안전운전불이행,젖음/습기,비,단일로 - 기타,승용,남,40세,상해없음,승용,여,23세,경상
2018092900100616,2018년 9월 29일 23시,토요일,울산광역시 중구 서동,경상사고,0,0,2,0,차대차 - 추돌,안전운전불이행,젖음/습기,비,단일로 - 기타,승용,남,37세,상해없음,승용,남,52세,경상
2018093000100015,2018년 9월 30일 00시,일요일,울산광역시 울주군 온양읍,중상사고,0,1,0,1,차대차 - 기타,중앙선침범,젖음/습기,비,단일로 - 기타,승용,남,51세,부상신고,승용,남,55세,중상
2018093000100043,2018년 9월 30일 02시,일요일,울산광역시 동구 서부동,경상사고,0,0,1,0,차량단독 - 기타,안전운전불이행,젖음/습기,비,교차로 - 교차로안,승용,남,70세,상해없음,,,,
2018093000100190,2018년 9월 30일 12시,일요일,울산광역시 남구 여천동,중상사고,0,1,0,0,차량단독 - 공작물충돌,안전운전불이행,젖음/습기,비,단일로 - 기타,승용,남,82세,중상,,,,
2018093000100330,2018년 9월 30일 16시,일요일,울산광역시 남구 달동,경상사고,0,0,1,0,차대사람 - 횡단중,안전운전불이행,건조,맑음,교차로 - 교차로안,승용,여,38세,상해없음,보행자,남,79세,경상
2018093000100370,2018년 9월 30일 17시,일요일,울산광역시 중구 서동,경상사고,0,0,1,0,차대사람 - 횡단중,보행자보호의무위반,건조,맑음,교차로 - 교차로횡단보도내,승용,남,24세,상해없음,보행자,여,85세,경상
2018093000100483,2018년 9월 30일 21시,일요일,울산광역시 중구 반구동,중상사고,0,1,0,0,차대차 - 기타,안전운전불이행,건조,맑음,단일로 - 기타,이륜,남,23세,중상,승용,남,64세,상해없음
2018093000100502,2018년 9월 30일 22시,일요일,울산광역시 중구 반구동,부상신고사고,0,0,0,1,차대차 - 기타,중앙선침범,건조,맑음,교차로 - 교차로안,이륜,남,19세,부상신고,승용,여,46세,상해없음
2018100100100060,2018년 10월 1일 06시,월요일,울산광역시 중구 다운동,중상사고,0,1,0,0,차대차 - 기타,교차로운행방법위반,건조,맑음,교차로 - 교차로안,농기계,남,76세,중상,승용,남,38세,상해없음
2018100100100126,2018년 10월 1일 08시,월요일,울산광역시 남구 삼산동,중상사고,0,1,0,0,차대사람 - 기타,보행자보호의무위반,건조,맑음,교차로 - 교차로부근,기타불명,기타불명,미분류,기타불명,보행자,여,53세,중상
2018100100100161,2018년 10월 1일 09시,월요일,울산광역시 남구 달동,경상사고,0,0,1,0,차대차 - 측면충돌,신호위반,건조,맑음,단일로 - 기타,승용,남,58세,상해없음,원동기,여,67세,경상
2018100100100162,2018년 10월 1일 09시,월요일,울산광역시 동구 일산동,경상사고,0,0,1,0,차대사람 - 기타,안전운전불이행,건조,맑음,단일로 - 기타,승용,남,62세,상해없음,보행자,여,64세,경상
2018100100100163,2018년 10월 1일 09시,월요일,울산광역시 울주군 언양읍,경상사고,0,0,1,0,차대차 - 측면충돌,직진우회전진행방해,건조,맑음,교차로 - 교차로안,화물,남,50세,상해없음,건설기계,남,50세,경상
2018100100100218,2018년 10월 1일 11시,월요일,울산광역시 남구 무거동,중상사고,0,1,0,0,차대차 - 측면충돌,안전거리미확보,건조,맑음,단일로 - 기타,화물,남,41세,상해없음,승용,여,47세,중상
2018100100100253,2018년 10월 1일 12시,월요일,울산광역시 북구 명촌동,경상사고,0,0,2,0,차대차 - 측면충돌,안전거리미확보,건조,맑음,단일로 - 기타,화물,남,49세,상해없음,승용,남,36세,경상
2018100100100254,2018년 10월 1일 12시,월요일,울산광역시 남구 달동,중상사고,0,1,0,0,차대사람 - 보도통행중,기타,건조,맑음,기타 - 기타,승용,남,37세,상해없음,보행자,여,76세,중상
2018100100100255,2018년 10월 1일 12시,월요일,울산광역시 울주군 웅촌면,경상사고,0,0,1,0,차대차 - 추돌,안전운전불이행,건조,맑음,단일로 - 기타,특수,남,29세,상해없음,승용,남,37세,상해없음
2018100100100297,2018년 10월 1일 13시,월요일,울산광역시 남구 달동,경상사고,0,0,1,0,차대차 - 측면충돌,안전운전불이행,건조,맑음,단일로 - 기타,이륜,남,69세,경상,승용,남,38세,상해없음
2018100100100366,2018년 10월 1일 15시,월요일,울산광역시 북구 호계동,경상사고,0,0,1,0,차대사람 - 기타,안전운전불이행,건조,맑음,기타 - 기타,승합,남,58세,상해없음,보행자,남,15세,경상
2018100100100412,2018년 10월 1일 16시,월요일,울산광역시 중구 학성동,중상사고,0,1,0,0,차대사람 - 차도통행중,안전운전불이행,건조,맑음,교차로 - 교차로안,승용,남,62세,상해없음,보행자,여,79세,중상
2018100100100413,2018년 10월 1일 16시,월요일,울산광역시 동구 서부동,경상사고,0,0,1,0,차대차 - 추돌,안전운전불이행,건조,맑음,단일로 - 기타,승용,남,26세,상해없음,이륜,남,59세,경상
2018100100100504,2018년 10월 1일 18시,월요일,울산광역시 남구 야음동,중상사고,0,1,0,0,차대사람 - 횡단중,안전운전불이행,건조,맑음,교차로 - 교차로안,승용,여,36세,상해없음,보행자,여,77세,중상
2018100100100505,2018년 10월 1일 18시,월요일,울산광역시 울주군 두서면,경상사고,0,0,1,0,차대차 - 정면충돌,신호위반,건조,맑음,교차로 - 교차로안,승합,남,29세,기타불명,승용,남,32세,경상
2018100100100543,2018년 10월 1일 19시,월요일,울산광역시 중구 서동,경상사고,0,0,1,0,차대차 - 기타,불법유턴,건조,맑음,단일로 - 기타,승용,남,35세,상해없음,이륜,남,52세,경상
2018100200100064,2018년 10월 2일 06시,화요일,울산광역시 남구 선암동,경상사고,0,0,1,0,차대차 - 추돌,안전운전불이행,건조,맑음,교차로 - 교차로부근,화물,남,65세,상해없음,화물,남,33세,경상
2018100200100176,2018년 10월 2일 09시,화요일,울산광역시 중구 학성동,부상신고사고,0,0,0,1,차대차 - 측면충돌,신호위반,건조,맑음,교차로 - 교차로안,자전거,남,73세,부상신고,승합,여,52세,상해없음
2018100200100211,2018년 10월 2일 10시,화요일,울산광역시 북구 상안동,경상사고,0,0,1,0,차대사람 - 차도통행중,안전운전불이행,건조,맑음,단일로 - 기타,화물,남,70세,상해없음,보행자,여,79세,경상
2018100200100314,2018년 10월 2일 13시,화요일,울산광역시 남구 신정동,중상사고,0,1,0,0,차대차 - 측면충돌,직진우회전진행방해,건조,맑음,교차로 - 교차로안,승합,남,51세,상해없음,승용,남,36세,중상
2018100200100315,2018년 10월 2일 13시,화요일,울산광역시 동구 방어동,경상사고,0,0,3,0,차대차 - 측면충돌,직진우회전진행방해,건조,맑음,교차로 - 교차로안,승용,남,31세,경상,이륜,여,47세,경상
2018100200100316,2018년 10월 2일 13시,화요일,울산광역시 울주군 범서읍,경상사고,0,0,1,0,차대사람 - 횡단중,보행자보호의무위반,건조,맑음,교차로 - 교차로부근,승용,여,41세,기타불명,보행자,여,7세,경상
2018100200100421,2018년 10월 2일 16시,화요일,울산광역시 북구 연암동,경상사고,0,0,1,0,차대사람 - 횡단중,보행자보호의무위반,건조,맑음,교차로 - 교차로횡단보도내,승용,남,28세,상해없음,보행자,남,8세,경상
2018100200100422,2018년 10월 2일 16시,화요일,울산광역시 남구 신정동,경상사고,0,0,1,0,차대차 - 기타,교차로운행방법위반,건조,맑음,교차로 - 교차로안,승용,여,56세,상해없음,승합,남,58세,상해없음
2018100200100566,2018년 10월 2일 19시,화요일,울산광역시 남구 신정동,경상사고,0,0,1,0,차대차 - 측면충돌,신호위반,건조,맑음,교차로 - 교차로안,화물,남,33세,상해없음,승용,여,35세,경상
2018100200100663,2018년 10월 2일 22시,화요일,울산광역시 울주군 온양읍,중상사고,0,2,0,0,차대차 - 측면충돌,신호위반,건조,흐림,교차로 - 교차로안,이륜,여,30세,중상,이륜,남,18세,중상
2018100300100283,2018년 10월 3일 13시,수요일,울산광역시 울주군 두서면,중상사고,0,1,2,0,차대차 - 추돌,안전거리미확보,건조,맑음,단일로 - 기타,사륜오토바이(ATV),여,77세,중상,승용,남,26세,경상
2018100300100316,2018년 10월 3일 14시,수요일,울산광역시 북구 호계동,경상사고,0,0,2,0,차대차 - 측면충돌,안전운전불이행,건조,맑음,단일로 - 기타,승용,남,38세,상해없음,화물,남,54세,상해없음
2018100300100317,2018년 10월 3일 14시,수요일,울산광역시 중구 성남동,중상사고,0,1,0,0,차량단독 - 도로외이탈 - 기타,안전운전불이행,건조,맑음,단일로 - 기타,이륜,남,68세,중상,,,,
2018100300100353,2018년 10월 3일 15시,수요일,울산광역시 남구 신정동,경상사고,0,0,1,0,차대차 - 측면충돌,안전운전불이행,건조,맑음,단일로 - 기타,화물,남,60세,경상,승용,남,52세,상해없음
2018100300100354,2018년 10월 3일 15시,수요일,울산광역시 동구 화정동,경상사고,0,0,2,0,차대차 - 기타,안전운전불이행,건조,맑음,교차로 - 교차로부근,승용,여,42세,상해없음,승용,남,60세,경상
2018100300100355,2018년 10월 3일 15시,수요일,울산광역시 울주군 상북면,경상사고,0,0,2,0,차대차 - 정면충돌,중앙선침범,건조,맑음,단일로 - 기타,승용,남,41세,경상,승용,여,52세,경상
2018100300100383,2018년 10월 3일 16시,수요일,울산광역시 북구 명촌동,경상사고,0,0,1,0,차대차 - 기타,안전거리미확보,건조,맑음,단일로 - 기타,이륜,남,22세,경상,승용,남,44세,상해없음
2018100300100433,2018년 10월 3일 17시,수요일,울산광역시 남구 무거동,중상사고,0,1,0,0,차대차 - 측면충돌,안전운전불이행,건조,맑음,단일로 - 기타,자전거,남,56세,중상,승용,여,48세,상해없음
2018100300100475,2018년 10월 3일 18시,수요일,울산광역시 울주군 청량읍,경상사고,0,0,3,3,차대차 - 추돌,안전거리미확보,건조,맑음,단일로 - 교량,승용,남,41세,상해없음,승용,남,35세,부상신고
2018100300100511,2018년 10월 3일 19시,수요일,울산광역시 북구 염포동,사망사고,1,0,0,0,차량단독 - 공작물충돌,안전운전불이행,건조,맑음,교차로 - 교차로부근,화물,남,29세,사망,,,,
2018100300100572,2018년 10월 3일 23시,수요일,울산광역시 남구 달동,부상신고사고,0,0,0,1,차대사람 - 횡단중,안전운전불이행,건조,맑음,교차로 - 교차로횡단보도내,승용,여,33세,상해없음,보행자,남,61세,부상신고
2018100400100067,2018년 10월 4일 06시,목요일,울산광역시 울주군 온산읍,경상사고,0,0,2,0,차대차 - 기타,교차로운행방법위반,건조,맑음,교차로 - 교차로안,원동기,남,22세,경상,승용,여,63세,경상
2018100400100092,2018년 10월 4일 07시,목요일,울산광역시 울주군 온양읍,경상사고,0,0,2,0,차대차 - 측면충돌,교차로운행방법위반,건조,맑음,교차로 - 교차로안,화물,남,72세,상해없음,승용,남,65세,경상
2018100400100436,2018년 10월 4일 16시,목요일,울산광역시 북구 연암동,경상사고,0,0,1,0,차대차 - 측면충돌,안전운전불이행,건조,맑음,교차로 - 교차로안,승용,남,68세,상해없음,승합,남,38세,상해없음
2018100400100437,2018년 10월 4일 16시,목요일,울산광역시 북구 화봉동,경상사고,0,0,1,0,차대사람 - 횡단중,안전운전불이행,건조,맑음,교차로 - 교차로안,승용,남,60세,상해없음,보행자,여,55세,경상
2018100400100438,2018년 10월 4일 16시,목요일,울산광역시 중구 남외동,중상사고,0,1,5,0,차대차 - 추돌,안전거리미확보,건조,맑음,교차로 - 교차로부근,승용,남,64세,상해없음,승용,남,68세,경상
2018100400100484,2018년 10월 4일 17시,목요일,울산광역시 울주군 언양읍,경상사고,0,0,1,0,차대사람 - 횡단중,기타,건조,맑음,단일로 - 기타,승용,여,62세,상해없음,보행자,여,6세,경상
2018100400100485,2018년 10월 4일 17시,목요일,울산광역시 울주군 온양읍,경상사고,0,0,2,0,차대차 - 측면충돌,안전운전불이행,건조,맑음,단일로 - 기타,승용,남,37세,경상,승용,남,44세,경상
2018100400100540,2018년 10월 4일 18시,목요일,울산광역시 중구 반구동,경상사고,0,0,3,0,차대차 - 기타,안전거리미확보,건조,맑음,단일로 - 기타,승용,남,34세,상해없음,승용,남,24세,경상
2018100400100541,2018년 10월 4일 18시,목요일,울산광역시 중구 반구동,경상사고,0,0,1,0,차대사람 - 차도통행중,안전운전불이행,젖음/습기,흐림,교차로 - 교차로안,승용,남,54세,상해없음,보행자,여,38세,경상
2018100400100542,2018년 10월 4일 18시,목요일,울산광역시 중구 북정동,중상사고,0,1,0,0,차량단독 - 기타,기타,건조,맑음,교차로 - 교차로안,승용,남,68세,상해없음,,,,
2018100400100631,2018년 10월 4일 20시,목요일,울산광역시 울주군 온양읍,중상사고,0,3,0,0,차대차 - 기타,중앙선침범,건조,흐림,단일로 - 기타,화물,남,67세,상해없음,승용,남,58세,중상
2018100400100703,2018년 10월 4일 22시,목요일,울산광역시 중구 반구동,중상사고,0,1,1,0,차대차 - 기타,안전운전불이행,젖음/습기,비,교차로 - 교차로안,승용,남,38세,상해없음,승용,여,29세,중상
2018100500100049,2018년 10월 5일 03시,금요일,울산광역시 남구 달동,경상사고,0,0,1,0,차대차 - 정면충돌,중앙선침범,건조,맑음,교차로 - 교차로안,승용,남,53세,상해없음,승용,남,38세,경상
2018100500100086,2018년 10월 5일 06시,금요일,울산광역시 울주군 서생면,경상사고,0,0,1,0,차량단독 - 공작물충돌,안전운전불이행,젖음/습기,흐림,단일로 - 기타,승용,남,57세,경상,,,,
2018100500100200,2018년 10월 5일 09시,금요일,울산광역시 남구 삼산동,중상사고,0,1,1,0,차대차 - 측면충돌,신호위반,젖음/습기,비,교차로 - 교차로안,승용,여,45세,상해없음,승용,남,69세,경상
2018100500100299,2018년 10월 5일 12시,금요일,울산광역시 중구 반구동,중상사고,0,1,0,0,차대사람 - 횡단중,안전운전불이행,젖음/습기,비,교차로 - 교차로안,화물,남,70세,상해없음,보행자,여,67세,중상
2018100500100300,2018년 10월 5일 12시,금요일,울산광역시 중구 남외동,경상사고,0,0,1,0,차대차 - 후진중충돌,안전운전불이행,젖음/습기,비,단일로 - 기타,화물,남,56세,상해없음,승용,남,45세,경상
2018100500100339,2018년 10월 5일 13시,금요일,울산광역시 남구 달동,경상사고,0,0,1,0,차대차 - 측면충돌,교차로운행방법위반,젖음/습기,비,교차로 - 교차로안,승용,여,58세,상해없음,승용,남,30세,경상
2018100500100386,2018년 10월 5일 14시,금요일,울산광역시 중구 반구동,경상사고,0,0,1,0,차대사람 - 차도통행중,안전운전불이행,건조,맑음,교차로 - 교차로안,승용,남,71세,상해없음,보행자,남,45세,경상
2018100500100387,2018년 10월 5일 14시,금요일,울산광역시 울주군 두서면,경상사고,0,0,1,0,차대차 - 측면충돌,안전운전불이행,젖음/습기,비,단일로 - 기타,화물,남,56세,상해없음,화물,남,25세,상해없음
2018100500100388,2018년 10월 5일 14시,금요일,울산광역시 울주군 언양읍,중상사고,0,1,0,0,차대사람 - 횡단중,보행자보호의무위반,젖음/습기,비,교차로 - 교차로횡단보도내,승용,여,47세,기타불명,보행자,여,63세,중상
2018100500100613,2018년 10월 5일 18시,금요일,울산광역시 북구 중산동,경상사고,0,0,1,0,차대차 - 측면충돌,신호위반,젖음/습기,맑음,교차로 - 교차로안,화물,남,34세,상해없음,승용,여,41세,경상
2018100500100614,2018년 10월 5일 18시,금요일,울산광역시 남구 무거동,중상사고,0,1,0,0,차대사람 - 횡단중,안전운전불이행,젖음/습기,비,단일로 - 기타,이륜,남,38세,상해없음,보행자,여,60세,중상
2018100500100615,2018년 10월 5일 18시,금요일,울산광역시 울주군 웅촌면,중상사고,0,1,0,0,차대사람 - 횡단중,안전운전불이행,젖음/습기,비,단일로 - 기타,화물,남,58세,상해없음,보행자,여,90세 이상,중상
2018100500100616,2018년 10월 5일 18시,금요일,울산광역시 울주군 두동면,사망사고,1,0,0,0,차대사람 - 기타,안전운전불이행,젖음/습기,비,교차로 - 교차로횡단보도내,승용,남,58세,상해없음,보행자,남,64세,사망
2018100500100691,2018년 10월 5일 19시,금요일,울산광역시 중구 남외동,경상사고,0,0,1,0,차대사람 - 횡단중,신호위반,젖음/습기,비,교차로 - 교차로횡단보도내,승용,여,63세,상해없음,보행자,남,27세,경상
2018100500100692,2018년 10월 5일 19시,금요일,울산광역시 북구 매곡동,중상사고,0,1,2,0,차대차 - 기타,안전운전불이행,젖음/습기,비,교차로 - 교차로부근,승용,여,49세,상해없음,승용,여,62세,경상
2018100500100745,2018년 10월 5일 20시,금요일,울산광역시 남구 달동,중상사고,0,1,3,0,차대차 - 측면충돌,교차로운행방법위반,젖음/습기,비,교차로 - 교차로부근,승용,여,64세,상해없음,승용,여,52세,경상
2018100500100785,2018년 10월 5일 21시,금요일,울산광역시 북구 천곡동,경상사고,0,0,1,0,차대차 - 정면충돌,중앙선침범,젖음/습기,비,단일로 - 기타,이륜,남,16세,상해없음,승합,남,19세,경상
2018100500100831,2018년 10월 5일 22시,금요일,울산광역시 남구 신정동,경상사고,0,0,1,0,차대차 - 추돌,안전운전불이행,젖음/습기,비,교차로 - 교차로부근,승용,여,37세,상해없음,승용,여,36세,경상
2018100500100832,2018년 10월 5일 22시,금요일,울산광역시 동구 화정동,경상사고,0,0,3,0,차대사람 - 횡단중,보행자보호의무위반,젖음/습기,비,교차로 - 교차로횡단보도내,이륜,남,18세,경상,보행자,남,16세,경상
2018100500100873,2018년 10월 5일 23시,금요일,울산광역시 남구 옥동,중상사고,0,1,1,0,차대차 - 정면충돌,안전운전불이행,젖음/습기,비,교차로 - 교차로부근,승용,여,47세,상해없음,승용,남,63세,경상
2018100500100874,2018년 10월 5일 23시,금요일,울산광역시 남구 무거동,경상사고,0,0,1,0,차대차 - 측면충돌,안전거리미확보,젖음/습기,비,교차로 - 교차로부근,승용,남,48세,상해없음,승합,남,45세,경상
2018100600100027,2018년 10월 6일 00시,토요일,울산광역시 남구 삼산동,경상사고,0,0,1,0,차대차 - 측면충돌,안전운전불이행,젖음/습기,비,단일로 - 기타,화물,남,28세,상해없음,승용,여,69세,경상
2018100600100028,2018년 10월 6일 00시,토요일,울산광역시 남구 달동,경상사고,0,0,1,0,차대차 - 후진중충돌,안전운전불이행,건조,맑음,단일로 - 기타,승용,남,45세,상해없음,승용,남,30세,경상
2018100600100103,2018년 10월 6일 02시,토요일,울산광역시 남구 무거동,중상사고,0,2,0,0,차량단독 - 공작물충돌,과속,젖음/습기,비,단일로 - 기타,승용,남,48세,중상,,,,
2018100600100184,2018년 10월 6일 06시,토요일,울산광역시 울주군 온산읍,중상사고,0,1,0,0,차대사람 - 횡단중,신호위반,젖음/습기,비,교차로 - 교차로횡단보도내,승용,남,32세,상해없음,보행자,여,59세,중상
2018100600100463,2018년 10월 6일 16시,토요일,울산광역시 남구 삼산동,중상사고,0,2,0,0,차대차 - 측면충돌,차로위반,건조,맑음,단일로 - 기타,승용,남,73세,상해없음,승용,남,68세,중상
2018100600100491,2018년 10월 6일 17시,토요일,울산광역시 북구 명촌동,경상사고,0,0,1,0,차대사람 - 차도통행중,안전운전불이행,건조,맑음,교차로 - 교차로안,승용,여,48세,상해없음,보행자,여,61세,경상
2018100600100528,2018년 10월 6일 18시,토요일,울산광역시 울주군 범서읍,중상사고,0,1,0,0,차대사람 - 기타,안전운전불이행,건조,맑음,교차로 - 교차로안,승용,여,49세,상해없음,보행자,여,23세,중상
2018100600100561,2018년 10월 6일 19시,토요일,울산광역시 남구 야음동,중상사고,0,1,0,0,차대사람 - 횡단중,보행자보호의무위반,건조,맑음,단일로 - 기타,승용,여,66세,상해없음,보행자,여,59세,중상
2018100700100063,2018년 10월 7일 03시,일요일,울산광역시 남구 달동,경상사고,0,0,3,0,차대차 - 추돌,안전운전불이행,건조,맑음,교차로 - 교차로부근,승용,남,21세,상해없음,승용,여,45세,경상
2018100700100083,2018년 10월 7일 05시,일요일,울산광역시 울주군 상북면,사망사고,1,0,0,0,차량단독 - 공작물충돌,안전운전불이행,건조,맑음,단일로 - 기타,승용,남,60세,사망,,,,
2018100700100154,2018년 10월 7일 09시,일요일,울산광역시 동구 방어동,경상사고,0,0,1,0,차대차 - 정면충돌,직진우회전진행방해,건조,맑음,교차로 - 교차로안,승용,여,30세,상해없음,승용,남,45세,경상
2018100700100184,2018년 10월 7일 10시,일요일,울산광역시 중구 학산동,부상신고사고,0,0,0,1,차대차 - 기타,안전운전불이행,건조,맑음,단일로 - 기타,자전거,남,60세,부상신고,승용,남,55세,상해없음
2018100700100185,2018년 10월 7일 10시,일요일,울산광역시 울주군 삼남면,경상사고,0,0,2,0,차대차 - 측면충돌,안전운전불이행,건조,맑음,교차로 - 교차로부근,화물,남,37세,상해없음,승용,여,59세,경상