사고번호,사고일시,요일,시군구,사고내용,사망자수,중상자수,경상자수,부상신고자수,사고유형,법규위반,노면상태,기상상태,도로형태,가해운전자 차종,가해운전자 성별,가해운전자 연령,가해운전자 상해정도,피해운전자 차종,피해운전자 성별,피해운전자 연령,피해운전자 상해정도
2018102600100514,2018년 10월 26일 18시,금요일,울산광역시 동구 방어동,중상사고,0,1,0,0,차대사람 - 기타,안전운전불이행,건조,흐림,교차로 - 교차로부근,승용,여,46세,상해없음,보행자,남,76세,중상
2018102600100515,2018년 10월 26일 18시,금요일,울산광역시 울주군 온산읍,경상사고,0,0,1,0,차대차 - 측면충돌,안전운전불이행,건조,맑음,단일로 - 기타,이륜,기타불명,미분류,기타불명,승용,여,57세,경상
2018102600100581,2018년 10월 26일 19시,금요일,울산광역시 남구 신정동,경상사고,0,0,1,0,차대차 - 기타,안전운전불이행,젖음/습기,맑음,교차로 - 교차로부근,승용,여,47세,상해없음,자전거,남,35세,경상
2018102600100582,2018년 10월 26일 19시,금요일,울산광역시 동구 일산동,경상사고,0,0,1,0,차대차 - 측면충돌,안전거리미확보,건조,맑음,단일로 - 기타,화물,여,38세,상해없음,이륜,남,49세,경상
2018102600100707,2018년 10월 26일 23시,금요일,울산광역시 북구 산하동,경상사고,0,0,2,0,차대차 - 기타,중앙선침범,건조,맑음,단일로 - 기타,승용,남,44세,상해없음,이륜,남,55세,상해없음
2018102700100019,2018년 10월 27일 00시,토요일,울산광역시 동구 전하동,경상사고,0,0,1,0,차대차 - 측면충돌,직진우회전진행방해,건조,맑음,교차로 - 교차로안,승용,남,47세,경상,승용,남,41세,상해없음
2018102700100079,2018년 10월 27일 04시,토요일,울산광역시 중구 다운동,경상사고,0,0,1,0,차대차 - 추돌,안전운전불이행,건조,맑음,교차로 - 교차로부근,승용,여,35세,상해없음,승용,남,25세,경상
2018102700100106,2018년 10월 27일 06시,토요일,울산광역시 남구 상개동,중상사고,0,1,1,0,차대차 - 측면충돌,신호위반,건조,맑음,교차로 - 교차로안,승용,남,48세,상해없음,승용,남,63세,중상
2018102700100159,2018년 10월 27일 08시,토요일,울산광역시 울주군 범서읍,부상신고사고,0,0,0,1,차대차 - 정면충돌,기타,건조,맑음,단일로 - 기타,승용,남,45세,기타불명,화물,남,55세,부상신고
2018102700100297,2018년 10월 27일 12시,토요일,울산광역시 남구 신정동,중상사고,0,2,1,0,차대차 - 측면충돌,안전운전불이행,건조,맑음,교차로 - 교차로부근,승용,남,72세,경상,승용,남,63세,상해없음
2018102700100421,2018년 10월 27일 15시,토요일,울산광역시 남구 야음동,중상사고,0,1,0,0,차대사람 - 기타,안전운전불이행,건조,맑음,단일로 - 기타,승용,여,24세,상해없음,보행자,여,61세,중상
2018102700100495,2018년 10월 27일 17시,토요일,울산광역시 남구 여천동,중상사고,0,1,0,0,차량단독 - 기타,안전운전불이행,건조,맑음,단일로 - 기타,원동기,남,37세,중상,,,,
2018102700100606,2018년 10월 27일 19시,토요일,울산광역시 남구 무거동,경상사고,0,0,2,0,차대차 - 기타,신호위반,건조,맑음,교차로 - 교차로부근,승용,남,62세,상해없음,승용,남,55세,경상
2018102700100637,2018년 10월 27일 20시,토요일,울산광역시 남구 삼산동,경상사고,0,0,1,0,차대사람 - 기타,안전운전불이행,건조,맑음,기타 - 기타,승용,남,60세,상해없음,보행자,여,56세,경상
2018102700100668,2018년 10월 27일 21시,토요일,울산광역시 울주군 온산읍,경상사고,0,0,2,0,차대차 - 기타,신호위반,건조,맑음,교차로 - 교차로안,승용,여,48세,경상,승합,남,49세,경상
2018102700100722,2018년 10월 27일 23시,토요일,울산광역시 중구 성남동,경상사고,0,0,1,0,차대사람 - 차도통행중,안전운전불이행,건조,맑음,교차로 - 교차로안,승용,남,23세,상해없음,보행자,여,27세,경상
2018102800100043,2018년 10월 28일 02시,일요일,울산광역시 남구 신정동,경상사고,0,0,2,0,차대차 - 추돌,안전운전불이행,건조,맑음,단일로 - 기타,승용,남,30세,상해없음,승용,남,64세,경상
2018102800100083,2018년 10월 28일 05시,일요일,울산광역시 중구 성남동,경상사고,0,0,1,0,차대사람 - 횡단중,보행자보호의무위반,건조,맑음,교차로 - 교차로안,화물,남,63세,상해없음,보행자,남,53세,경상
2018102800100150,2018년 10월 28일 09시,일요일,울산광역시 남구 신정동,중상사고,0,1,0,0,차대사람 - 차도통행중,안전운전불이행,건조,맑음,교차로 - 교차로안,승용,남,49세,상해없음,보행자,남,46세,중상
2018102800100182,2018년 10월 28일 10시,일요일,울산광역시 남구 신정동,경상사고,0,0,1,0,차대사람 - 횡단중,안전운전불이행,건조,맑음,교차로 - 교차로부근,승용,남,66세,상해없음,보행자,남,70세,경상
2018102800100287,2018년 10월 28일 14시,일요일,울산광역시 중구 남외동,부상신고사고,0,0,0,1,차량단독 - 기타,안전운전불이행,건조,맑음,단일로 - 기타,승용,남,42세,부상신고,,,,
2018102800100369,2018년 10월 28일 17시,일요일,울산광역시 남구 무거동,중상사고,0,1,0,0,차대차 - 측면충돌,신호위반,건조,맑음,교차로 - 교차로안,승합,남,45세,상해없음,이륜,남,41세,중상
2018102800100490,2018년 10월 28일 20시,일요일,울산광역시 남구 달동,중상사고,0,1,0,0,차대사람 - 횡단중,안전운전불이행,건조,맑음,단일로 - 기타,승용,남,71세,상해없음,보행자,남,86세,중상
2018102800100537,2018년 10월 28일 23시,일요일,울산광역시 남구 달동,경상사고,0,0,4,0,차대차 - 측면충돌,신호위반,건조,맑음,교차로 - 교차로안,승용,남,69세,상해없음,승용,남,61세,경상
2018102900100015,2018년 10월 29일 01시,월요일,울산광역시 남구 무거동,중상사고,0,1,0,0,차대사람 - 길가장자리구역통행중,안전운전불이행,건조,맑음,단일로 - 기타,화물,남,59세,상해없음,보행자,남,51세,중상
2018102900100062,2018년 10월 29일 06시,월요일,울산광역시 남구 여천동,중상사고,0,1,0,0,차대사람 - 기타,중앙선침범,건조,맑음,교차로 - 교차로부근,승합,남,49세,상해없음,보행자,남,59세,중상
2018102900100093,2018년 10월 29일 07시,월요일,울산광역시 북구 화봉동,부상신고사고,0,0,0,1,차대차 - 기타,신호위반,건조,맑음,교차로 - 교차로안,이륜,남,57세,부상신고,승용,여,44세,상해없음
2018102900100138,2018년 10월 29일 08시,월요일,울산광역시 남구 신정동,중상사고,0,1,0,0,차대차 - 기타,신호위반,건조,맑음,교차로 - 교차로안,승용,남,55세,상해없음,승용,여,34세,중상
2018102900100139,2018년 10월 29일 08시,월요일,울산광역시 남구 무거동,중상사고,0,1,0,0,차대사람 - 보도통행중,신호위반,건조,맑음,교차로 - 교차로안,승용,남,49세,상해없음,보행자,여,60세,중상
2018102900100185,2018년 10월 29일 09시,월요일,울산광역시 북구 명촌동,경상사고,0,0,2,0,차대차 - 추돌,안전운전불이행,건조,맑음,단일로 - 교량,승용,여,44세,상해없음,승용,남,49세,경상
2018102900100247,2018년 10월 29일 11시,월요일,울산광역시 울주군 언양읍,경상사고,0,0,5,0,차대차 - 추돌,안전거리미확보,건조,맑음,교차로 - 교차로부근,화물,남,73세,상해없음,승용,여,54세,경상
2018102900100248,2018년 10월 29일 11시,월요일,울산광역시 울주군 웅촌면,경상사고,0,0,2,0,차대차 - 측면충돌,직진우회전진행방해,건조,맑음,교차로 - 교차로안,승용,여,26세,상해없음,화물,남,46세,상해없음
2018102900100314,2018년 10월 29일 13시,월요일,울산광역시 남구 여천동,중상사고,0,2,0,0,차대차 - 추돌,안전거리미확보,건조,맑음,단일로 - 기타,승용,여,59세,중상,화물,남,60세,상해없음
2018102900100396,2018년 10월 29일 15시,월요일,울산광역시 중구 서동,경상사고,0,0,1,0,차대차 - 추돌,안전거리미확보,건조,맑음,교차로 - 교차로안,승용,남,75세,상해없음,이륜,남,23세,경상
2018102900100555,2018년 10월 29일 18시,월요일,울산광역시 중구 반구동,경상사고,0,0,1,0,차대사람 - 횡단중,신호위반,건조,맑음,단일로 - 기타,승용,남,62세,상해없음,보행자,여,44세,경상
2018102900100556,2018년 10월 29일 18시,월요일,울산광역시 남구 삼산동,중상사고,0,1,0,0,차대사람 - 횡단중,안전운전불이행,건조,맑음,교차로 - 교차로부근,승용,남,69세,상해없음,보행자,여,48세,중상
2018102900100557,2018년 10월 29일 18시,월요일,울산광역시 울주군 온산읍,부상신고사고,0,0,0,1,차대차 - 정면충돌,교차로운행방법위반,건조,맑음,단일로 - 기타,원동기,남,37세,부상신고,승용,남,62세,상해없음
2018102900100667,2018년 10월 29일 22시,월요일,울산광역시 남구 달동,경상사고,0,0,2,0,차대차 - 정면충돌,안전운전불이행,건조,맑음,교차로 - 교차로부근,승용,남,47세,상해없음,승용,여,51세,경상
2018103000100071,2018년 10월 30일 06시,화요일,울산광역시 동구 서부동,경상사고,0,0,1,0,차대차 - 측면충돌,신호위반,건조,맑음,교차로 - 교차로안,승합,남,59세,상해없음,승용,남,66세,경상
2018103000100190,2018년 10월 30일 09시,화요일,울산광역시 남구 신정동,경상사고,0,0,1,0,차대차 - 측면충돌,안전운전불이행,건조,맑음,교차로 - 교차로부근,승용,남,62세,상해없음,승용,여,55세,경상
2018103000100256,2018년 10월 30일 11시,화요일,울산광역시 울주군 삼남면,중상사고,0,1,0,0,차대차 - 추돌,안전운전불이행,건조,맑음,교차로 - 교차로안,화물,남,49세,상해없음,원동기,여,63세,중상
2018103000100323,2018년 10월 30일 13시,화요일,울산광역시 울주군 청량읍,중상사고,0,1,0,1,차대차 - 기타,안전운전불이행,건조,맑음,단일로 - 기타,승용,여,52세,상해없음,농기계,남,44세,기타불명
2018103000100359,2018년 10월 30일 14시,화요일,울산광역시 북구 중산동,중상사고,0,2,1,0,차대차 - 측면충돌,신호위반,건조,맑음,교차로 - 교차로안,승용,여,52세,중상,승용,여,53세,중상
2018103000100400,2018년 10월 30일 15시,화요일,울산광역시 북구 산하동,경상사고,0,0,1,0,차대차 - 측면충돌,안전운전불이행,건조,맑음,교차로 - 교차로안,승용,여,40세,상해없음,승합,남,32세,경상
2018103000100441,2018년 10월 30일 16시,화요일,울산광역시 남구 신정동,경상사고,0,0,1,0,차대사람 - 차도통행중,안전운전불이행,건조,맑음,교차로 - 교차로부근,승용,남,48세,상해없음,보행자,남,11세,경상
2018103000100593,2018년 10월 30일 19시,화요일,울산광역시 북구 호계동,중상사고,0,1,2,0,차대차 - 측면충돌,신호위반,건조,맑음,교차로 - 교차로안,승용,남,56세,상해없음,승용,남,62세,경상
2018103000100594,2018년 10월 30일 19시,화요일,울산광역시 중구 우정동,중상사고,0,1,0,0,차대차 - 측면충돌,안전거리미확보,건조,맑음,단일로 - 기타,승용,남,27세,상해없음,이륜,남,28세,중상
2018103000100595,2018년 10월 30일 19시,화요일,울산광역시 동구 화정동,중상사고,0,1,0,0,차대차 - 측면충돌,안전운전불이행,건조,맑음,단일로 - 기타,원동기,남,71세,중상,승용,남,70세,상해없음
2018103000100635,2018년 10월 30일 20시,화요일,울산광역시 동구 전하동,중상사고,0,1,0,0,차대차 - 측면충돌,신호위반,건조,맑음,교차로 - 교차로안,승용,남,66세,상해없음,이륜,남,31세,중상
2018103000100666,2018년 10월 30일 21시,화요일,울산광역시 남구 신정동,중상사고,0,1,0,0,차대차 - 추돌,안전거리미확보,건조,맑음,교차로 - 교차로안,승용,남,62세,상해없음,이륜,남,59세,중상
2018103000100703,2018년 10월 30일 23시,화요일,울산광역시 북구 연암동,경상사고,0,0,1,0,차대차 - 추돌,안전운전불이행,건조,맑음,단일로 - 기타,승용,여,32세,상해없음,승용,남,40세,경상
2018103100100014,2018년 10월 31일 00시,수요일,울산광역시 남구 무거동,경상사고,0,0,1,0,차대차 - 추돌,안전운전불이행,건조,맑음,교차로 - 교차로부근,승용,남,27세,상해없음,승용,여,35세,경상
2018103100100015,2018년 10월 31일 00시,수요일,울산광역시 울주군 범서읍,중상사고,0,1,1,0,차대차 - 측면충돌,직진우회전진행방해,건조,맑음,교차로 - 교차로안,승용,여,27세,경상,승용,남,54세,중상
2018103100100055,2018년 10월 31일 05시,수요일,울산광역시 북구 연암동,경상사고,0,0,1,0,차대차 - 측면충돌,안전운전불이행,건조,맑음,교차로 - 교차로안,승용,남,29세,상해없음,이륜,남,46세,경상
2018103100100138,2018년 10월 31일 08시,수요일,울산광역시 울주군 온양읍,경상사고,0,0,1,0,차대차 - 측면충돌,교차로운행방법위반,건조,맑음,교차로 - 교차로안,이륜,남,35세,경상,승용,여,38세,상해없음
2018103100100243,2018년 10월 31일 11시,수요일,울산광역시 울주군 상북면,중상사고,0,1,0,0,차대사람 - 보도통행중,보행자보호의무위반,건조,맑음,교차로 - 교차로횡단보도내,승용,남,48세,상해없음,보행자,여,80세,중상
2018103100100277,2018년 10월 31일 12시,수요일,울산광역시 동구 전하동,경상사고,0,0,1,0,차대차 - 측면충돌,신호위반,건조,맑음,교차로 - 교차로안,승용,여,37세,상해없음,화물,남,29세,경상
2018103100100369,2018년 10월 31일 15시,수요일,울산광역시 중구 우정동,경상사고,0,0,1,0,차대사람 - 길가장자리구역통행중,안전운전불이행,건조,맑음,단일로 - 기타,승용,여,45세,상해없음,보행자,여,69세,경상
2018103100100370,2018년 10월 31일 15시,수요일,울산광역시 북구 호계동,경상사고,0,0,2,1,차대차 - 기타,안전운전불이행,건조,맑음,교차로 - 교차로부근,승용,여,43세,부상신고,승용,남,52세,경상
2018103100100371,2018년 10월 31일 15시,수요일,울산광역시 동구 방어동,경상사고,0,0,1,0,차대차 - 측면충돌,직진우회전진행방해,건조,맑음,교차로 - 교차로안,승용,남,25세,상해없음,승용,여,45세,경상
2018103100100372,2018년 10월 31일 15시,수요일,울산광역시 울주군 온양읍,중상사고,0,1,0,0,차대차 - 추돌,안전운전불이행,건조,맑음,단일로 - 기타,이륜,남,78세,중상,화물,남,38세,상해없음
2018103100100419,2018년 10월 31일 16시,수요일,울산광역시 북구 호계동,중상사고,0,1,0,0,차대차 - 측면충돌,직진우회전진행방해,건조,맑음,교차로 - 교차로안,화물,여,54세,상해없음,승용,여,52세,중상
2018103100100420,2018년 10월 31일 16시,수요일,울산광역시 북구 산하동,경상사고,0,0,2,0,차대차 - 측면충돌,직진우회전진행방해,건조,맑음,교차로 - 교차로안,승용,여,37세,경상,승용,여,38세,경상
2018103100100532,2018년 10월 31일 18시,수요일,울산광역시 북구 진장동,중상사고,0,1,0,0,차대차 - 측면충돌,신호위반,건조,맑음,교차로 - 교차로안,승용,여,50세,상해없음,원동기,남,43세,중상
2018103100100533,2018년 10월 31일 18시,수요일,울산광역시 중구 우정동,중상사고,0,1,0,0,차대차 - 측면충돌,안전운전불이행,건조,맑음,교차로 - 교차로부근,화물,남,44세,상해없음,승용,여,35세,중상
2018103100100672,2018년 10월 31일 22시,수요일,울산광역시 동구 화정동,경상사고,0,0,2,0,차대차 - 정면충돌,신호위반,건조,맑음,교차로 - 교차로안,이륜,남,16세,상해없음,승용,여,23세,경상
2018110100100007,2018년 11월 1일 00시,목요일,울산광역시 중구 우정동,경상사고,0,0,1,0,차대차 - 추돌,안전운전불이행,건조,맑음,단일로 - 기타,승용,남,38세,상해없음,화물,남,44세,경상
2018110100100016,2018년 11월 1일 01시,목요일,울산광역시 남구 야음동,경상사고,0,0,1,0,차대차 - 기타,신호위반,건조,맑음,교차로 - 교차로안,기타불명,기타불명,미분류,기타불명,승용,남,46세,경상
2018110100100066,2018년 11월 1일 06시,목요일,울산광역시 남구 야음동,중상사고,0,1,0,0,차대차 - 기타,교차로운행방법위반,건조,맑음,교차로 - 교차로안,승용,남,52세,상해없음,승용,남,38세,중상
2018110100100098,2018년 11월 1일 07시,목요일,울산광역시 동구 화정동,중상사고,0,1,0,0,차대차 - 기타,신호위반,건조,맑음,교차로 - 교차로안,이륜,남,71세,상해없음,이륜,남,36세,중상
2018110100100099,2018년 11월 1일 07시,목요일,울산광역시 울주군 삼남면,경상사고,0,0,1,0,차대차 - 기타,안전거리미확보,건조,맑음,교차로 - 교차로부근,건설기계,남,60세,상해없음,건설기계,남,42세,경상
2018110100100143,2018년 11월 1일 08시,목요일,울산광역시 동구 일산동,경상사고,0,0,1,0,차대차 - 측면충돌,직진우회전진행방해,건조,맑음,교차로 - 교차로안,이륜,남,27세,상해없음,이륜,남,38세,경상
2018110100100144,2018년 11월 1일 08시,목요일,울산광역시 울주군 청량읍,경상사고,0,0,1,0,차대차 - 측면충돌,교차로운행방법위반,건조,맑음,교차로 - 교차로안,건설기계,남,68세,상해없음,승용,여,31세,경상
2018110100100308,2018년 11월 1일 13시,목요일,울산광역시 중구 반구동,중상사고,0,1,0,0,차대차 - 측면충돌,신호위반,건조,맑음,교차로 - 교차로안,승용,여,50세,상해없음,자전거,여,60세,중상
2018110100100345,2018년 11월 1일 14시,목요일,울산광역시 남구 선암동,경상사고,0,0,1,0,차대차 - 기타,차로위반,건조,맑음,단일로 - 기타,화물,남,29세,상해없음,승용,남,48세,경상
2018110100100397,2018년 11월 1일 15시,목요일,울산광역시 중구 교동,경상사고,0,0,1,0,차대차 - 추돌,안전운전불이행,건조,맑음,단일로 - 고가도로위,승용,남,27세,상해없음,승용,여,27세,상해없음
2018110100100544,2018년 11월 1일 18시,목요일,울산광역시 동구 서부동,중상사고,0,1,1,0,차대차 - 추돌,안전거리미확보,건조,맑음,교차로 - 교차로부근,승용,남,64세,상해없음,이륜,남,45세,중상
2018110100100613,2018년 11월 1일 20시,목요일,울산광역시 남구 무거동,중상사고,0,1,0,0,차대사람 - 기타,안전운전불이행,건조,맑음,기타 - 기타,승용,남,47세,상해없음,보행자,여,64세,중상
2018110100100647,2018년 11월 1일 21시,목요일,울산광역시 동구 서부동,경상사고,0,0,1,0,차대차 - 추돌,안전운전불이행,건조,맑음,교차로 - 교차로부근,승용,남,27세,상해없음,승용,남,38세,상해없음
2018110200100160,2018년 11월 2일 08시,금요일,울산광역시 중구 태화동,경상사고,0,0,1,0,차대사람 - 횡단중,안전운전불이행,건조,맑음,교차로 - 교차로안,화물,남,61세,상해없음,보행자,여,53세,경상
2018110200100169,2018년 11월 2일 09시,금요일,울산광역시 울주군 청량읍,사망사고,1,1,0,0,차대차 - 기타,안전운전불이행,건조,맑음,단일로 - 기타,화물,남,32세,중상,화물,남,47세,상해없음
2018110200100270,2018년 11월 2일 11시,금요일,울산광역시 북구 산하동,경상사고,0,0,2,0,차대차 - 측면충돌,신호위반,건조,맑음,교차로 - 교차로안,화물,남,62세,경상,승용,여,37세,경상
2018110200100271,2018년 11월 2일 11시,금요일,울산광역시 울주군 상북면,중상사고,0,2,1,0,차대차 - 추돌,안전운전불이행,건조,맑음,단일로 - 기타,승용,남,70세,상해없음,승용,남,43세,경상
2018110200100446,2018년 11월 2일 15시,금요일,울산광역시 동구 일산동,부상신고사고,0,0,0,1,차대차 - 측면충돌,안전거리미확보,건조,맑음,교차로 - 교차로부근,승용,남,65세,상해없음,승용,여,26세,부상신고
2018110200100501,2018년 11월 2일 16시,금요일,울산광역시 북구 호계동,경상사고,0,0,1,0,차대차 - 측면충돌,안전운전불이행,건조,맑음,기타 - 기타,화물,남,54세,상해없음,이륜,남,29세,경상
2018110200100556,2018년 11월 2일 17시,금요일,울산광역시 남구 신정동,사망사고,1,0,1,0,차대사람 - 기타,안전운전불이행,건조,맑음,단일로 - 기타,화물,남,47세,상해없음,보행자,여,72세,사망
2018110200100650,2018년 11월 2일 18시,금요일,울산광역시 북구 양정동,경상사고,0,0,2,0,차대차 - 측면충돌,중앙선침범,건조,맑음,교차로 - 교차로부근,승용,남,52세,경상,승용,여,29세,경상
2018110200100816,2018년 11월 2일 22시,금요일,울산광역시 남구 달동,중상사고,0,2,1,0,차대차 - 측면충돌,안전운전불이행,건조,맑음,교차로 - 교차로부근,승용,남,35세,상해없음,승용,남,44세,중상
2018110300100034,2018년 11월 3일 01시,토요일,울산광역시 북구 진장동,중상사고,0,2,0,1,차대차 - 측면충돌,신호위반,건조,맑음,교차로 - 교차로안,화물,남,46세,부상신고,승용,남,57세,중상
2018110300100063,2018년 11월 3일 04시,토요일,울산광역시 동구 일산동,경상사고,0,0,1,0,차대차 - 측면충돌,안전운전불이행,기타,맑음,교차로 - 교차로안,승용,남,43세,경상,화물,남,53세,상해없음
2018110300100097,2018년 11월 3일 06시,토요일,울산광역시 중구 서동,경상사고,0,0,1,0,차대차 - 측면충돌,신호위반,건조,맑음,교차로 - 교차로안,화물,남,47세,상해없음,승합,남,39세,경상
2018110300100130,2018년 11월 3일 08시,토요일,울산광역시 중구 학산동,경상사고,0,0,2,0,차대차 - 측면충돌,안전운전불이행,건조,맑음,교차로 - 교차로안,승용,여,54세,상해없음,승용,남,39세,경상
2018110300100162,2018년 11월 3일 09시,토요일,울산광역시 중구 성남동,부상신고사고,0,0,0,1,차량단독 - 공작물충돌,안전운전불이행,건조,맑음,단일로 - 기타,원동기,여,40세,부상신고,,,,
2018110300100163,2018년 11월 3일 09시,토요일,울산광역시 울주군 온양읍,중상사고,0,1,0,0,차대사람 - 기타,안전운전불이행,건조,맑음,단일로 - 기타,승용,여,51세,상해없음,보행자,여,62세,중상
2018110300100243,2018년 11월 3일 11시,토요일,울산광역시 중구 다운동,경상사고,0,0,1,0,차대차 - 추돌,안전거리미확보,건조,맑음,단일로 - 기타,승용,남,64세,상해없음,승용,여,54세,경상
2018110300100244,2018년 11월 3일 11시,토요일,울산광역시 남구 달동,경상사고,0,0,1,0,차대차 - 측면충돌,안전운전불이행,건조,맑음,교차로 - 교차로안,승용,남,28세,상해없음,자전거,여,25세,경상
2018110300100288,2018년 11월 3일 12시,토요일,울산광역시 중구 남외동,중상사고,0,1,0,0,차대차 - 측면충돌,직진우회전진행방해,건조,맑음,교차로 - 교차로안,승용,남,75세,상해없음,자전거,남,24세,중상
2018110300100326,2018년 11월 3일 13시,토요일,울산광역시 중구 우정동,경상사고,0,0,1,0,차대사람 - 보도통행중,안전운전불이행,건조,맑음,단일로 - 기타,자전거,남,35세,상해없음,보행자,여,48세,경상
2018110300100366,2018년 11월 3일 14시,토요일,울산광역시 남구 달동,중상사고,0,1,1,0,차대차 - 측면충돌,안전운전불이행,건조,맑음,교차로 - 교차로부근,특수,남,30세,경상,승용,남,65세,중상
2018110300100399,2018년 11월 3일 15시,토요일,울산광역시 중구 남외동,경상사고,0,0,1,0,차대사람 - 횡단중,안전운전불이행,건조,맑음,단일로 - 기타,승용,여,54세,상해없음,보행자,남,3세,경상
2018110300100400,2018년 11월 3일 15시,토요일,울산광역시 울주군 언양읍,경상사고,0,0,1,0,차대사람 - 기타,안전운전불이행,건조,맑음,단일로 - 기타,농기계,남,53세,상해없음,보행자,남,46세,경상
2018110300100401,2018년 11월 3일 15시,토요일,울산광역시 울주군 범서읍,경상사고,0,0,1,0,차대사람 - 횡단중,보행자보호의무위반,건조,맑음,교차로 - 교차로횡단보도내,승용,여,50세,상해없음,보행자,여,12세,경상
2018110300100485,2018년 11월 3일 17시,토요일,울산광역시 중구 남외동,경상사고,0,0,3,0,차대차 - 측면충돌,교차로운행방법위반,건조,맑음,교차로 - 교차로안,승용,남,34세,상해없음,승용,남,61세,경상
2018110300100486,2018년 11월 3일 17시,토요일,울산광역시 남구 무거동,경상사고,0,0,2,0,차대차 - 기타,안전운전불이행,건조,맑음,단일로 - 기타,승용,여,46세,상해없음,승용,남,68세,상해없음
2018110300100487,2018년 11월 3일 17시,토요일,울산광역시 북구 구유동,경상사고,0,0,2,0,차대차 - 정면충돌,중앙선침범,건조,맑음,단일로 - 기타,승용,여,48세,상해없음,승용,남,47세,경상
2018110300100533,2018년 11월 3일 18시,토요일,울산광역시 울주군 언양읍,경상사고,0,0,3,0,차대차 - 정면충돌,중앙선침범,건조,맑음,단일로 - 기타,승용,여,59세,상해없음,승용,남,54세,경상
2018110300100572,2018년 11월 3일 19시,토요일,울산광역시 북구 호계동,중상사고,0,1,0,0,차대차 - 기타,중앙선침범,건조,맑음,단일로 - 기타,승용,여,51세,상해없음,이륜,남,17세,중상
2018110300100573,2018년 11월 3일 19시,토요일,울산광역시 남구 신정동,중상사고,0,1,0,0,차대사람 - 기타,보행자보호의무위반,건조,맑음,교차로 - 교차로안,화물,남,67세,상해없음,보행자,여,68세,중상
2018110300100594,2018년 11월 3일 20시,토요일,울산광역시 북구 화봉동,경상사고,0,0,1,0,차대사람 - 횡단중,보행자보호의무위반,건조,맑음,교차로 - 교차로횡단보도내,승용,여,38세,상해없음,보행자,남,55세,경상
2018110300100613,2018년 11월 3일 21시,토요일,울산광역시 중구 서동,경상사고,0,0,1,0,차대차 - 측면충돌,안전거리미확보,건조,맑음,교차로 - 교차로안,승용,남,39세,상해없음,이륜,남,35세,경상
2018110300100614,2018년 11월 3일 21시,토요일,울산광역시 남구 신정동,중상사고,0,1,0,0,차대사람 - 기타,안전운전불이행,건조,맑음,교차로 - 교차로안,승용,남,52세,상해없음,보행자,남,40세,중상
2018110400100029,2018년 11월 4일 01시,일요일,울산광역시 남구 옥동,중상사고,0,1,4,0,차대차 - 추돌,안전거리미확보,건조,맑음,단일로 - 기타,승용,남,47세,상해없음,승용,남,56세,경상
2018110400100067,2018년 11월 4일 05시,일요일,울산광역시 울주군 삼남면,경상사고,0,0,1,0,차대차 - 추돌,안전거리미확보,건조,맑음,단일로 - 기타,승용,남,51세,상해없음,승용,여,68세,경상
2018110400100068,2018년 11월 4일 05시,일요일,울산광역시 울주군 웅촌면,중상사고,0,1,0,0,차대차 - 정면충돌,중앙선침범,건조,맑음,단일로 - 기타,승용,남,24세,상해없음,승용,여,49세,중상
2018110400100243,2018년 11월 4일 13시,일요일,울산광역시 남구 여천동,중상사고,0,5,1,0,차대차 - 정면충돌,신호위반,건조,맑음,교차로 - 교차로안,승용,남,53세,경상,승용,남,62세,중상
2018110400100244,2018년 11월 4일 13시,일요일,울산광역시 남구 무거동,중상사고,0,1,0,0,차대차 - 기타,안전운전불이행,건조,맑음,교차로 - 교차로안,승용,남,60세,상해없음,승용,여,45세,중상
2018110400100316,2018년 11월 4일 15시,일요일,울산광역시 울주군 상북면,경상사고,0,0,1,0,차대차 - 기타,안전운전불이행,건조,맑음,단일로 - 기타,자전거,남,53세,경상,승용,남,71세,상해없음
2018110400100428,2018년 11월 4일 18시,일요일,울산광역시 중구 옥교동,경상사고,0,0,2,0,차대차 - 기타,안전운전불이행,건조,맑음,단일로 - 기타,승용,남,60세,상해없음,승용,남,53세,경상
2018110400100462,2018년 11월 4일 19시,일요일,울산광역시 남구 무거동,경상사고,0,0,3,0,차대차 - 추돌,안전운전불이행,건조,맑음,단일로 - 교량,승용,남,64세,상해없음,승용,남,44세,경상
2018110400100487,2018년 11월 4일 20시,일요일,울산광역시 남구 상개동,경상사고,0,0,2,0,차대차 - 추돌,안전운전불이행,건조,맑음,교차로 - 교차로부근,승용,남,40세,상해없음,승용,남,47세,상해없음
2018110400100513,2018년 11월 4일 21시,일요일,울산광역시 남구 신정동,중상사고,0,1,0,0,차대사람 - 기타,기타,건조,맑음,단일로 - 기타,승용,남,62세,상해없음,보행자,남,61세,중상