사고번호,사고일시,요일,시군구,사고내용,사망자수,중상자수,경상자수,부상신고자수,사고유형,법규위반,노면상태,기상상태,도로형태,가해운전자 차종,가해운전자 성별,가해운전자 연령,가해운전자 상해정도,피해운전자 차종,피해운전자 성별,피해운전자 연령,피해운전자 상해정도
2018110500100019,2018년 11월 5일 01시,월요일,울산광역시 남구 신정동,경상사고,0,0,2,0,차대차 - 추돌,안전운전불이행,건조,맑음,교차로 - 교차로부근,승용,남,27세,상해없음,승용,남,44세,경상
2018110500100212,2018년 11월 5일 10시,월요일,울산광역시 중구 태화동,경상사고,0,0,2,0,차대차 - 기타,안전운전불이행,건조,맑음,단일로 - 기타,승용,남,69세,상해없음,승용,남,58세,경상
2018110500100213,2018년 11월 5일 10시,월요일,울산광역시 남구 신정동,경상사고,0,0,1,0,차대차 - 측면충돌,교차로운행방법위반,건조,맑음,교차로 - 교차로안,승용,남,57세,상해없음,승용,여,35세,경상
2018110500100291,2018년 11월 5일 12시,월요일,울산광역시 울주군 범서읍,중상사고,0,8,0,9,차대차 - 측면충돌,안전운전불이행,건조,맑음,교차로 - 교차로안,승용,남,59세,상해없음,승합,남,43세,중상
2018110500100443,2018년 11월 5일 16시,월요일,울산광역시 울주군 두서면,중상사고,0,1,0,0,차대차 - 추돌,안전거리미확보,건조,맑음,단일로 - 기타,특수,남,62세,상해없음,농기계,남,76세,중상
2018110500100494,2018년 11월 5일 17시,월요일,울산광역시 중구 반구동,중상사고,0,1,0,0,차대차 - 측면충돌,안전운전불이행,건조,맑음,단일로 - 기타,화물,남,43세,상해없음,자전거,남,66세,중상
2018110500100600,2018년 11월 5일 19시,월요일,울산광역시 북구 천곡동,중상사고,0,1,0,0,차대차 - 기타,안전거리미확보,건조,맑음,단일로 - 기타,승용,남,53세,상해없음,이륜,남,17세,중상
2018110500100663,2018년 11월 5일 22시,월요일,울산광역시 북구 매곡동,경상사고,0,0,3,0,차대차 - 기타,안전운전불이행,건조,맑음,교차로 - 교차로부근,승용,남,66세,상해없음,승용,남,49세,경상
2018110600100009,2018년 11월 6일 00시,화요일,울산광역시 북구 신천동,경상사고,0,0,1,0,차대차 - 추돌,안전운전불이행,건조,맑음,단일로 - 기타,승용,남,62세,상해없음,승용,남,55세,경상
2018110600100042,2018년 11월 6일 06시,화요일,울산광역시 울주군 온양읍,경상사고,0,0,1,0,차대차 - 추돌,안전운전불이행,건조,맑음,단일로 - 기타,승용,남,31세,상해없음,특수,남,47세,경상
2018110600100055,2018년 11월 6일 06시,화요일,울산광역시 남구 여천동,경상사고,0,0,3,0,차대차 - 정면충돌,신호위반,건조,맑음,교차로 - 교차로부근,승합,남,67세,경상,승용,남,52세,경상
2018110600100056,2018년 11월 6일 06시,화요일,울산광역시 울주군 범서읍,중상사고,0,1,0,0,차대사람 - 횡단중,보행자보호의무위반,건조,맑음,교차로 - 교차로안,승용,여,47세,상해없음,보행자,여,72세,중상
2018110600100124,2018년 11월 6일 08시,화요일,울산광역시 중구 다운동,부상신고사고,0,0,0,1,차대차 - 측면충돌,중앙선침범,건조,맑음,교차로 - 교차로부근,원동기,남,70세,부상신고,승용,남,39세,상해없음
2018110600100125,2018년 11월 6일 08시,화요일,울산광역시 울주군 삼남면,부상신고사고,0,0,0,1,차대사람 - 횡단중,보행자보호의무위반,건조,맑음,단일로 - 기타,승용,남,59세,상해없음,보행자,남,7세,부상신고
2018110600100254,2018년 11월 6일 12시,화요일,울산광역시 울주군 범서읍,경상사고,0,0,1,0,차대차 - 측면충돌,직진우회전진행방해,건조,맑음,교차로 - 교차로안,승용,여,62세,상해없음,승용,남,59세,경상
2018110600100376,2018년 11월 6일 16시,화요일,울산광역시 북구 명촌동,경상사고,0,0,1,0,차량단독 - 기타,안전운전불이행,건조,맑음,단일로 - 기타,승합,남,59세,상해없음,,,,
2018110600100431,2018년 11월 6일 17시,화요일,울산광역시 동구 일산동,경상사고,0,0,1,0,차대차 - 기타,안전거리미확보,건조,맑음,교차로 - 교차로부근,이륜,남,25세,경상,승용,남,80세,상해없음
2018110600100488,2018년 11월 6일 18시,화요일,울산광역시 중구 복산동,경상사고,0,0,1,0,차대차 - 측면충돌,안전운전불이행,건조,맑음,교차로 - 교차로안,화물,남,62세,상해없음,자전거,남,31세,경상
2018110600100534,2018년 11월 6일 19시,화요일,울산광역시 울주군 온양읍,경상사고,0,0,1,0,차대차 - 측면충돌,교차로운행방법위반,건조,맑음,교차로 - 교차로안,승용,남,70세,상해없음,이륜,남,47세,경상
2018110600100567,2018년 11월 6일 20시,화요일,울산광역시 중구 반구동,중상사고,0,1,0,0,차대사람 - 기타,안전운전불이행,건조,맑음,교차로 - 교차로부근,승용,남,36세,상해없음,보행자,남,67세,중상
2018110600100568,2018년 11월 6일 20시,화요일,울산광역시 북구 송정동,중상사고,0,1,1,0,차대차 - 정면충돌,중앙선침범,건조,맑음,단일로 - 기타,승용,남,44세,경상,승용,여,30세,중상
2018110600100569,2018년 11월 6일 20시,화요일,울산광역시 울주군 서생면,부상신고사고,0,0,0,1,차량단독 - 전도전복 - 전도,안전운전불이행,건조,맑음,단일로 - 기타,승용,남,31세,부상신고,미분류,미분류,미분류,미분류
2018110600100629,2018년 11월 6일 23시,화요일,울산광역시 중구 서동,경상사고,0,0,1,0,차대사람 - 횡단중,보행자보호의무위반,건조,맑음,교차로 - 교차로횡단보도내,승용,남,40세,상해없음,보행자,여,17세,경상
2018110700100012,2018년 11월 7일 00시,수요일,울산광역시 북구 양정동,경상사고,0,0,2,0,차대차 - 기타,안전거리미확보,건조,맑음,단일로 - 기타,이륜,남,24세,상해없음,승용,남,29세,경상
2018110700100013,2018년 11월 7일 00시,수요일,울산광역시 북구 양정동,경상사고,0,0,1,2,차대차 - 기타,안전운전불이행,건조,맑음,단일로 - 기타,이륜,남,25세,경상,승용,남,30세,부상신고
2018110700100027,2018년 11월 7일 01시,수요일,울산광역시 남구 달동,경상사고,0,0,2,0,차대사람 - 기타,안전운전불이행,건조,맑음,단일로 - 기타,승용,남,27세,상해없음,보행자,남,34세,경상
2018110700100110,2018년 11월 7일 07시,수요일,울산광역시 울주군 범서읍,경상사고,0,0,2,0,차대차 - 기타,안전운전불이행,건조,맑음,단일로 - 기타,승용,남,27세,상해없음,자전거,남,15세,경상
2018110700100148,2018년 11월 7일 08시,수요일,울산광역시 남구 무거동,중상사고,0,1,1,0,차대차 - 정면충돌,신호위반,건조,맑음,교차로 - 교차로안,승용,남,63세,상해없음,승용,남,33세,경상
2018110700100275,2018년 11월 7일 12시,수요일,울산광역시 남구 신정동,경상사고,0,0,1,0,차대차 - 측면충돌,기타,건조,맑음,단일로 - 기타,자전거,남,71세,경상,승용,여,61세,상해없음
2018110700100371,2018년 11월 7일 15시,수요일,울산광역시 남구 신정동,중상사고,0,1,0,0,차대사람 - 기타,보행자보호의무위반,건조,맑음,교차로 - 교차로안,승합,남,68세,상해없음,보행자,남,11세,중상
2018110700100372,2018년 11월 7일 15시,수요일,울산광역시 울주군 상북면,중상사고,0,1,2,0,차대차 - 추돌,안전운전불이행,건조,맑음,단일로 - 터널,승용,남,45세,상해없음,승용,여,65세,중상
2018110700100373,2018년 11월 7일 15시,수요일,울산광역시 울주군 범서읍,경상사고,0,0,1,0,차대사람 - 횡단중,보행자보호의무위반,건조,맑음,교차로 - 교차로안,승용,여,63세,상해없음,보행자,남,51세,경상
2018110700100404,2018년 11월 7일 16시,수요일,울산광역시 동구 일산동,경상사고,0,0,1,0,차대사람 - 기타,안전운전불이행,건조,흐림,단일로 - 기타,승용,여,54세,상해없음,보행자,남,4세,경상
2018110700100551,2018년 11월 7일 18시,수요일,울산광역시 울주군 삼남면,중상사고,0,1,0,0,차대차 - 측면충돌,직진우회전진행방해,건조,맑음,교차로 - 교차로안,승용,남,34세,상해없음,화물,남,59세,중상
2018110700100609,2018년 11월 7일 19시,수요일,울산광역시 남구 무거동,경상사고,0,0,1,0,차대사람 - 횡단중,보행자보호의무위반,건조,맑음,교차로 - 교차로부근,승용,남,53세,상해없음,보행자,남,39세,경상
2018110700100723,2018년 11월 7일 23시,수요일,울산광역시 중구 다운동,경상사고,0,0,1,0,차량단독 - 공작물충돌,안전운전불이행,건조,맑음,교차로 - 교차로부근,승용,남,24세,경상,,,,
2018110800100071,2018년 11월 8일 04시,목요일,울산광역시 중구 우정동,사망사고,1,0,0,0,차대사람 - 횡단중,안전운전불이행,젖음/습기,비,단일로 - 기타,승합,남,40세,상해없음,보행자,남,53세,사망
2018110800100083,2018년 11월 8일 05시,목요일,울산광역시 북구 연암동,경상사고,0,0,2,0,차대차 - 추돌,안전운전불이행,젖음/습기,비,교차로 - 교차로안,승용,남,40세,경상,화물,남,55세,경상
2018110800100084,2018년 11월 8일 05시,목요일,울산광역시 북구 호계동,경상사고,0,0,2,0,차대차 - 정면충돌,안전운전불이행,건조,맑음,교차로 - 교차로안,승용,여,37세,상해없음,승용,남,40세,경상
2018110800100085,2018년 11월 8일 05시,목요일,울산광역시 남구 여천동,경상사고,0,0,2,0,차대차 - 기타,신호위반,젖음/습기,비,교차로 - 교차로안,특수,남,41세,상해없음,화물,남,64세,경상
2018110800100111,2018년 11월 8일 06시,목요일,울산광역시 동구 방어동,경상사고,0,0,1,0,차대사람 - 보도통행중,보행자보호의무위반,젖음/습기,흐림,교차로 - 교차로안,화물,남,34세,상해없음,보행자,남,57세,경상
2018110800100179,2018년 11월 8일 08시,목요일,울산광역시 동구 방어동,경상사고,0,0,1,0,차대차 - 기타,안전운전불이행,젖음/습기,비,단일로 - 기타,승합,여,57세,상해없음,자전거,남,21세,경상
2018110800100207,2018년 11월 8일 09시,목요일,울산광역시 동구 전하동,중상사고,0,1,0,0,차대사람 - 기타,기타,건조,맑음,단일로 - 기타,승합,남,35세,상해없음,보행자,여,50세,중상
2018110800100278,2018년 11월 8일 11시,목요일,울산광역시 북구 신천동,경상사고,0,0,1,0,차대사람 - 횡단중,신호위반,젖음/습기,비,교차로 - 교차로횡단보도내,승용,남,61세,상해없음,보행자,여,50세,경상
2018110800100279,2018년 11월 8일 11시,목요일,울산광역시 울주군 삼동면,경상사고,0,0,1,0,차대차 - 기타,안전운전불이행,젖음/습기,비,단일로 - 교량,승용,남,52세,상해없음,승용,여,29세,경상
2018110800100315,2018년 11월 8일 12시,목요일,울산광역시 남구 삼산동,경상사고,0,0,1,0,차대차 - 측면충돌,중앙선침범,젖음/습기,비,단일로 - 기타,승용,여,56세,상해없음,승용,여,47세,경상
2018110800100369,2018년 11월 8일 14시,목요일,울산광역시 남구 용연동,경상사고,0,0,4,0,차대차 - 추돌,안전운전불이행,젖음/습기,비,교차로 - 교차로부근,화물,남,65세,상해없음,화물,남,39세,경상
2018110800100395,2018년 11월 8일 15시,목요일,울산광역시 북구 송정동,경상사고,0,0,2,0,차대차 - 기타,안전운전불이행,젖음/습기,비,단일로 - 기타,화물,남,36세,상해없음,승용,여,52세,경상
2018110800100396,2018년 11월 8일 15시,목요일,울산광역시 동구 방어동,경상사고,0,0,1,0,차대차 - 기타,안전운전불이행,젖음/습기,비,단일로 - 기타,승용,여,38세,상해없음,승용,여,38세,경상
2018110800100422,2018년 11월 8일 16시,목요일,울산광역시 울주군 청량읍,중상사고,0,3,0,0,차대차 - 추돌,안전운전불이행,젖음/습기,비,단일로 - 기타,승용,남,56세,상해없음,승용,남,54세,중상
2018110800100423,2018년 11월 8일 16시,목요일,울산광역시 울주군 범서읍,경상사고,0,0,1,0,차대사람 - 기타,안전운전불이행,젖음/습기,비,주차장 - 주차장,승용,여,38세,상해없음,보행자,남,18세,경상
2018110800100583,2018년 11월 8일 18시,목요일,울산광역시 중구 태화동,경상사고,0,0,1,0,차대차 - 측면충돌,신호위반,젖음/습기,비,교차로 - 교차로안,승용,여,37세,상해없음,이륜,남,30세,경상
2018110800100584,2018년 11월 8일 18시,목요일,울산광역시 남구 신정동,경상사고,0,0,1,0,차대사람 - 기타,안전운전불이행,젖음/습기,비,단일로 - 기타,승용,남,73세,상해없음,보행자,여,24세,경상
2018110800100666,2018년 11월 8일 19시,목요일,울산광역시 남구 무거동,경상사고,0,0,1,0,차대차 - 추돌,안전운전불이행,젖음/습기,비,단일로 - 기타,승용,남,45세,상해없음,승용,여,62세,경상
2018110800100728,2018년 11월 8일 20시,목요일,울산광역시 남구 옥동,경상사고,0,0,2,0,차대차 - 측면충돌,안전운전불이행,젖음/습기,비,교차로 - 교차로부근,승용,남,54세,상해없음,승용,여,40세,경상
2018110800100729,2018년 11월 8일 20시,목요일,울산광역시 울주군 온산읍,사망사고,1,0,0,1,차대차 - 기타,신호위반,젖음/습기,비,교차로 - 교차로안,이륜,남,39세,사망,승용,남,38세,부상신고
2018110800100829,2018년 11월 8일 22시,목요일,울산광역시 남구 달동,경상사고,0,0,1,0,차대사람 - 기타,안전운전불이행,젖음/습기,비,단일로 - 기타,승용,남,27세,상해없음,보행자,남,47세,경상
2018110900100035,2018년 11월 9일 01시,금요일,울산광역시 울주군 온산읍,경상사고,0,0,1,0,차대차 - 측면충돌,교차로운행방법위반,젖음/습기,흐림,교차로 - 교차로안,승용,여,60세,상해없음,승용,남,62세,경상
2018110900100163,2018년 11월 9일 08시,금요일,울산광역시 북구 신현동,경상사고,0,0,1,0,차대차 - 추돌,안전거리미확보,건조,맑음,단일로 - 기타,화물,남,60세,상해없음,승용,여,35세,경상
2018110900100244,2018년 11월 9일 10시,금요일,울산광역시 북구 진장동,경상사고,0,0,1,0,차대차 - 측면충돌,직진우회전진행방해,건조,맑음,교차로 - 교차로안,승합,남,56세,상해없음,승용,여,27세,경상
2018110900100451,2018년 11월 9일 16시,금요일,울산광역시 북구 염포동,중상사고,0,1,0,0,차대사람 - 차도통행중,안전운전불이행,건조,맑음,기타 - 기타,승용,여,53세,상해없음,보행자,여,11세,중상
2018110900100501,2018년 11월 9일 17시,금요일,울산광역시 중구 학산동,중상사고,0,1,1,0,차대차 - 측면충돌,안전운전불이행,건조,맑음,교차로 - 교차로안,승합,여,58세,상해없음,원동기,남,76세,중상
2018110900100570,2018년 11월 9일 18시,금요일,울산광역시 중구 서동,중상사고,0,1,0,0,차대사람 - 길가장자리구역통행중,안전운전불이행,건조,맑음,단일로 - 기타,승용,남,56세,상해없음,보행자,여,56세,중상
2018110900100628,2018년 11월 9일 19시,금요일,울산광역시 울주군 웅촌면,경상사고,0,0,4,0,차대차 - 추돌,안전운전불이행,건조,맑음,교차로 - 교차로부근,승용,여,53세,기타불명,승용,남,55세,경상
2018110900100629,2018년 11월 9일 19시,금요일,울산광역시 울주군 웅촌면,경상사고,0,0,1,0,차대차 - 기타,안전거리미확보,건조,흐림,단일로 - 기타,화물,남,59세,상해없음,승용,남,37세,경상
2018111000100019,2018년 11월 10일 00시,토요일,울산광역시 동구 서부동,중상사고,0,1,4,0,차대차 - 기타,중앙선침범,건조,맑음,단일로 - 기타,승용,남,37세,경상,승용,남,41세,중상
2018111000100147,2018년 11월 10일 08시,토요일,울산광역시 중구 학산동,경상사고,0,0,1,0,차대사람 - 횡단중,안전운전불이행,건조,맑음,단일로 - 기타,승용,남,48세,상해없음,보행자,남,69세,경상
2018111000100176,2018년 11월 10일 09시,토요일,울산광역시 남구 옥동,경상사고,0,0,1,0,차대차 - 추돌,안전거리미확보,건조,맑음,교차로 - 교차로부근,승용,남,57세,상해없음,승용,남,27세,경상
2018111000100242,2018년 11월 10일 11시,토요일,울산광역시 중구 남외동,경상사고,0,0,1,0,차대차 - 측면충돌,직진우회전진행방해,건조,맑음,교차로 - 교차로안,승용,남,72세,상해없음,이륜,남,18세,경상
2018111000100330,2018년 11월 10일 13시,토요일,울산광역시 울주군 웅촌면,경상사고,0,0,1,0,차대차 - 측면충돌,안전운전불이행,건조,맑음,교차로 - 교차로안,승용,여,46세,상해없음,승용,여,51세,경상
2018111000100593,2018년 11월 10일 19시,토요일,울산광역시 남구 달동,경상사고,0,0,2,0,차대사람 - 횡단중,보행자보호의무위반,건조,맑음,교차로 - 교차로부근,승용,남,22세,상해없음,보행자,여,34세,경상
2018111000100696,2018년 11월 10일 23시,토요일,울산광역시 중구 남외동,경상사고,0,0,1,0,차대사람 - 차도통행중,안전운전불이행,건조,맑음,단일로 - 기타,승용,남,45세,상해없음,보행자,남,33세,경상
2018111100100057,2018년 11월 11일 04시,일요일,울산광역시 중구 유곡동,중상사고,0,1,0,0,차대사람 - 횡단중,신호위반,건조,맑음,교차로 - 교차로안,승용,남,19세,상해없음,보행자,남,60세,중상
2018111100100080,2018년 11월 11일 06시,일요일,울산광역시 울주군 온산읍,경상사고,0,0,1,0,차대차 - 정면충돌,중앙선침범,건조,맑음,단일로 - 기타,승용,남,34세,기타불명,승용,남,48세,경상
2018111100100132,2018년 11월 11일 10시,일요일,울산광역시 울주군 서생면,중상사고,0,1,1,0,차대차 - 정면충돌,안전운전불이행,건조,맑음,단일로 - 기타,승용,남,63세,상해없음,승용,남,31세,중상
2018111100100256,2018년 11월 11일 15시,일요일,울산광역시 중구 장현동,중상사고,0,1,0,0,차대사람 - 횡단중,신호위반,건조,맑음,단일로 - 기타,승용,남,38세,상해없음,보행자,남,80세,중상
2018111100100281,2018년 11월 11일 16시,일요일,울산광역시 남구 야음동,중상사고,0,1,0,0,차량단독 - 기타,안전운전불이행,건조,맑음,교차로 - 교차로안,승합,남,50세,상해없음,,,,
2018111100100325,2018년 11월 11일 17시,일요일,울산광역시 동구 방어동,경상사고,0,0,1,0,차대차 - 기타,안전운전불이행,건조,흐림,교차로 - 교차로부근,승용,남,44세,상해없음,이륜,남,18세,경상
2018111100100368,2018년 11월 11일 18시,일요일,울산광역시 중구 복산동,중상사고,0,1,0,0,차대사람 - 횡단중,보행자보호의무위반,건조,맑음,교차로 - 교차로횡단보도내,승용,여,47세,상해없음,보행자,남,64세,중상
2018111100100438,2018년 11월 11일 20시,일요일,울산광역시 북구 연암동,경상사고,0,0,1,1,차대차 - 기타,직진우회전진행방해,젖음/습기,비,교차로 - 교차로안,승용,남,21세,부상신고,이륜,남,29세,경상
2018111100100453,2018년 11월 11일 21시,일요일,울산광역시 동구 화정동,경상사고,0,0,2,0,차대차 - 측면충돌,안전운전불이행,젖음/습기,비,교차로 - 교차로안,이륜,남,33세,경상,이륜,남,42세,경상
2018111100100478,2018년 11월 11일 22시,일요일,울산광역시 동구 방어동,경상사고,0,0,1,0,차대사람 - 횡단중,안전운전불이행,젖음/습기,비,교차로 - 교차로안,기타불명,기타불명,미분류,기타불명,보행자,여,54세,경상
2018111200100087,2018년 11월 12일 07시,월요일,울산광역시 남구 삼산동,경상사고,0,0,1,0,차대차 - 기타,직진우회전진행방해,건조,맑음,교차로 - 교차로안,승용,여,23세,상해없음,승용,여,56세,경상
2018111200100131,2018년 11월 12일 08시,월요일,울산광역시 남구 삼산동,경상사고,0,0,1,0,차대사람 - 횡단중,중앙선침범,건조,맑음,교차로 - 교차로부근,승용,여,41세,상해없음,보행자,여,64세,경상
2018111200100132,2018년 11월 12일 08시,월요일,울산광역시 남구 선암동,경상사고,0,0,1,0,차대차 - 기타,안전거리미확보,건조,맑음,단일로 - 기타,승용,남,55세,상해없음,승용,남,22세,경상
2018111200100163,2018년 11월 12일 09시,월요일,울산광역시 북구 어물동,경상사고,0,0,1,0,차대차 - 측면충돌,중앙선침범,건조,맑음,교차로 - 교차로안,승용,남,66세,상해없음,승용,여,64세,경상
2018111200100195,2018년 11월 12일 10시,월요일,울산광역시 남구 삼산동,경상사고,0,0,2,0,차대차 - 추돌,안전운전불이행,건조,맑음,단일로 - 기타,승용,여,32세,상해없음,승용,남,36세,경상
2018111200100436,2018년 11월 12일 17시,월요일,울산광역시 북구 화봉동,중상사고,0,1,10,0,차대차 - 추돌,안전운전불이행,건조,맑음,단일로 - 기타,승합,남,58세,상해없음,승합,남,36세,경상
2018111200100566,2018년 11월 12일 20시,월요일,울산광역시 울주군 범서읍,경상사고,0,0,2,0,차대차 - 측면충돌,신호위반,건조,맑음,교차로 - 교차로안,승용,남,55세,상해없음,승용,남,40세,경상
2018111300100038,2018년 11월 13일 04시,화요일,울산광역시 울주군 상북면,경상사고,0,0,1,1,차량단독 - 공작물충돌,안전운전불이행,건조,맑음,단일로 - 기타,승용,남,24세,상해없음,,,,
2018111300100098,2018년 11월 13일 07시,화요일,울산광역시 남구 무거동,중상사고,0,1,0,0,차대차 - 기타,안전운전불이행,건조,맑음,교차로 - 교차로부근,승합,남,45세,상해없음,화물,남,67세,상해없음
2018111300100180,2018년 11월 13일 09시,화요일,울산광역시 울주군 언양읍,중상사고,0,1,0,0,차대차 - 추돌,안전거리미확보,건조,맑음,단일로 - 기타,이륜,남,40세,중상,화물,남,69세,상해없음
2018111300100207,2018년 11월 13일 10시,화요일,울산광역시 남구 여천동,경상사고,0,0,1,0,차대차 - 추돌,안전거리미확보,건조,맑음,단일로 - 기타,화물,남,39세,상해없음,승용,여,62세,경상
2018111300100335,2018년 11월 13일 14시,화요일,울산광역시 중구 학성동,부상신고사고,0,0,0,1,차대차 - 기타,차로위반,건조,맑음,단일로 - 기타,이륜,남,65세,부상신고,승용,여,57세,상해없음
2018111300100370,2018년 11월 13일 15시,화요일,울산광역시 울주군 삼동면,부상신고사고,0,0,0,1,차대차 - 측면충돌,안전운전불이행,건조,맑음,단일로 - 기타,건설기계,남,57세,상해없음,화물,남,70세,부상신고
2018111300100410,2018년 11월 13일 16시,화요일,울산광역시 중구 남외동,경상사고,0,0,1,0,차대차 - 기타,교차로운행방법위반,건조,맑음,단일로 - 기타,건설기계,남,50세,상해없음,승합,남,60세,상해없음
2018111300100540,2018년 11월 13일 19시,화요일,울산광역시 울주군 범서읍,중상사고,0,1,0,0,차대사람 - 보도통행중,안전운전불이행,건조,맑음,단일로 - 기타,승용,남,40세,상해없음,보행자,남,30세,중상
2018111300100570,2018년 11월 13일 20시,화요일,울산광역시 중구 옥교동,부상신고사고,0,0,0,1,차대사람 - 보도통행중,보행자보호의무위반,건조,맑음,교차로 - 교차로횡단보도내,기타불명,기타불명,미분류,기타불명,보행자,남,33세,부상신고
2018111300100635,2018년 11월 13일 23시,화요일,울산광역시 남구 삼산동,경상사고,0,0,2,0,차대차 - 측면충돌,신호위반,건조,맑음,교차로 - 교차로안,승용,남,24세,상해없음,승용,남,59세,경상
2018111400100081,2018년 11월 14일 07시,수요일,울산광역시 남구 고사동,경상사고,0,0,1,0,차대차 - 추돌,중앙선침범,건조,맑음,단일로 - 기타,승용,남,35세,상해없음,이륜,남,39세,경상
2018111400100690,2018년 11월 14일 22시,수요일,울산광역시 북구 연암동,경상사고,0,0,3,0,차대차 - 추돌,안전운전불이행,건조,맑음,단일로 - 기타,승용,남,39세,상해없음,승용,남,62세,경상
2018111400100691,2018년 11월 14일 22시,수요일,울산광역시 동구 방어동,경상사고,0,0,1,0,차대차 - 측면충돌,안전운전불이행,기타,맑음,교차로 - 교차로안,승용,남,54세,상해없음,이륜,남,46세,경상
2018111500100009,2018년 11월 15일 00시,목요일,울산광역시 남구 여천동,경상사고,0,0,1,0,차대차 - 측면충돌,신호위반,건조,맑음,교차로 - 교차로안,승용,남,60세,상해없음,화물,남,70세,상해없음
2018111500100035,2018년 11월 15일 03시,목요일,울산광역시 동구 전하동,중상사고,0,1,2,0,차대차 - 정면충돌,중앙선침범,젖음/습기,흐림,단일로 - 기타,승용,남,59세,경상,승용,여,37세,경상
2018111500100041,2018년 11월 15일 04시,목요일,울산광역시 동구 서부동,중상사고,0,1,0,0,차대차 - 추돌,안전운전불이행,기타,맑음,단일로 - 기타,승용,남,59세,상해없음,이륜,남,25세,중상
2018111500100136,2018년 11월 15일 08시,목요일,울산광역시 중구 약사동,경상사고,0,0,1,0,차대사람 - 횡단중,신호위반,건조,맑음,교차로 - 교차로안,승용,여,52세,상해없음,보행자,여,72세,경상
2018111500100172,2018년 11월 15일 09시,목요일,울산광역시 동구 전하동,중상사고,0,1,0,0,차대사람 - 기타,안전운전불이행,건조,맑음,단일로 - 기타,승용,여,46세,상해없음,보행자,여,69세,중상
2018111500100319,2018년 11월 15일 14시,목요일,울산광역시 울주군 온산읍,경상사고,0,0,5,0,차대차 - 기타,중앙선침범,건조,맑음,단일로 - 기타,승용,남,54세,상해없음,승합,남,60세,경상
2018111500100350,2018년 11월 15일 15시,목요일,울산광역시 남구 야음동,경상사고,0,0,2,0,차대차 - 추돌,안전운전불이행,건조,맑음,단일로 - 기타,화물,남,66세,상해없음,승용,여,43세,경상
2018111500100386,2018년 11월 15일 16시,목요일,울산광역시 남구 야음동,경상사고,0,0,3,0,차대차 - 측면충돌,직진우회전진행방해,건조,맑음,교차로 - 교차로안,승용,여,50세,경상,승용,여,45세,경상
2018111500100501,2018년 11월 15일 18시,목요일,울산광역시 중구 유곡동,경상사고,0,0,2,0,차대차 - 추돌,안전거리미확보,건조,맑음,기타 - 기타,승용,남,45세,상해없음,승용,여,55세,경상
2018111500100502,2018년 11월 15일 18시,목요일,울산광역시 동구 전하동,중상사고,0,1,0,0,차대사람 - 횡단중,안전운전불이행,건조,흐림,교차로 - 교차로안,승용,남,55세,상해없음,보행자,여,64세,중상
2018111500100503,2018년 11월 15일 18시,목요일,울산광역시 울주군 언양읍,경상사고,0,0,2,0,차대차 - 추돌,안전거리미확보,건조,맑음,단일로 - 기타,승용,남,46세,상해없음,승용,여,70세,경상
2018111500100633,2018년 11월 15일 23시,목요일,울산광역시 북구 천곡동,경상사고,0,0,2,0,차대차 - 기타,안전운전불이행,건조,맑음,기타 - 기타,자전거,남,37세,경상,자전거,남,21세,경상
2018111600100043,2018년 11월 16일 03시,금요일,울산광역시 남구 달동,부상신고사고,0,0,0,1,차대사람 - 길가장자리구역통행중,안전운전불이행,건조,맑음,단일로 - 기타,승용,남,38세,상해없음,보행자,남,46세,부상신고
2018111600100105,2018년 11월 16일 07시,금요일,울산광역시 남구 용연동,경상사고,0,0,1,0,차대차 - 기타,중앙선침범,건조,맑음,단일로 - 기타,승용,남,42세,상해없음,승용,남,53세,경상
2018111600100106,2018년 11월 16일 07시,금요일,울산광역시 울주군 온양읍,사망사고,1,0,1,0,차대차 - 추돌,안전운전불이행,건조,맑음,단일로 - 기타,건설기계,남,60세,사망,승용,남,41세,경상
2018111600100145,2018년 11월 16일 08시,금요일,울산광역시 동구 방어동,경상사고,0,0,1,0,차대차 - 측면충돌,안전운전불이행,건조,맑음,교차로 - 교차로안,승용,여,42세,상해없음,승합,남,44세,경상
2018111600100264,2018년 11월 16일 12시,금요일,울산광역시 중구 교동,부상신고사고,0,0,0,1,차대차 - 기타,교차로운행방법위반,건조,맑음,교차로 - 교차로안,자전거,남,81세,부상신고,승합,남,30세,상해없음
2018111600100289,2018년 11월 16일 13시,금요일,울산광역시 남구 삼산동,경상사고,0,0,1,0,차대차 - 측면충돌,안전운전불이행,건조,맑음,교차로 - 교차로안,승용,남,43세,경상,승합,남,51세,상해없음